<VitisHLS:BurstInfo>
    <burst group="BURST_VERBOSE_MISSED" fe_name="UnknownUnderlyingObjectMissed" src_info="LZW/lzw_hw.cpp:17:33" msg_id="214-117" msg_severity="INFO" msg_body="Cannot find or modify the underlying object pointed by phi" ID="bb2.store.1" VarName="hash_table"/>
    <burst group="BURST_VERBOSE_MISSED" fe_name="UnknownUnderlyingObjectMissed" src_info="LZW/lzw_hw.cpp:16:13" msg_id="214-117" msg_severity="INFO" msg_body="Cannot find or modify the underlying object pointed by getelementptr" ID="bb1.load.3" VarName="hash_table"/>
    <burst group="BURST_VERBOSE_MISSED" fe_name="UnknownUnderlyingObjectMissed" src_info="LZW/lzw_hw.cpp:27:14" msg_id="214-117" msg_severity="INFO" msg_body="Cannot find or modify the underlying object pointed by getelementptr" ID="bb22.load.3" VarName="hash_table"/>
    <burst group="BURST_VERBOSE_MISSED" fe_name="UnknownUnderlyingObjectMissed" src_info="LZW/lzw_hw.cpp:27:14" msg_id="214-117" msg_severity="INFO" msg_body="Cannot find or modify the underlying object pointed by getelementptr" ID="bb12.load.3" VarName="hash_table"/>
    <burst group="BURST_VERBOSE_MISSED" fe_name="UnknownUnderlyingObjectMissed" src_info="LZW/lzw_hw.cpp:27:14" msg_id="214-117" msg_severity="INFO" msg_body="Cannot find or modify the underlying object pointed by getelementptr" ID="bb5.load.3" VarName="hash_table"/>
    <burst group="BURST_VERBOSE_MISSED" fe_name="UnknownUnderlyingObjectMissed" src_info="LZW/lzw_hw.cpp:45:30" msg_id="214-117" msg_severity="INFO" msg_body="Cannot find or modify the underlying object pointed by getelementptr" ID="bb40.store.3" VarName="hash_table"/>
    <burst group="BURST_VERBOSE_MISSED" fe_name="UnknownUnderlyingObjectMissed" src_info="LZW/lzw_hw.cpp:45:30" msg_id="214-117" msg_severity="INFO" msg_body="Cannot find or modify the underlying object pointed by getelementptr" ID="bb38.store.3" VarName="hash_table"/>
    <burst group="BURST_VERBOSE_MISSED" fe_name="UnknownUnderlyingObjectMissed" src_info="LZW/lzw_hw.cpp:45:30" msg_id="214-117" msg_severity="INFO" msg_body="Cannot find or modify the underlying object pointed by getelementptr" ID="bb36.store.3" VarName="hash_table"/>
    <burst group="BURST_VERBOSE_MISSED" fe_name="UnknownUnderlyingObjectMissed" src_info="LZW/lzw_hw.cpp:45:30" msg_id="214-117" msg_severity="INFO" msg_body="Cannot find or modify the underlying object pointed by getelementptr" ID="bb34.store.3" VarName="hash_table"/>
    <burst group="BURST_VERBOSE_MISSED" fe_name="UnknownUnderlyingObjectMissed" src_info="LZW/lzw_hw.cpp:45:30" msg_id="214-117" msg_severity="INFO" msg_body="Cannot find or modify the underlying object pointed by getelementptr" ID="bb32.store.3" VarName="hash_table"/>
    <burst group="BURST_VERBOSE_MISSED" fe_name="UnknownUnderlyingObjectMissed" src_info="LZW/lzw_hw.cpp:45:30" msg_id="214-117" msg_severity="INFO" msg_body="Cannot find or modify the underlying object pointed by getelementptr" ID="bb30.store.3" VarName="hash_table"/>
    <burst group="BURST_VERBOSE_MISSED" fe_name="UnknownUnderlyingObjectMissed" src_info="LZW/lzw_hw.cpp:45:30" msg_id="214-117" msg_severity="INFO" msg_body="Cannot find or modify the underlying object pointed by getelementptr" ID="bb28.store.3" VarName="hash_table"/>
    <burst group="BURST_VERBOSE_MISSED" fe_name="UnknownUnderlyingObjectMissed" src_info="LZW/lzw_hw.cpp:45:30" msg_id="214-117" msg_severity="INFO" msg_body="Cannot find or modify the underlying object pointed by getelementptr" ID="bb2.store.3" VarName="hash_table"/>
    <burst group="BURST_VERBOSE_MISSED" fe_name="UnknownUnderlyingObjectMissed" src_info="LZW/lzw_hw.cpp:45:30" msg_id="214-117" msg_severity="INFO" msg_body="Cannot find or modify the underlying object pointed by getelementptr" ID="bb2.store.3" VarName="hash_table"/>
    <burst group="BURST_VERBOSE_MISSED" fe_name="UnknownUnderlyingObjectMissed" src_info="LZW/lzw_hw.cpp:45:30" msg_id="214-117" msg_severity="INFO" msg_body="Cannot find or modify the underlying object pointed by getelementptr" ID="bb28.store.3" VarName="hash_table"/>
    <burst group="BURST_VERBOSE_MISSED" fe_name="UnknownUnderlyingObjectMissed" src_info="LZW/lzw_hw.cpp:45:30" msg_id="214-117" msg_severity="INFO" msg_body="Cannot find or modify the underlying object pointed by getelementptr" ID="bb30.store.3" VarName="hash_table"/>
    <burst group="BURST_VERBOSE_MISSED" fe_name="UnknownUnderlyingObjectMissed" src_info="LZW/lzw_hw.cpp:45:30" msg_id="214-117" msg_severity="INFO" msg_body="Cannot find or modify the underlying object pointed by getelementptr" ID="bb32.store.3" VarName="hash_table"/>
    <burst group="BURST_VERBOSE_MISSED" fe_name="UnknownUnderlyingObjectMissed" src_info="LZW/lzw_hw.cpp:45:30" msg_id="214-117" msg_severity="INFO" msg_body="Cannot find or modify the underlying object pointed by getelementptr" ID="bb34.store.3" VarName="hash_table"/>
    <burst group="BURST_VERBOSE_MISSED" fe_name="UnknownUnderlyingObjectMissed" src_info="LZW/lzw_hw.cpp:45:30" msg_id="214-117" msg_severity="INFO" msg_body="Cannot find or modify the underlying object pointed by getelementptr" ID="bb36.store.3" VarName="hash_table"/>
    <burst group="BURST_VERBOSE_MISSED" fe_name="UnknownUnderlyingObjectMissed" src_info="LZW/lzw_hw.cpp:45:30" msg_id="214-117" msg_severity="INFO" msg_body="Cannot find or modify the underlying object pointed by getelementptr" ID="bb38.store.3" VarName="hash_table"/>
    <burst group="BURST_VERBOSE_MISSED" fe_name="UnknownUnderlyingObjectMissed" src_info="LZW/lzw_hw.cpp:45:30" msg_id="214-117" msg_severity="INFO" msg_body="Cannot find or modify the underlying object pointed by getelementptr" ID="bb40.store.3" VarName="hash_table"/>
    <burst group="BURST_VERBOSE_PASSED" fe_name="BurstInferredPassed" src_info="LZW/lzw_hw.cpp:93:19" msg_id="214-116" msg_severity="INFO" msg_body="Sequential read of variable length has been inferred over loop 'VITIS_LOOP_93_1'" OldID="bb2.load.5" ID="input_chunk.seq" BundleName="p0" VarName="input_chunk"/>
    <burst group="BURST_VERBOSE_MISSED" fe_name="CouldNotAnalyzeBoundsPatternMissed" src_info="LZW/lzw_hw.cpp:104:20" msg_id="214-252" msg_severity="INFO" msg_body="Cannot analyze the loop bounds of 'VITIS_LOOP_104_1'" resolution="214-252"/>
    <burst group="BURST_VERBOSE_PASSED" fe_name="BurstInferredPassed" src_info="LZW/lzw_hw.cpp:197:1" msg_id="214-116" msg_severity="INFO" msg_body="Sequential write of length 4 has been inferred" OldID=".loopexit.store.5" ID="output.seq" BundleName="p1" VarName="output"/>
    <burst group="BURST_VERBOSE_MISSED" fe_name="CouldNotAnalyzeBoundsPatternMissed" src_info="LZW/lzw_hw.cpp:184:20" msg_id="214-252" msg_severity="INFO" msg_body="Cannot analyze the loop bounds of 'VITIS_LOOP_184_1'" resolution="214-252"/>
    <burst group="BURST_VERBOSE_MISSED" fe_name="BadAccessLenMissed" src_info="LZW/lzw_hw.cpp:93:19" msg_id="214-234" msg_severity="INFO" msg_body="Sequential access length is not divisible by 2" resolution="214-234" ID="input_chunk.seq" BundleName="p0" VarName="input_chunk"/>
    <burst group="BURST_VERBOSE_PASSED" fe_name="BurstWidenedPassed" src_info="LZW/lzw_hw.cpp:197:1" msg_id="214-119" msg_severity="INFO" msg_body="Burst write of 4 x 8bit words has been widened by 4: 1 x 32bit words" OldID="output.seq" ID="wseq" BundleName="p1" VarName="output"/>
    <burst group="BURST_SUMMARY" fe_name="BurstInferredSummaryPassed" src_info="LZW/lzw_hw.cpp:93:19" msg_id="214-115" msg_severity="INFO" msg_body="Multiple burst reads of variable length and bit width 8 in loop 'VITIS_LOOP_93_1' has been inferred on port 'p0'"/>
</VitisHLS:BurstInfo>

