<root versionMajor = "1" versionMinor = "5">
  <kernel name="lzw_hw_streams" language="c" vlnv="xilinx.com:hls:lzw_hw_streams:1.0" attributes="" hash="" preferredWorkGroupSizeMultiple="0" workGroupSize="1" debug="false" compileOptions="" profileType="none" hwControlProtocol="ap_ctrl_chain">
    <ports>
      <port name="M_AXI_P0" portType="addressable" mode="master" base="0x0" range="0xFFFFFFFF" dataWidth="8"/>
      <port name="M_AXI_P1" portType="addressable" mode="master" base="0x0" range="0xFFFFFFFF" dataWidth="32"/>
      <port name="S_AXI_CONTROL" portType="addressable" mode="slave" base="0x0" range="0x1000" dataWidth="32"/>
    </ports>
    <args>
    <arg id="0" name="input_chunk" addressQualifier="1" port="M_AXI_P0" hostOffset="0x0" hostSize="0x8" offset="0x10" size="0x8" type="void*"/>
    <arg id="1" name="chunkSize" addressQualifier="0" port="S_AXI_CONTROL" hostOffset="0x0" hostSize="0x4" offset="0x1C" size="0x4" type="unsigned int"/>
    <arg id="2" name="output" addressQualifier="1" port="M_AXI_P1" hostOffset="0x0" hostSize="0x8" offset="0x24" size="0x8" type="void*"/>
    </args>
    <compileWorkGroupSize x="1" y="1" z="1"/>
    <maxWorkGroupSize x="1" y="1" z="1"/>
  </kernel>
</root>
