<stg><name>lzw_hw_streams</name>


<trans_list>

<trans id="52" from="1" to="2">
<condition id="-1">
<or_exp><and_exp></and_exp></or_exp>
</condition>
</trans>

<trans id="53" from="2" to="3">
<condition id="-1">
<or_exp><and_exp></and_exp></or_exp>
</condition>
</trans>

<trans id="54" from="3" to="4">
<condition id="-1">
<or_exp><and_exp></and_exp></or_exp>
</condition>
</trans>

<trans id="55" from="4" to="5">
<condition id="-1">
<or_exp><and_exp></and_exp></or_exp>
</condition>
</trans>

<trans id="56" from="5" to="6">
<condition id="-1">
<or_exp><and_exp></and_exp></or_exp>
</condition>
</trans>

<trans id="57" from="6" to="7">
<condition id="-1">
<or_exp><and_exp></and_exp></or_exp>
</condition>
</trans>

<trans id="58" from="7" to="8">
<condition id="-1">
<or_exp><and_exp></and_exp></or_exp>
</condition>
</trans>

<trans id="59" from="8" to="9">
<condition id="-1">
<or_exp><and_exp></and_exp></or_exp>
</condition>
</trans>
</trans_list>



<state_list>

<state id="1" st_id="1">

<operation id="10" st_id="1" stage="1" lat="1">
<core>s_axilite</core>
<MemPortIdVec></MemPortIdVec>
<condition id="-1">
<or_exp><and_exp></and_exp></or_exp>
</condition>

<Node id="6" bw="64" op_0_bw="64" op_1_bw="64">
<![CDATA[
.split:0 %output_read = read i64 @_ssdm_op_Read.s_axilite.i64, i64 %output_r

]]></Node>
<StgValue><ssdm name="output_read"/></StgValue>
</operation>

<operation id="11" st_id="1" stage="1" lat="1">
<core>s_axilite</core>
<MemPortIdVec></MemPortIdVec>
<condition id="-1">
<or_exp><and_exp></and_exp></or_exp>
</condition>

<Node id="7" bw="32" op_0_bw="32" op_1_bw="32">
<![CDATA[
.split:1 %chunkSize_read = read i32 @_ssdm_op_Read.ap_none.i32, i32 %chunkSize

]]></Node>
<StgValue><ssdm name="chunkSize_read"/></StgValue>
</operation>

<operation id="12" st_id="1" stage="1" lat="1">
<core>s_axilite</core>
<MemPortIdVec></MemPortIdVec>
<condition id="-1">
<or_exp><and_exp></and_exp></or_exp>
</condition>

<Node id="8" bw="64" op_0_bw="64" op_1_bw="64">
<![CDATA[
.split:2 %input_chunk_read = read i64 @_ssdm_op_Read.s_axilite.i64, i64 %input_chunk

]]></Node>
<StgValue><ssdm name="input_chunk_read"/></StgValue>
</operation>

<operation id="13" st_id="1" stage="1" lat="1">
<core>FIFO_SRL</core>
<MemPortIdVec></MemPortIdVec>
<condition id="-1">
<or_exp><and_exp></and_exp></or_exp>
</condition>

<Node id="9" bw="64" op_0_bw="64">
<![CDATA[
.split:3 %output_c = alloca i64 1

]]></Node>
<StgValue><ssdm name="output_c"/></StgValue>
</operation>

<operation id="14" st_id="1" stage="1" lat="1">
<core>FIFO_SRL</core>
<MemPortIdVec></MemPortIdVec>
<condition id="-1">
<or_exp><and_exp></and_exp></or_exp>
</condition>

<Node id="10" bw="32" op_0_bw="64">
<![CDATA[
.split:4 %chunkSize_c = alloca i64 1

]]></Node>
<StgValue><ssdm name="chunkSize_c"/></StgValue>
</operation>

<operation id="15" st_id="1" stage="1" lat="1">
<core>FIFO</core>
<MemPortIdVec></MemPortIdVec>
<condition id="-1">
<or_exp><and_exp></and_exp></or_exp>
</condition>

<Node id="26" bw="8" op_0_bw="64">
<![CDATA[
.split:20 %instream = alloca i64 1

]]></Node>
<StgValue><ssdm name="instream"/></StgValue>
</operation>

<operation id="16" st_id="1" stage="1" lat="1">
<core>FIFO</core>
<MemPortIdVec></MemPortIdVec>
<condition id="-1">
<or_exp><and_exp></and_exp></or_exp>
</condition>

<Node id="29" bw="16" op_0_bw="64">
<![CDATA[
.split:23 %midstream = alloca i64 1

]]></Node>
<StgValue><ssdm name="midstream"/></StgValue>
</operation>

<operation id="17" st_id="1" stage="1" lat="1">
<core>FIFO</core>
<MemPortIdVec></MemPortIdVec>
<condition id="-1">
<or_exp><and_exp></and_exp></or_exp>
</condition>

<Node id="32" bw="16" op_0_bw="64">
<![CDATA[
.split:26 %outstream = alloca i64 1

]]></Node>
<StgValue><ssdm name="outstream"/></StgValue>
</operation>
</state>

<state id="2" st_id="2">

<operation id="18" st_id="2" stage="2" lat="2">
<core></core>
<MemPortIdVec></MemPortIdVec>
<condition id="-1">
<or_exp><and_exp></and_exp></or_exp>
</condition>

<Node id="39" bw="0" op_0_bw="0" op_1_bw="8" op_2_bw="8" op_3_bw="64" op_4_bw="32" op_5_bw="64" op_6_bw="32" op_7_bw="64">
<![CDATA[
.split:33 %call_ln211 = call void @lzw_hw_load5, i8 %p0, i8 %instream, i64 %input_chunk_read, i32 %chunkSize_read, i64 %output_read, i32 %chunkSize_c, i64 %output_c

]]></Node>
<StgValue><ssdm name="call_ln211"/></StgValue>
</operation>
</state>

<state id="3" st_id="3">

<operation id="19" st_id="3" stage="1" lat="2">
<core></core>
<MemPortIdVec></MemPortIdVec>
<condition id="-1">
<or_exp><and_exp></and_exp></or_exp>
</condition>

<Node id="39" bw="0" op_0_bw="0" op_1_bw="8" op_2_bw="8" op_3_bw="64" op_4_bw="32" op_5_bw="64" op_6_bw="32" op_7_bw="64">
<![CDATA[
.split:33 %call_ln211 = call void @lzw_hw_load5, i8 %p0, i8 %instream, i64 %input_chunk_read, i32 %chunkSize_read, i64 %output_read, i32 %chunkSize_c, i64 %output_c

]]></Node>
<StgValue><ssdm name="call_ln211"/></StgValue>
</operation>
</state>

<state id="4" st_id="4">

<operation id="20" st_id="4" stage="2" lat="2">
<core></core>
<MemPortIdVec></MemPortIdVec>
<condition id="-1">
<or_exp><and_exp></and_exp></or_exp>
</condition>

<Node id="40" bw="0" op_0_bw="0" op_1_bw="8" op_2_bw="16" op_3_bw="32" op_4_bw="0" op_5_bw="0">
<![CDATA[
.split:34 %call_ln212 = call void @lzw_hw_compute, i8 %instream, i16 %midstream, i32 %chunkSize_c

]]></Node>
<StgValue><ssdm name="call_ln212"/></StgValue>
</operation>
</state>

<state id="5" st_id="5">

<operation id="21" st_id="5" stage="1" lat="2">
<core></core>
<MemPortIdVec></MemPortIdVec>
<condition id="-1">
<or_exp><and_exp></and_exp></or_exp>
</condition>

<Node id="40" bw="0" op_0_bw="0" op_1_bw="8" op_2_bw="16" op_3_bw="32" op_4_bw="0" op_5_bw="0">
<![CDATA[
.split:34 %call_ln212 = call void @lzw_hw_compute, i8 %instream, i16 %midstream, i32 %chunkSize_c

]]></Node>
<StgValue><ssdm name="call_ln212"/></StgValue>
</operation>
</state>

<state id="6" st_id="6">

<operation id="22" st_id="6" stage="2" lat="2">
<core></core>
<MemPortIdVec></MemPortIdVec>
<condition id="-1">
<or_exp><and_exp></and_exp></or_exp>
</condition>

<Node id="41" bw="0" op_0_bw="0" op_1_bw="16" op_2_bw="16" op_3_bw="0" op_4_bw="0">
<![CDATA[
.split:35 %call_ln213 = call void @lzw_hw_bitpack, i16 %midstream, i16 %outstream

]]></Node>
<StgValue><ssdm name="call_ln213"/></StgValue>
</operation>
</state>

<state id="7" st_id="7">

<operation id="23" st_id="7" stage="1" lat="2">
<core></core>
<MemPortIdVec></MemPortIdVec>
<condition id="-1">
<or_exp><and_exp></and_exp></or_exp>
</condition>

<Node id="41" bw="0" op_0_bw="0" op_1_bw="16" op_2_bw="16" op_3_bw="0" op_4_bw="0">
<![CDATA[
.split:35 %call_ln213 = call void @lzw_hw_bitpack, i16 %midstream, i16 %outstream

]]></Node>
<StgValue><ssdm name="call_ln213"/></StgValue>
</operation>
</state>

<state id="8" st_id="8">

<operation id="24" st_id="8" stage="2" lat="2">
<core></core>
<MemPortIdVec></MemPortIdVec>
<condition id="-1">
<or_exp><and_exp></and_exp></or_exp>
</condition>

<Node id="42" bw="0" op_0_bw="0" op_1_bw="16" op_2_bw="32" op_3_bw="64" op_4_bw="0" op_5_bw="0">
<![CDATA[
.split:36 %call_ln214 = call void @lzw_hw_store, i16 %outstream, i32 %p1, i64 %output_c

]]></Node>
<StgValue><ssdm name="call_ln214"/></StgValue>
</operation>
</state>

<state id="9" st_id="9">

<operation id="25" st_id="9" stage="1" lat="1">
<core>NULL</core>
<MemPortIdVec></MemPortIdVec>
<condition id="-1">
<or_exp><and_exp></and_exp></or_exp>
</condition>

<Node id="11" bw="0" op_0_bw="0" op_1_bw="32" op_2_bw="32" op_3_bw="0">
<![CDATA[
.split:5 %specdataflowpipeline_ln0 = specdataflowpipeline void @_ssdm_op_SpecDataflowPipeline, i32 4294967295, i32 0, void @empty_7

]]></Node>
<StgValue><ssdm name="specdataflowpipeline_ln0"/></StgValue>
</operation>

<operation id="26" st_id="9" stage="1" lat="1">
<core>NULL</core>
<MemPortIdVec></MemPortIdVec>
<condition id="-1">
<or_exp><and_exp></and_exp></or_exp>
</condition>

<Node id="12" bw="0" op_0_bw="0" op_1_bw="0">
<![CDATA[
.split:6 %spectopmodule_ln0 = spectopmodule void @_ssdm_op_SpecTopModule, void @empty

]]></Node>
<StgValue><ssdm name="spectopmodule_ln0"/></StgValue>
</operation>

<operation id="27" st_id="9" stage="1" lat="1">
<core>NULL</core>
<MemPortIdVec></MemPortIdVec>
<condition id="-1">
<or_exp><and_exp></and_exp></or_exp>
</condition>

<Node id="13" bw="0" op_0_bw="0" op_1_bw="32" op_2_bw="0" op_3_bw="32" op_4_bw="32" op_5_bw="0" op_6_bw="32" op_7_bw="32" op_8_bw="0" op_9_bw="0" op_10_bw="0" op_11_bw="32" op_12_bw="32" op_13_bw="32" op_14_bw="32" op_15_bw="0" op_16_bw="0">
<![CDATA[
.split:7 %specinterface_ln0 = specinterface void @_ssdm_op_SpecInterface, i32 0, void @empty_20, i32 0, i32 0, void @empty_7, i32 0, i32 0, void @empty_7, void @empty_7, void @empty_7, i32 0, i32 0, i32 0, i32 0, void @empty_7, void @empty_7

]]></Node>
<StgValue><ssdm name="specinterface_ln0"/></StgValue>
</operation>

<operation id="28" st_id="9" stage="1" lat="1">
<core>NULL</core>
<MemPortIdVec></MemPortIdVec>
<condition id="-1">
<or_exp><and_exp></and_exp></or_exp>
</condition>

<Node id="14" bw="0" op_0_bw="0" op_1_bw="8" op_2_bw="0" op_3_bw="32" op_4_bw="32" op_5_bw="0" op_6_bw="32" op_7_bw="32" op_8_bw="0" op_9_bw="0" op_10_bw="0" op_11_bw="32" op_12_bw="32" op_13_bw="32" op_14_bw="32" op_15_bw="0" op_16_bw="0">
<![CDATA[
.split:8 %specinterface_ln0 = specinterface void @_ssdm_op_SpecInterface, i8 %p0, void @empty_0, i32 0, i32 0, void @empty_7, i32 64, i32 10000, void @empty_19, void @empty_8, void @empty_7, i32 16, i32 16, i32 16, i32 16, void @empty_7, void @empty_7

]]></Node>
<StgValue><ssdm name="specinterface_ln0"/></StgValue>
</operation>

<operation id="29" st_id="9" stage="1" lat="1">
<core>NULL</core>
<MemPortIdVec></MemPortIdVec>
<condition id="-1">
<or_exp><and_exp></and_exp></or_exp>
</condition>

<Node id="15" bw="0" op_0_bw="0" op_1_bw="8">
<![CDATA[
.split:9 %specbitsmap_ln0 = specbitsmap void @_ssdm_op_SpecBitsMap, i8 %p0

]]></Node>
<StgValue><ssdm name="specbitsmap_ln0"/></StgValue>
</operation>

<operation id="30" st_id="9" stage="1" lat="1">
<core>NULL</core>
<MemPortIdVec></MemPortIdVec>
<condition id="-1">
<or_exp><and_exp></and_exp></or_exp>
</condition>

<Node id="16" bw="0" op_0_bw="0" op_1_bw="32" op_2_bw="0" op_3_bw="32" op_4_bw="32" op_5_bw="0" op_6_bw="32" op_7_bw="32" op_8_bw="0" op_9_bw="0" op_10_bw="0" op_11_bw="32" op_12_bw="32" op_13_bw="32" op_14_bw="32" op_15_bw="0" op_16_bw="0">
<![CDATA[
.split:10 %specinterface_ln0 = specinterface void @_ssdm_op_SpecInterface, i32 %p1, void @empty_0, i32 0, i32 0, void @empty_7, i32 64, i32 20000, void @empty_6, void @empty_8, void @empty_7, i32 16, i32 16, i32 16, i32 16, void @empty_7, void @empty_7

]]></Node>
<StgValue><ssdm name="specinterface_ln0"/></StgValue>
</operation>

<operation id="31" st_id="9" stage="1" lat="1">
<core>NULL</core>
<MemPortIdVec></MemPortIdVec>
<condition id="-1">
<or_exp><and_exp></and_exp></or_exp>
</condition>

<Node id="17" bw="0" op_0_bw="0" op_1_bw="32">
<![CDATA[
.split:11 %specbitsmap_ln0 = specbitsmap void @_ssdm_op_SpecBitsMap, i32 %p1

]]></Node>
<StgValue><ssdm name="specbitsmap_ln0"/></StgValue>
</operation>

<operation id="32" st_id="9" stage="1" lat="1">
<core>NULL</core>
<MemPortIdVec></MemPortIdVec>
<condition id="-1">
<or_exp><and_exp></and_exp></or_exp>
</condition>

<Node id="18" bw="0" op_0_bw="0" op_1_bw="64" op_2_bw="0" op_3_bw="32" op_4_bw="32" op_5_bw="0" op_6_bw="32" op_7_bw="32" op_8_bw="0" op_9_bw="0" op_10_bw="0" op_11_bw="32" op_12_bw="32" op_13_bw="32" op_14_bw="32" op_15_bw="0" op_16_bw="0">
<![CDATA[
.split:12 %specinterface_ln0 = specinterface void @_ssdm_op_SpecInterface, i64 %input_chunk, void @empty_2, i32 0, i32 0, void @empty_7, i32 0, i32 0, void @empty_3, void @empty_9, void @empty_7, i32 0, i32 0, i32 0, i32 0, void @empty_7, void @empty_17

]]></Node>
<StgValue><ssdm name="specinterface_ln0"/></StgValue>
</operation>

<operation id="33" st_id="9" stage="1" lat="1">
<core>NULL</core>
<MemPortIdVec></MemPortIdVec>
<condition id="-1">
<or_exp><and_exp></and_exp></or_exp>
</condition>

<Node id="19" bw="0" op_0_bw="0" op_1_bw="64" op_2_bw="0" op_3_bw="32" op_4_bw="32" op_5_bw="0" op_6_bw="32" op_7_bw="32" op_8_bw="0" op_9_bw="0" op_10_bw="0" op_11_bw="32" op_12_bw="32" op_13_bw="32" op_14_bw="32" op_15_bw="0" op_16_bw="0">
<![CDATA[
.split:13 %specinterface_ln0 = specinterface void @_ssdm_op_SpecInterface, i64 %input_chunk, void @empty_16, i32 0, i32 0, void @empty_7, i32 0, i32 0, void @empty_7, void @empty_7, void @empty_7, i32 0, i32 0, i32 0, i32 0, void @empty_7, void @empty_17

]]></Node>
<StgValue><ssdm name="specinterface_ln0"/></StgValue>
</operation>

<operation id="34" st_id="9" stage="1" lat="1">
<core>NULL</core>
<MemPortIdVec></MemPortIdVec>
<condition id="-1">
<or_exp><and_exp></and_exp></or_exp>
</condition>

<Node id="20" bw="0" op_0_bw="0" op_1_bw="32">
<![CDATA[
.split:14 %specbitsmap_ln0 = specbitsmap void @_ssdm_op_SpecBitsMap, i32 %chunkSize

]]></Node>
<StgValue><ssdm name="specbitsmap_ln0"/></StgValue>
</operation>

<operation id="35" st_id="9" stage="1" lat="1">
<core>NULL</core>
<MemPortIdVec></MemPortIdVec>
<condition id="-1">
<or_exp><and_exp></and_exp></or_exp>
</condition>

<Node id="21" bw="0" op_0_bw="0" op_1_bw="32" op_2_bw="0" op_3_bw="32" op_4_bw="32" op_5_bw="0" op_6_bw="32" op_7_bw="32" op_8_bw="0" op_9_bw="0" op_10_bw="0" op_11_bw="32" op_12_bw="32" op_13_bw="32" op_14_bw="32" op_15_bw="0" op_16_bw="0">
<![CDATA[
.split:15 %specinterface_ln0 = specinterface void @_ssdm_op_SpecInterface, i32 %chunkSize, void @empty_2, i32 0, i32 0, void @empty_7, i32 0, i32 0, void @empty_3, void @empty_5, void @empty_7, i32 0, i32 0, i32 0, i32 0, void @empty_7, void @empty_7

]]></Node>
<StgValue><ssdm name="specinterface_ln0"/></StgValue>
</operation>

<operation id="36" st_id="9" stage="1" lat="1">
<core>NULL</core>
<MemPortIdVec></MemPortIdVec>
<condition id="-1">
<or_exp><and_exp></and_exp></or_exp>
</condition>

<Node id="22" bw="0" op_0_bw="0" op_1_bw="32" op_2_bw="0" op_3_bw="32" op_4_bw="32" op_5_bw="0" op_6_bw="32" op_7_bw="32" op_8_bw="0" op_9_bw="0" op_10_bw="0" op_11_bw="32" op_12_bw="32" op_13_bw="32" op_14_bw="32" op_15_bw="0" op_16_bw="0">
<![CDATA[
.split:16 %specinterface_ln0 = specinterface void @_ssdm_op_SpecInterface, i32 %chunkSize, void @empty_4, i32 0, i32 0, void @empty_7, i32 0, i32 0, void @empty_7, void @empty_7, void @empty_7, i32 0, i32 0, i32 0, i32 0, void @empty_7, void @empty_7

]]></Node>
<StgValue><ssdm name="specinterface_ln0"/></StgValue>
</operation>

<operation id="37" st_id="9" stage="1" lat="1">
<core>NULL</core>
<MemPortIdVec></MemPortIdVec>
<condition id="-1">
<or_exp><and_exp></and_exp></or_exp>
</condition>

<Node id="23" bw="0" op_0_bw="0" op_1_bw="64" op_2_bw="0" op_3_bw="32" op_4_bw="32" op_5_bw="0" op_6_bw="32" op_7_bw="32" op_8_bw="0" op_9_bw="0" op_10_bw="0" op_11_bw="32" op_12_bw="32" op_13_bw="32" op_14_bw="32" op_15_bw="0" op_16_bw="0">
<![CDATA[
.split:17 %specinterface_ln0 = specinterface void @_ssdm_op_SpecInterface, i64 %output_r, void @empty_2, i32 0, i32 0, void @empty_7, i32 0, i32 0, void @empty_3, void @empty_10, void @empty_7, i32 0, i32 0, i32 0, i32 0, void @empty_7, void @empty_17

]]></Node>
<StgValue><ssdm name="specinterface_ln0"/></StgValue>
</operation>

<operation id="38" st_id="9" stage="1" lat="1">
<core>NULL</core>
<MemPortIdVec></MemPortIdVec>
<condition id="-1">
<or_exp><and_exp></and_exp></or_exp>
</condition>

<Node id="24" bw="0" op_0_bw="0" op_1_bw="64" op_2_bw="0" op_3_bw="32" op_4_bw="32" op_5_bw="0" op_6_bw="32" op_7_bw="32" op_8_bw="0" op_9_bw="0" op_10_bw="0" op_11_bw="32" op_12_bw="32" op_13_bw="32" op_14_bw="32" op_15_bw="0" op_16_bw="0">
<![CDATA[
.split:18 %specinterface_ln0 = specinterface void @_ssdm_op_SpecInterface, i64 %output_r, void @empty_16, i32 0, i32 0, void @empty_7, i32 0, i32 0, void @empty_7, void @empty_7, void @empty_7, i32 0, i32 0, i32 0, i32 0, void @empty_7, void @empty_17

]]></Node>
<StgValue><ssdm name="specinterface_ln0"/></StgValue>
</operation>

<operation id="39" st_id="9" stage="1" lat="1">
<core>NULL</core>
<MemPortIdVec></MemPortIdVec>
<condition id="-1">
<or_exp><and_exp></and_exp></or_exp>
</condition>

<Node id="25" bw="0" op_0_bw="0" op_1_bw="32" op_2_bw="0" op_3_bw="32" op_4_bw="32" op_5_bw="0" op_6_bw="32" op_7_bw="32" op_8_bw="0" op_9_bw="0" op_10_bw="0" op_11_bw="32" op_12_bw="32" op_13_bw="32" op_14_bw="32" op_15_bw="0" op_16_bw="0">
<![CDATA[
.split:19 %specinterface_ln0 = specinterface void @_ssdm_op_SpecInterface, i32 0, void @empty_2, i32 0, i32 0, void @empty_7, i32 0, i32 0, void @empty_3, void @empty_7, void @empty_7, i32 0, i32 0, i32 0, i32 0, void @empty_7, void @empty_7

]]></Node>
<StgValue><ssdm name="specinterface_ln0"/></StgValue>
</operation>

<operation id="40" st_id="9" stage="1" lat="1">
<core>NULL</core>
<MemPortIdVec></MemPortIdVec>
<condition id="-1">
<or_exp><and_exp></and_exp></or_exp>
</condition>

<Node id="27" bw="32" op_0_bw="32" op_1_bw="0" op_2_bw="32" op_3_bw="0" op_4_bw="0" op_5_bw="32" op_6_bw="32" op_7_bw="8" op_8_bw="8">
<![CDATA[
.split:21 %empty = specchannel i32 @_ssdm_op_SpecChannel, void @instream_str, i32 1, void @p_str, void @p_str, i32 8192, i32 8192, i8 %instream, i8 %instream

]]></Node>
<StgValue><ssdm name="empty"/></StgValue>
</operation>

<operation id="41" st_id="9" stage="1" lat="1">
<core>NULL</core>
<MemPortIdVec></MemPortIdVec>
<condition id="-1">
<or_exp><and_exp></and_exp></or_exp>
</condition>

<Node id="28" bw="0" op_0_bw="0" op_1_bw="8" op_2_bw="0" op_3_bw="32" op_4_bw="32" op_5_bw="0" op_6_bw="32" op_7_bw="32" op_8_bw="0" op_9_bw="0" op_10_bw="0" op_11_bw="32" op_12_bw="32" op_13_bw="32" op_14_bw="32" op_15_bw="0" op_16_bw="0">
<![CDATA[
.split:22 %specinterface_ln0 = specinterface void @_ssdm_op_SpecInterface, i8 %instream, void @empty_18, i32 0, i32 0, void @empty_7, i32 0, i32 0, void @empty_7, void @empty_7, void @empty_7, i32 0, i32 0, i32 0, i32 0, void @empty_7, void @empty_7

]]></Node>
<StgValue><ssdm name="specinterface_ln0"/></StgValue>
</operation>

<operation id="42" st_id="9" stage="1" lat="1">
<core>NULL</core>
<MemPortIdVec></MemPortIdVec>
<condition id="-1">
<or_exp><and_exp></and_exp></or_exp>
</condition>

<Node id="30" bw="32" op_0_bw="32" op_1_bw="0" op_2_bw="32" op_3_bw="0" op_4_bw="0" op_5_bw="32" op_6_bw="32" op_7_bw="16" op_8_bw="16">
<![CDATA[
.split:24 %empty_40 = specchannel i32 @_ssdm_op_SpecChannel, void @midstream_str, i32 1, void @p_str, void @p_str, i32 8192, i32 8192, i16 %midstream, i16 %midstream

]]></Node>
<StgValue><ssdm name="empty_40"/></StgValue>
</operation>

<operation id="43" st_id="9" stage="1" lat="1">
<core>NULL</core>
<MemPortIdVec></MemPortIdVec>
<condition id="-1">
<or_exp><and_exp></and_exp></or_exp>
</condition>

<Node id="31" bw="0" op_0_bw="0" op_1_bw="16" op_2_bw="0" op_3_bw="32" op_4_bw="32" op_5_bw="0" op_6_bw="32" op_7_bw="32" op_8_bw="0" op_9_bw="0" op_10_bw="0" op_11_bw="32" op_12_bw="32" op_13_bw="32" op_14_bw="32" op_15_bw="0" op_16_bw="0">
<![CDATA[
.split:25 %specinterface_ln0 = specinterface void @_ssdm_op_SpecInterface, i16 %midstream, void @empty_18, i32 0, i32 0, void @empty_7, i32 0, i32 0, void @empty_7, void @empty_7, void @empty_7, i32 0, i32 0, i32 0, i32 0, void @empty_7, void @empty_7

]]></Node>
<StgValue><ssdm name="specinterface_ln0"/></StgValue>
</operation>

<operation id="44" st_id="9" stage="1" lat="1">
<core>NULL</core>
<MemPortIdVec></MemPortIdVec>
<condition id="-1">
<or_exp><and_exp></and_exp></or_exp>
</condition>

<Node id="33" bw="32" op_0_bw="32" op_1_bw="0" op_2_bw="32" op_3_bw="0" op_4_bw="0" op_5_bw="32" op_6_bw="32" op_7_bw="16" op_8_bw="16">
<![CDATA[
.split:27 %empty_41 = specchannel i32 @_ssdm_op_SpecChannel, void @outstream_str, i32 1, void @p_str, void @p_str, i32 13316, i32 13316, i16 %outstream, i16 %outstream

]]></Node>
<StgValue><ssdm name="empty_41"/></StgValue>
</operation>

<operation id="45" st_id="9" stage="1" lat="1">
<core>NULL</core>
<MemPortIdVec></MemPortIdVec>
<condition id="-1">
<or_exp><and_exp></and_exp></or_exp>
</condition>

<Node id="34" bw="0" op_0_bw="0" op_1_bw="16" op_2_bw="0" op_3_bw="32" op_4_bw="32" op_5_bw="0" op_6_bw="32" op_7_bw="32" op_8_bw="0" op_9_bw="0" op_10_bw="0" op_11_bw="32" op_12_bw="32" op_13_bw="32" op_14_bw="32" op_15_bw="0" op_16_bw="0">
<![CDATA[
.split:28 %specinterface_ln0 = specinterface void @_ssdm_op_SpecInterface, i16 %outstream, void @empty_18, i32 0, i32 0, void @empty_7, i32 0, i32 0, void @empty_7, void @empty_7, void @empty_7, i32 0, i32 0, i32 0, i32 0, void @empty_7, void @empty_7

]]></Node>
<StgValue><ssdm name="specinterface_ln0"/></StgValue>
</operation>

<operation id="46" st_id="9" stage="1" lat="1">
<core>NULL</core>
<MemPortIdVec></MemPortIdVec>
<condition id="-1">
<or_exp><and_exp></and_exp></or_exp>
</condition>

<Node id="35" bw="32" op_0_bw="32" op_1_bw="0" op_2_bw="32" op_3_bw="0" op_4_bw="0" op_5_bw="32" op_6_bw="32" op_7_bw="32" op_8_bw="32">
<![CDATA[
.split:29 %empty_42 = specchannel i32 @_ssdm_op_SpecChannel, void @chunkSize_c_str, i32 1, void @p_str, void @p_str, i32 2, i32 0, i32 %chunkSize_c, i32 %chunkSize_c

]]></Node>
<StgValue><ssdm name="empty_42"/></StgValue>
</operation>

<operation id="47" st_id="9" stage="1" lat="1">
<core>NULL</core>
<MemPortIdVec></MemPortIdVec>
<condition id="-1">
<or_exp><and_exp></and_exp></or_exp>
</condition>

<Node id="36" bw="0" op_0_bw="0" op_1_bw="32" op_2_bw="0" op_3_bw="32" op_4_bw="32" op_5_bw="0" op_6_bw="32" op_7_bw="32" op_8_bw="0" op_9_bw="0" op_10_bw="0" op_11_bw="32" op_12_bw="32" op_13_bw="32" op_14_bw="32" op_15_bw="0" op_16_bw="0">
<![CDATA[
.split:30 %specinterface_ln200 = specinterface void @_ssdm_op_SpecInterface, i32 %chunkSize_c, void @ap_fifo_str, i32 0, i32 0, void @p_str, i32 0, i32 0, void @p_str, void @p_str, void @p_str, i32 2, i32 2, i32 16, i32 16, void @p_str, void @p_str

]]></Node>
<StgValue><ssdm name="specinterface_ln200"/></StgValue>
</operation>

<operation id="48" st_id="9" stage="1" lat="1">
<core>NULL</core>
<MemPortIdVec></MemPortIdVec>
<condition id="-1">
<or_exp><and_exp></and_exp></or_exp>
</condition>

<Node id="37" bw="32" op_0_bw="32" op_1_bw="0" op_2_bw="32" op_3_bw="0" op_4_bw="0" op_5_bw="32" op_6_bw="32" op_7_bw="64" op_8_bw="64">
<![CDATA[
.split:31 %empty_43 = specchannel i32 @_ssdm_op_SpecChannel, void @output_c_str, i32 1, void @p_str, void @p_str, i32 4, i32 0, i64 %output_c, i64 %output_c

]]></Node>
<StgValue><ssdm name="empty_43"/></StgValue>
</operation>

<operation id="49" st_id="9" stage="1" lat="1">
<core>NULL</core>
<MemPortIdVec></MemPortIdVec>
<condition id="-1">
<or_exp><and_exp></and_exp></or_exp>
</condition>

<Node id="38" bw="0" op_0_bw="0" op_1_bw="64" op_2_bw="0" op_3_bw="32" op_4_bw="32" op_5_bw="0" op_6_bw="32" op_7_bw="32" op_8_bw="0" op_9_bw="0" op_10_bw="0" op_11_bw="32" op_12_bw="32" op_13_bw="32" op_14_bw="32" op_15_bw="0" op_16_bw="0">
<![CDATA[
.split:32 %specinterface_ln200 = specinterface void @_ssdm_op_SpecInterface, i64 %output_c, void @ap_fifo_str, i32 0, i32 0, void @p_str, i32 0, i32 0, void @p_str, void @p_str, void @p_str, i32 2, i32 2, i32 16, i32 16, void @p_str, void @p_str

]]></Node>
<StgValue><ssdm name="specinterface_ln200"/></StgValue>
</operation>

<operation id="50" st_id="9" stage="1" lat="2">
<core></core>
<MemPortIdVec></MemPortIdVec>
<condition id="-1">
<or_exp><and_exp></and_exp></or_exp>
</condition>

<Node id="42" bw="0" op_0_bw="0" op_1_bw="16" op_2_bw="32" op_3_bw="64" op_4_bw="0" op_5_bw="0">
<![CDATA[
.split:36 %call_ln214 = call void @lzw_hw_store, i16 %outstream, i32 %p1, i64 %output_c

]]></Node>
<StgValue><ssdm name="call_ln214"/></StgValue>
</operation>

<operation id="51" st_id="9" stage="1" lat="1">
<core>NULL</core>
<MemPortIdVec></MemPortIdVec>
<condition id="-1">
<or_exp><and_exp></and_exp></or_exp>
</condition>

<Node id="43" bw="0">
<![CDATA[
.split:37 %ret_ln216 = ret

]]></Node>
<StgValue><ssdm name="ret_ln216"/></StgValue>
</operation>
</state>
</state_list>


<ports>
</ports>


<dataflows>
</dataflows>


</stg>
