<profile>

<section name = "Vitis HLS Report for 'lzw_hw_streams'" level="0">
<item name = "Date">Thu Dec  1 13:12:44 2022
</item>
<item name = "Version">2020.2 (Build 3064766 on Wed Nov 18 09:12:47 MST 2020)</item>
<item name = "Project">LZW_HW_New</item>
<item name = "Solution">solution1 (Vitis Kernel Flow Target)</item>
<item name = "Product family">zynquplus</item>
<item name = "Target device">xczu3eg-sbva484-1-i</item>
</section>

<section name = "Performance Estimates" level="0">
<item name = "Timing">
<section name = "" level="1">
<item name = "Summary"><table name="" hasTotal="0">
<keys size="4">Clock, Target, Estimated, Uncertainty</keys>
<column name="ap_clk">6.67 ns, 4.867 ns, 1.80 ns</column>
</table>
</item>
</section>
</item>
<item name = "Latency">
<section name = "" level="1">
<item name = "Summary"><table name="" hasTotal="0">
<keys size="8">, min, max, min, max, min, max, Type</keys>
<column name="">?, ?, ?, ?, ?, ?, dataflow</column>
</table>
</item>
<item name = "Detail">
<section name = "" level="1">
<item name = "Instance"><table name="" hasTotal="0">
<keys size="9">Instance, Module, min, max, min, max, min, max, Type</keys>
<column name="grp_lzw_hw_compute_fu_140">lzw_hw_compute, ?, ?, ?, ?, ?, ?, none</column>
<column name="grp_lzw_hw_store_fu_147">lzw_hw_store, 141, 13452, 0.940 us, 89.684 us, 141, 13452, none</column>
<column name="grp_lzw_hw_bitpack_fu_155">lzw_hw_bitpack, 7, 16390, 46.669 ns, 0.109 ms, 7, 16390, none</column>
<column name="grp_lzw_hw_load5_fu_161">lzw_hw_load5, 2, ?, 13.334 ns, ?, 2, ?, none</column>
</table>
</item>
<item name = "Loop"><table name="" hasTotal="0">
<keys size="8">Loop Name, min, max, Latency, achieved, target, Count, Pipelined</keys>
</table>
</item>
</section>
</item>
</section>
</item>
</section>
</profile>
