<profile>

<section name = "Vitis HLS Report for 'lzw_hw_compute'" level="0">
<item name = "Date">Thu Dec  1 13:12:42 2022
</item>
<item name = "Version">2020.2 (Build 3064766 on Wed Nov 18 09:12:47 MST 2020)</item>
<item name = "Project">LZW_HW_New</item>
<item name = "Solution">solution1 (Vitis Kernel Flow Target)</item>
<item name = "Product family">zynquplus</item>
<item name = "Target device">xczu3eg-sbva484-1-i</item>
</section>

<section name = "Performance Estimates" level="0">
<item name = "Timing">
<section name = "" level="1">
<item name = "Summary"><table name="" hasTotal="0">
<keys size="4">Clock, Target, Estimated, Uncertainty</keys>
<column name="ap_clk">6.67 ns, 4.867 ns, 1.80 ns</column>
</table>
</item>
</section>
</item>
<item name = "Latency">
<section name = "" level="1">
<item name = "Summary"><table name="" hasTotal="0">
<keys size="8">, min, max, min, max, min, max, Type</keys>
<column name="">?, ?, ?, ?, ?, ?, none</column>
</table>
</item>
<item name = "Detail">
<section name = "" level="1">
<item name = "Instance"><table name="" hasTotal="0">
<keys size="9">Instance, Module, min, max, min, max, min, max, Type</keys>
<column name="grp_put_fu_1955">put, 5, 5, 33.335 ns, 33.335 ns, 6, 6, yes</column>
</table>
</item>
<item name = "Loop"><table name="" hasTotal="0">
<keys size="8">Loop Name, min, max, Latency, achieved, target, Count, Pipelined</keys>
<column name="- VITIS_LOOP_42_1">4096, 4096, 2, 2, 1, 2048, yes</column>
<column name="- VITIS_LOOP_26_1">3, 9, 2, 2, 1, 1 ~ 4, yes</column>
<column name="- VITIS_LOOP_65_4">?, ?, 11, 10, 1, ?, yes</column>
<column name="- VITIS_LOOP_26_1">3, 9, 2, 2, 1, 1 ~ 4, yes</column>
</table>
</item>
</section>
</item>
</section>
</item>
</section>
</profile>
