<stg><name>lzw_hw_bitpack</name>


<trans_list>

<trans id="146" from="1" to="2">
<condition id="-1">
<or_exp><and_exp></and_exp></or_exp>
</condition>
</trans>

<trans id="168" from="2" to="3">
<condition id="-1">
<or_exp><and_exp></and_exp></or_exp>
</condition>
</trans>

<trans id="169" from="3" to="4">
<condition id="-1">
<or_exp><and_exp></and_exp></or_exp>
</condition>
</trans>

<trans id="170" from="4" to="5">
<condition id="-1">
<or_exp><and_exp><literal name="icmp_ln169" val="1"/>
</and_exp><and_exp><literal name="icmp_ln104" val="1"/>
</and_exp></or_exp>
</condition>
</trans>

<trans id="171" from="4" to="2">
<condition id="-1">
<or_exp><and_exp><literal name="icmp_ln104" val="0"/>
<literal name="icmp_ln169" val="0"/>
</and_exp></or_exp>
</condition>
</trans>

<trans id="164" from="5" to="6">
<condition id="-1">
<or_exp><and_exp><literal name="icmp_ln174" val="0"/>
</and_exp></or_exp>
</condition>
</trans>

<trans id="165" from="5" to="7">
<condition id="-1">
<or_exp><and_exp><literal name="icmp_ln174" val="1"/>
</and_exp></or_exp>
</condition>
</trans>

<trans id="166" from="6" to="7">
<condition id="-1">
<or_exp><and_exp></and_exp></or_exp>
</condition>
</trans>
</trans_list>



<state_list>

<state id="1" st_id="1">

<operation id="8" st_id="1" stage="1" lat="1">
<core>NULL</core>
<MemPortIdVec></MemPortIdVec>
<condition id="-1">
<or_exp><and_exp></and_exp></or_exp>
</condition>

<Node id="3" bw="8" op_0_bw="32">
<![CDATA[
:0 %temp = alloca i32 1

]]></Node>
<StgValue><ssdm name="temp"/></StgValue>
</operation>

<operation id="9" st_id="1" stage="1" lat="1">
<core>NULL</core>
<MemPortIdVec></MemPortIdVec>
<condition id="-1">
<or_exp><and_exp></and_exp></or_exp>
</condition>

<Node id="4" bw="8" op_0_bw="32">
<![CDATA[
:1 %state = alloca i32 1

]]></Node>
<StgValue><ssdm name="state"/></StgValue>
</operation>

<operation id="10" st_id="1" stage="1" lat="1">
<core>NULL</core>
<MemPortIdVec></MemPortIdVec>
<condition id="-1">
<or_exp><and_exp></and_exp></or_exp>
</condition>

<Node id="5" bw="0" op_0_bw="0" op_1_bw="16" op_2_bw="0" op_3_bw="32" op_4_bw="32" op_5_bw="0" op_6_bw="32" op_7_bw="32" op_8_bw="0" op_9_bw="0" op_10_bw="0" op_11_bw="32" op_12_bw="32" op_13_bw="32" op_14_bw="32" op_15_bw="0" op_16_bw="0">
<![CDATA[
:2 %specinterface_ln0 = specinterface void @_ssdm_op_SpecInterface, i16 %outstream, void @empty_18, i32 0, i32 0, void @empty_7, i32 0, i32 0, void @empty_7, void @empty_7, void @empty_7, i32 0, i32 0, i32 0, i32 0, void @empty_7, void @empty_7

]]></Node>
<StgValue><ssdm name="specinterface_ln0"/></StgValue>
</operation>

<operation id="11" st_id="1" stage="1" lat="1">
<core>NULL</core>
<MemPortIdVec></MemPortIdVec>
<condition id="-1">
<or_exp><and_exp></and_exp></or_exp>
</condition>

<Node id="6" bw="0" op_0_bw="0" op_1_bw="16" op_2_bw="0" op_3_bw="32" op_4_bw="32" op_5_bw="0" op_6_bw="32" op_7_bw="32" op_8_bw="0" op_9_bw="0" op_10_bw="0" op_11_bw="32" op_12_bw="32" op_13_bw="32" op_14_bw="32" op_15_bw="0" op_16_bw="0">
<![CDATA[
:3 %specinterface_ln0 = specinterface void @_ssdm_op_SpecInterface, i16 %midstream, void @empty_18, i32 0, i32 0, void @empty_7, i32 0, i32 0, void @empty_7, void @empty_7, void @empty_7, i32 0, i32 0, i32 0, i32 0, void @empty_7, void @empty_7

]]></Node>
<StgValue><ssdm name="specinterface_ln0"/></StgValue>
</operation>

<operation id="12" st_id="1" stage="1" lat="1">
<core>FIFO</core>
<MemPortIdVec></MemPortIdVec>
<condition id="-1">
<or_exp><and_exp></and_exp></or_exp>
</condition>

<Node id="7" bw="16" op_0_bw="16" op_1_bw="16">
<![CDATA[
:4 %tmp = read i16 @_ssdm_op_Read.ap_fifo.volatile.i16P0A, i16 %midstream

]]></Node>
<StgValue><ssdm name="tmp"/></StgValue>
</operation>

<operation id="13" st_id="1" stage="1" lat="1">
<core>NULL</core>
<MemPortIdVec></MemPortIdVec>
<condition id="-1">
<or_exp><and_exp></and_exp></or_exp>
</condition>

<Node id="8" bw="0" op_0_bw="8" op_1_bw="8">
<![CDATA[
:5 %store_ln104 = store i8 0, i8 %state

]]></Node>
<StgValue><ssdm name="store_ln104"/></StgValue>
</operation>

<operation id="14" st_id="1" stage="1" lat="1">
<core>NULL</core>
<MemPortIdVec></MemPortIdVec>
<condition id="-1">
<or_exp><and_exp></and_exp></or_exp>
</condition>

<Node id="9" bw="0" op_0_bw="8" op_1_bw="8">
<![CDATA[
:6 %store_ln104 = store i8 0, i8 %temp

]]></Node>
<StgValue><ssdm name="store_ln104"/></StgValue>
</operation>

<operation id="15" st_id="1" stage="1" lat="1">
<core>NULL</core>
<MemPortIdVec></MemPortIdVec>
<condition id="-1">
<or_exp><and_exp></and_exp></or_exp>
</condition>

<Node id="10" bw="0" op_0_bw="0">
<![CDATA[
:7 %br_ln104 = br void

]]></Node>
<StgValue><ssdm name="br_ln104"/></StgValue>
</operation>
</state>

<state id="2" st_id="2">

<operation id="16" st_id="2" stage="1" lat="1">
<core>NULL</core>
<MemPortIdVec></MemPortIdVec>
<condition id="-1">
<or_exp><and_exp></and_exp></or_exp>
</condition>

<Node id="12" bw="14" op_0_bw="14" op_1_bw="0" op_2_bw="14" op_3_bw="0">
<![CDATA[
:0 %i = phi i14 0, void, i14 %i_3, void

]]></Node>
<StgValue><ssdm name="i"/></StgValue>
</operation>

<operation id="17" st_id="2" stage="1" lat="1">
<core>NULL</core>
<MemPortIdVec></MemPortIdVec>
<condition id="-1">
<or_exp><and_exp></and_exp></or_exp>
</condition>

<Node id="13" bw="16" op_0_bw="16" op_1_bw="0" op_2_bw="16" op_3_bw="0">
<![CDATA[
:1 %phi_ln155 = phi i16 %tmp, void, i16 %tmp_35, void

]]></Node>
<StgValue><ssdm name="phi_ln155"/></StgValue>
</operation>

<operation id="18" st_id="2" stage="1" lat="1">
<core>NULL</core>
<MemPortIdVec></MemPortIdVec>
<condition id="-1">
<or_exp><and_exp></and_exp></or_exp>
</condition>

<Node id="14" bw="8" op_0_bw="8" op_1_bw="0">
<![CDATA[
:2 %temp_1 = load i8 %temp

]]></Node>
<StgValue><ssdm name="temp_1"/></StgValue>
</operation>

<operation id="19" st_id="2" stage="1" lat="1">
<core>NULL</core>
<MemPortIdVec></MemPortIdVec>
<condition id="-1">
<or_exp><and_exp></and_exp></or_exp>
</condition>

<Node id="15" bw="8" op_0_bw="8" op_1_bw="0">
<![CDATA[
:3 %state_1 = load i8 %state

]]></Node>
<StgValue><ssdm name="state_1"/></StgValue>
</operation>

<operation id="20" st_id="2" stage="1" lat="1">
<core>Cmp</core>
<MemPortIdVec></MemPortIdVec>
<condition id="-1">
<or_exp><and_exp></and_exp></or_exp>
</condition>

<Node id="16" bw="1" op_0_bw="14" op_1_bw="14">
<![CDATA[
:4 %icmp_ln104 = icmp_eq  i14 %i, i14 8192

]]></Node>
<StgValue><ssdm name="icmp_ln104"/></StgValue>
</operation>

<operation id="21" st_id="2" stage="1" lat="1">
<core>NULL</core>
<MemPortIdVec></MemPortIdVec>
<condition id="-1">
<or_exp><and_exp></and_exp></or_exp>
</condition>

<Node id="17" bw="32" op_0_bw="32" op_1_bw="64" op_2_bw="64" op_3_bw="64">
<![CDATA[
:5 %empty = speclooptripcount i32 @_ssdm_op_SpecLoopTripCount, i64 1, i64 8192, i64 4096

]]></Node>
<StgValue><ssdm name="empty"/></StgValue>
</operation>

<operation id="22" st_id="2" stage="1" lat="1">
<core>Adder</core>
<MemPortIdVec></MemPortIdVec>
<condition id="-1">
<or_exp><and_exp></and_exp></or_exp>
</condition>

<Node id="18" bw="14" op_0_bw="14" op_1_bw="14">
<![CDATA[
:6 %i_3 = add i14 %i, i14 1

]]></Node>
<StgValue><ssdm name="i_3"/></StgValue>
</operation>

<operation id="23" st_id="2" stage="1" lat="1">
<core>NULL</core>
<MemPortIdVec></MemPortIdVec>
<condition id="-1">
<or_exp><and_exp></and_exp></or_exp>
</condition>

<Node id="19" bw="0" op_0_bw="1" op_1_bw="0" op_2_bw="0">
<![CDATA[
:7 %br_ln104 = br i1 %icmp_ln104, void %.split, void %.loopexit

]]></Node>
<StgValue><ssdm name="br_ln104"/></StgValue>
</operation>

<operation id="24" st_id="2" stage="1" lat="1">
<core>NULL</core>
<MemPortIdVec></MemPortIdVec>
<condition id="-1">
<or_exp><and_exp><literal name="icmp_ln104" val="0"/>
</and_exp></or_exp>
</condition>

<Node id="21" bw="0" op_0_bw="0" op_1_bw="32" op_2_bw="32" op_3_bw="32" op_4_bw="32" op_5_bw="0">
<![CDATA[
.split:0 %specpipeline_ln101 = specpipeline void @_ssdm_op_SpecPipeline, i32 4294967295, i32 0, i32 0, i32 0, void @empty_7

]]></Node>
<StgValue><ssdm name="specpipeline_ln101"/></StgValue>
</operation>

<operation id="25" st_id="2" stage="1" lat="1">
<core>NULL</core>
<MemPortIdVec></MemPortIdVec>
<condition id="-1">
<or_exp><and_exp><literal name="icmp_ln104" val="0"/>
</and_exp></or_exp>
</condition>

<Node id="22" bw="0" op_0_bw="0" op_1_bw="0">
<![CDATA[
.split:1 %specloopname_ln101 = specloopname void @_ssdm_op_SpecLoopName, void @empty_12

]]></Node>
<StgValue><ssdm name="specloopname_ln101"/></StgValue>
</operation>

<operation id="26" st_id="2" stage="1" lat="1">
<core>NULL</core>
<MemPortIdVec></MemPortIdVec>
<condition id="-1">
<or_exp><and_exp><literal name="icmp_ln104" val="0"/>
</and_exp></or_exp>
</condition>

<Node id="23" bw="0" op_0_bw="8" op_1_bw="0" op_2_bw="8" op_3_bw="0" op_4_bw="8" op_5_bw="0" op_6_bw="8" op_7_bw="0" op_8_bw="8" op_9_bw="0" op_10_bw="8" op_11_bw="0" op_12_bw="8" op_13_bw="0" op_14_bw="8" op_15_bw="0" op_16_bw="8" op_17_bw="0">
<![CDATA[
.split:2 %switch_ln107 = switch i8 %state_1, void %.split._crit_edge, i8 0, void, i8 1, void, i8 2, void, i8 3, void, i8 4, void, i8 5, void, i8 6, void, i8 7, void

]]></Node>
<StgValue><ssdm name="switch_ln107"/></StgValue>
</operation>

<operation id="27" st_id="2" stage="1" lat="1">
<core>NULL</core>
<MemPortIdVec></MemPortIdVec>
<condition id="-1">
<or_exp><and_exp><literal name="icmp_ln104" val="0"/>
<literal name="state_1" val="7"/>
</and_exp></or_exp>
</condition>

<Node id="35" bw="0" op_0_bw="8" op_1_bw="8" op_2_bw="0" op_3_bw="0">
<![CDATA[
:10 %store_ln166 = store i8 0, i8 %state

]]></Node>
<StgValue><ssdm name="store_ln166"/></StgValue>
</operation>

<operation id="28" st_id="2" stage="1" lat="1">
<core>NULL</core>
<MemPortIdVec></MemPortIdVec>
<condition id="-1">
<or_exp><and_exp><literal name="icmp_ln104" val="0"/>
<literal name="state_1" val="7"/>
</and_exp></or_exp>
</condition>

<Node id="36" bw="0" op_0_bw="0">
<![CDATA[
:11 %br_ln166 = br void %.split._crit_edge

]]></Node>
<StgValue><ssdm name="br_ln166"/></StgValue>
</operation>

<operation id="29" st_id="2" stage="1" lat="1">
<core>NULL</core>
<MemPortIdVec></MemPortIdVec>
<condition id="-1">
<or_exp><and_exp><literal name="icmp_ln104" val="0"/>
<literal name="state_1" val="6"/>
</and_exp></or_exp>
</condition>

<Node id="48" bw="3" op_0_bw="16">
<![CDATA[
:10 %trunc_ln158 = trunc i16 %phi_ln155

]]></Node>
<StgValue><ssdm name="trunc_ln158"/></StgValue>
</operation>

<operation id="30" st_id="2" stage="1" lat="1">
<core>NULL</core>
<MemPortIdVec></MemPortIdVec>
<condition id="-1">
<or_exp><and_exp><literal name="icmp_ln104" val="0"/>
<literal name="state_1" val="6"/>
</and_exp></or_exp>
</condition>

<Node id="49" bw="8" op_0_bw="8" op_1_bw="3" op_2_bw="5">
<![CDATA[
:11 %temp_8 = bitconcatenate i8 @_ssdm_op_BitConcatenate.i8.i3.i5, i3 %trunc_ln158, i5 0

]]></Node>
<StgValue><ssdm name="temp_8"/></StgValue>
</operation>

<operation id="31" st_id="2" stage="1" lat="1">
<core>NULL</core>
<MemPortIdVec></MemPortIdVec>
<condition id="-1">
<or_exp><and_exp><literal name="icmp_ln104" val="0"/>
<literal name="state_1" val="6"/>
</and_exp></or_exp>
</condition>

<Node id="50" bw="0" op_0_bw="8" op_1_bw="8" op_2_bw="0" op_3_bw="0">
<![CDATA[
:12 %store_ln160 = store i8 7, i8 %state

]]></Node>
<StgValue><ssdm name="store_ln160"/></StgValue>
</operation>

<operation id="32" st_id="2" stage="1" lat="1">
<core>NULL</core>
<MemPortIdVec></MemPortIdVec>
<condition id="-1">
<or_exp><and_exp><literal name="icmp_ln104" val="0"/>
<literal name="state_1" val="6"/>
</and_exp></or_exp>
</condition>

<Node id="51" bw="0" op_0_bw="8" op_1_bw="8" op_2_bw="0" op_3_bw="0">
<![CDATA[
:13 %store_ln160 = store i8 %temp_8, i8 %temp

]]></Node>
<StgValue><ssdm name="store_ln160"/></StgValue>
</operation>

<operation id="33" st_id="2" stage="1" lat="1">
<core>NULL</core>
<MemPortIdVec></MemPortIdVec>
<condition id="-1">
<or_exp><and_exp><literal name="icmp_ln104" val="0"/>
<literal name="state_1" val="6"/>
</and_exp></or_exp>
</condition>

<Node id="52" bw="0" op_0_bw="0">
<![CDATA[
:14 %br_ln160 = br void %.split._crit_edge

]]></Node>
<StgValue><ssdm name="br_ln160"/></StgValue>
</operation>

<operation id="34" st_id="2" stage="1" lat="1">
<core>NULL</core>
<MemPortIdVec></MemPortIdVec>
<condition id="-1">
<or_exp><and_exp><literal name="icmp_ln104" val="0"/>
<literal name="state_1" val="5"/>
</and_exp></or_exp>
</condition>

<Node id="61" bw="6" op_0_bw="16">
<![CDATA[
:7 %trunc_ln150 = trunc i16 %phi_ln155

]]></Node>
<StgValue><ssdm name="trunc_ln150"/></StgValue>
</operation>

<operation id="35" st_id="2" stage="1" lat="1">
<core>NULL</core>
<MemPortIdVec></MemPortIdVec>
<condition id="-1">
<or_exp><and_exp><literal name="icmp_ln104" val="0"/>
<literal name="state_1" val="5"/>
</and_exp></or_exp>
</condition>

<Node id="62" bw="8" op_0_bw="8" op_1_bw="6" op_2_bw="2">
<![CDATA[
:8 %temp_7 = bitconcatenate i8 @_ssdm_op_BitConcatenate.i8.i6.i2, i6 %trunc_ln150, i2 0

]]></Node>
<StgValue><ssdm name="temp_7"/></StgValue>
</operation>

<operation id="36" st_id="2" stage="1" lat="1">
<core>NULL</core>
<MemPortIdVec></MemPortIdVec>
<condition id="-1">
<or_exp><and_exp><literal name="icmp_ln104" val="0"/>
<literal name="state_1" val="5"/>
</and_exp></or_exp>
</condition>

<Node id="63" bw="0" op_0_bw="8" op_1_bw="8" op_2_bw="0" op_3_bw="0">
<![CDATA[
:9 %store_ln152 = store i8 6, i8 %state

]]></Node>
<StgValue><ssdm name="store_ln152"/></StgValue>
</operation>

<operation id="37" st_id="2" stage="1" lat="1">
<core>NULL</core>
<MemPortIdVec></MemPortIdVec>
<condition id="-1">
<or_exp><and_exp><literal name="icmp_ln104" val="0"/>
<literal name="state_1" val="5"/>
</and_exp></or_exp>
</condition>

<Node id="64" bw="0" op_0_bw="8" op_1_bw="8" op_2_bw="0" op_3_bw="0">
<![CDATA[
:10 %store_ln152 = store i8 %temp_7, i8 %temp

]]></Node>
<StgValue><ssdm name="store_ln152"/></StgValue>
</operation>

<operation id="38" st_id="2" stage="1" lat="1">
<core>NULL</core>
<MemPortIdVec></MemPortIdVec>
<condition id="-1">
<or_exp><and_exp><literal name="icmp_ln104" val="0"/>
<literal name="state_1" val="5"/>
</and_exp></or_exp>
</condition>

<Node id="65" bw="0" op_0_bw="0">
<![CDATA[
:11 %br_ln152 = br void %.split._crit_edge

]]></Node>
<StgValue><ssdm name="br_ln152"/></StgValue>
</operation>

<operation id="39" st_id="2" stage="1" lat="1">
<core>NULL</core>
<MemPortIdVec></MemPortIdVec>
<condition id="-1">
<or_exp><and_exp><literal name="icmp_ln104" val="0"/>
<literal name="state_1" val="4"/>
</and_exp></or_exp>
</condition>

<Node id="77" bw="1" op_0_bw="16">
<![CDATA[
:10 %trunc_ln143 = trunc i16 %phi_ln155

]]></Node>
<StgValue><ssdm name="trunc_ln143"/></StgValue>
</operation>

<operation id="40" st_id="2" stage="1" lat="1">
<core>NULL</core>
<MemPortIdVec></MemPortIdVec>
<condition id="-1">
<or_exp><and_exp><literal name="icmp_ln104" val="0"/>
<literal name="state_1" val="4"/>
</and_exp></or_exp>
</condition>

<Node id="78" bw="8" op_0_bw="8" op_1_bw="1" op_2_bw="7">
<![CDATA[
:11 %temp_6 = bitconcatenate i8 @_ssdm_op_BitConcatenate.i8.i1.i7, i1 %trunc_ln143, i7 0

]]></Node>
<StgValue><ssdm name="temp_6"/></StgValue>
</operation>

<operation id="41" st_id="2" stage="1" lat="1">
<core>NULL</core>
<MemPortIdVec></MemPortIdVec>
<condition id="-1">
<or_exp><and_exp><literal name="icmp_ln104" val="0"/>
<literal name="state_1" val="4"/>
</and_exp></or_exp>
</condition>

<Node id="79" bw="0" op_0_bw="8" op_1_bw="8" op_2_bw="0" op_3_bw="0">
<![CDATA[
:12 %store_ln145 = store i8 5, i8 %state

]]></Node>
<StgValue><ssdm name="store_ln145"/></StgValue>
</operation>

<operation id="42" st_id="2" stage="1" lat="1">
<core>NULL</core>
<MemPortIdVec></MemPortIdVec>
<condition id="-1">
<or_exp><and_exp><literal name="icmp_ln104" val="0"/>
<literal name="state_1" val="4"/>
</and_exp></or_exp>
</condition>

<Node id="80" bw="0" op_0_bw="8" op_1_bw="8" op_2_bw="0" op_3_bw="0">
<![CDATA[
:13 %store_ln145 = store i8 %temp_6, i8 %temp

]]></Node>
<StgValue><ssdm name="store_ln145"/></StgValue>
</operation>

<operation id="43" st_id="2" stage="1" lat="1">
<core>NULL</core>
<MemPortIdVec></MemPortIdVec>
<condition id="-1">
<or_exp><and_exp><literal name="icmp_ln104" val="0"/>
<literal name="state_1" val="4"/>
</and_exp></or_exp>
</condition>

<Node id="81" bw="0" op_0_bw="0">
<![CDATA[
:14 %br_ln145 = br void %.split._crit_edge

]]></Node>
<StgValue><ssdm name="br_ln145"/></StgValue>
</operation>

<operation id="44" st_id="2" stage="1" lat="1">
<core>NULL</core>
<MemPortIdVec></MemPortIdVec>
<condition id="-1">
<or_exp><and_exp><literal name="icmp_ln104" val="0"/>
<literal name="state_1" val="3"/>
</and_exp></or_exp>
</condition>

<Node id="93" bw="4" op_0_bw="16">
<![CDATA[
:10 %trunc_ln135 = trunc i16 %phi_ln155

]]></Node>
<StgValue><ssdm name="trunc_ln135"/></StgValue>
</operation>

<operation id="45" st_id="2" stage="1" lat="1">
<core>NULL</core>
<MemPortIdVec></MemPortIdVec>
<condition id="-1">
<or_exp><and_exp><literal name="icmp_ln104" val="0"/>
<literal name="state_1" val="3"/>
</and_exp></or_exp>
</condition>

<Node id="94" bw="8" op_0_bw="8" op_1_bw="4" op_2_bw="4">
<![CDATA[
:11 %temp_5 = bitconcatenate i8 @_ssdm_op_BitConcatenate.i8.i4.i4, i4 %trunc_ln135, i4 0

]]></Node>
<StgValue><ssdm name="temp_5"/></StgValue>
</operation>

<operation id="46" st_id="2" stage="1" lat="1">
<core>NULL</core>
<MemPortIdVec></MemPortIdVec>
<condition id="-1">
<or_exp><and_exp><literal name="icmp_ln104" val="0"/>
<literal name="state_1" val="3"/>
</and_exp></or_exp>
</condition>

<Node id="95" bw="0" op_0_bw="8" op_1_bw="8" op_2_bw="0" op_3_bw="0">
<![CDATA[
:12 %store_ln137 = store i8 4, i8 %state

]]></Node>
<StgValue><ssdm name="store_ln137"/></StgValue>
</operation>

<operation id="47" st_id="2" stage="1" lat="1">
<core>NULL</core>
<MemPortIdVec></MemPortIdVec>
<condition id="-1">
<or_exp><and_exp><literal name="icmp_ln104" val="0"/>
<literal name="state_1" val="3"/>
</and_exp></or_exp>
</condition>

<Node id="96" bw="0" op_0_bw="8" op_1_bw="8" op_2_bw="0" op_3_bw="0">
<![CDATA[
:13 %store_ln137 = store i8 %temp_5, i8 %temp

]]></Node>
<StgValue><ssdm name="store_ln137"/></StgValue>
</operation>

<operation id="48" st_id="2" stage="1" lat="1">
<core>NULL</core>
<MemPortIdVec></MemPortIdVec>
<condition id="-1">
<or_exp><and_exp><literal name="icmp_ln104" val="0"/>
<literal name="state_1" val="3"/>
</and_exp></or_exp>
</condition>

<Node id="97" bw="0" op_0_bw="0">
<![CDATA[
:14 %br_ln137 = br void %.split._crit_edge

]]></Node>
<StgValue><ssdm name="br_ln137"/></StgValue>
</operation>

<operation id="49" st_id="2" stage="1" lat="1">
<core>NULL</core>
<MemPortIdVec></MemPortIdVec>
<condition id="-1">
<or_exp><and_exp><literal name="icmp_ln104" val="0"/>
<literal name="state_1" val="2"/>
</and_exp></or_exp>
</condition>

<Node id="106" bw="7" op_0_bw="16">
<![CDATA[
:7 %trunc_ln127 = trunc i16 %phi_ln155

]]></Node>
<StgValue><ssdm name="trunc_ln127"/></StgValue>
</operation>

<operation id="50" st_id="2" stage="1" lat="1">
<core>NULL</core>
<MemPortIdVec></MemPortIdVec>
<condition id="-1">
<or_exp><and_exp><literal name="icmp_ln104" val="0"/>
<literal name="state_1" val="2"/>
</and_exp></or_exp>
</condition>

<Node id="107" bw="8" op_0_bw="8" op_1_bw="7" op_2_bw="1">
<![CDATA[
:8 %temp_4 = bitconcatenate i8 @_ssdm_op_BitConcatenate.i8.i7.i1, i7 %trunc_ln127, i1 0

]]></Node>
<StgValue><ssdm name="temp_4"/></StgValue>
</operation>

<operation id="51" st_id="2" stage="1" lat="1">
<core>NULL</core>
<MemPortIdVec></MemPortIdVec>
<condition id="-1">
<or_exp><and_exp><literal name="icmp_ln104" val="0"/>
<literal name="state_1" val="2"/>
</and_exp></or_exp>
</condition>

<Node id="108" bw="0" op_0_bw="8" op_1_bw="8" op_2_bw="0" op_3_bw="0">
<![CDATA[
:9 %store_ln129 = store i8 3, i8 %state

]]></Node>
<StgValue><ssdm name="store_ln129"/></StgValue>
</operation>

<operation id="52" st_id="2" stage="1" lat="1">
<core>NULL</core>
<MemPortIdVec></MemPortIdVec>
<condition id="-1">
<or_exp><and_exp><literal name="icmp_ln104" val="0"/>
<literal name="state_1" val="2"/>
</and_exp></or_exp>
</condition>

<Node id="109" bw="0" op_0_bw="8" op_1_bw="8" op_2_bw="0" op_3_bw="0">
<![CDATA[
:10 %store_ln129 = store i8 %temp_4, i8 %temp

]]></Node>
<StgValue><ssdm name="store_ln129"/></StgValue>
</operation>

<operation id="53" st_id="2" stage="1" lat="1">
<core>NULL</core>
<MemPortIdVec></MemPortIdVec>
<condition id="-1">
<or_exp><and_exp><literal name="icmp_ln104" val="0"/>
<literal name="state_1" val="2"/>
</and_exp></or_exp>
</condition>

<Node id="110" bw="0" op_0_bw="0">
<![CDATA[
:11 %br_ln129 = br void %.split._crit_edge

]]></Node>
<StgValue><ssdm name="br_ln129"/></StgValue>
</operation>

<operation id="54" st_id="2" stage="1" lat="1">
<core>NULL</core>
<MemPortIdVec></MemPortIdVec>
<condition id="-1">
<or_exp><and_exp><literal name="icmp_ln104" val="0"/>
<literal name="state_1" val="1"/>
</and_exp></or_exp>
</condition>

<Node id="122" bw="2" op_0_bw="16">
<![CDATA[
:10 %trunc_ln120 = trunc i16 %phi_ln155

]]></Node>
<StgValue><ssdm name="trunc_ln120"/></StgValue>
</operation>

<operation id="55" st_id="2" stage="1" lat="1">
<core>NULL</core>
<MemPortIdVec></MemPortIdVec>
<condition id="-1">
<or_exp><and_exp><literal name="icmp_ln104" val="0"/>
<literal name="state_1" val="1"/>
</and_exp></or_exp>
</condition>

<Node id="123" bw="8" op_0_bw="8" op_1_bw="2" op_2_bw="6">
<![CDATA[
:11 %temp_3 = bitconcatenate i8 @_ssdm_op_BitConcatenate.i8.i2.i6, i2 %trunc_ln120, i6 0

]]></Node>
<StgValue><ssdm name="temp_3"/></StgValue>
</operation>

<operation id="56" st_id="2" stage="1" lat="1">
<core>NULL</core>
<MemPortIdVec></MemPortIdVec>
<condition id="-1">
<or_exp><and_exp><literal name="icmp_ln104" val="0"/>
<literal name="state_1" val="1"/>
</and_exp></or_exp>
</condition>

<Node id="124" bw="0" op_0_bw="8" op_1_bw="8" op_2_bw="0" op_3_bw="0">
<![CDATA[
:12 %store_ln122 = store i8 2, i8 %state

]]></Node>
<StgValue><ssdm name="store_ln122"/></StgValue>
</operation>

<operation id="57" st_id="2" stage="1" lat="1">
<core>NULL</core>
<MemPortIdVec></MemPortIdVec>
<condition id="-1">
<or_exp><and_exp><literal name="icmp_ln104" val="0"/>
<literal name="state_1" val="1"/>
</and_exp></or_exp>
</condition>

<Node id="125" bw="0" op_0_bw="8" op_1_bw="8" op_2_bw="0" op_3_bw="0">
<![CDATA[
:13 %store_ln122 = store i8 %temp_3, i8 %temp

]]></Node>
<StgValue><ssdm name="store_ln122"/></StgValue>
</operation>

<operation id="58" st_id="2" stage="1" lat="1">
<core>NULL</core>
<MemPortIdVec></MemPortIdVec>
<condition id="-1">
<or_exp><and_exp><literal name="icmp_ln104" val="0"/>
<literal name="state_1" val="1"/>
</and_exp></or_exp>
</condition>

<Node id="126" bw="0" op_0_bw="0">
<![CDATA[
:14 %br_ln122 = br void %.split._crit_edge

]]></Node>
<StgValue><ssdm name="br_ln122"/></StgValue>
</operation>

<operation id="59" st_id="2" stage="1" lat="1">
<core>NULL</core>
<MemPortIdVec></MemPortIdVec>
<condition id="-1">
<or_exp><and_exp><literal name="icmp_ln104" val="0"/>
<literal name="state_1" val="0"/>
</and_exp></or_exp>
</condition>

<Node id="131" bw="5" op_0_bw="16">
<![CDATA[
:3 %trunc_ln112 = trunc i16 %phi_ln155

]]></Node>
<StgValue><ssdm name="trunc_ln112"/></StgValue>
</operation>

<operation id="60" st_id="2" stage="1" lat="1">
<core>NULL</core>
<MemPortIdVec></MemPortIdVec>
<condition id="-1">
<or_exp><and_exp><literal name="icmp_ln104" val="0"/>
<literal name="state_1" val="0"/>
</and_exp></or_exp>
</condition>

<Node id="132" bw="8" op_0_bw="8" op_1_bw="5" op_2_bw="3">
<![CDATA[
:4 %temp_2 = bitconcatenate i8 @_ssdm_op_BitConcatenate.i8.i5.i3, i5 %trunc_ln112, i3 0

]]></Node>
<StgValue><ssdm name="temp_2"/></StgValue>
</operation>

<operation id="61" st_id="2" stage="1" lat="1">
<core>NULL</core>
<MemPortIdVec></MemPortIdVec>
<condition id="-1">
<or_exp><and_exp><literal name="icmp_ln104" val="0"/>
<literal name="state_1" val="0"/>
</and_exp></or_exp>
</condition>

<Node id="133" bw="0" op_0_bw="8" op_1_bw="8" op_2_bw="0" op_3_bw="0">
<![CDATA[
:5 %store_ln114 = store i8 1, i8 %state

]]></Node>
<StgValue><ssdm name="store_ln114"/></StgValue>
</operation>

<operation id="62" st_id="2" stage="1" lat="1">
<core>NULL</core>
<MemPortIdVec></MemPortIdVec>
<condition id="-1">
<or_exp><and_exp><literal name="icmp_ln104" val="0"/>
<literal name="state_1" val="0"/>
</and_exp></or_exp>
</condition>

<Node id="134" bw="0" op_0_bw="8" op_1_bw="8" op_2_bw="0" op_3_bw="0">
<![CDATA[
:6 %store_ln114 = store i8 %temp_2, i8 %temp

]]></Node>
<StgValue><ssdm name="store_ln114"/></StgValue>
</operation>

<operation id="63" st_id="2" stage="1" lat="1">
<core>NULL</core>
<MemPortIdVec></MemPortIdVec>
<condition id="-1">
<or_exp><and_exp><literal name="icmp_ln104" val="0"/>
<literal name="state_1" val="0"/>
</and_exp></or_exp>
</condition>

<Node id="135" bw="0" op_0_bw="0">
<![CDATA[
:7 %br_ln114 = br void %.split._crit_edge

]]></Node>
<StgValue><ssdm name="br_ln114"/></StgValue>
</operation>
</state>

<state id="3" st_id="3">

<operation id="64" st_id="3" stage="1" lat="1">
<core>NULL</core>
<MemPortIdVec></MemPortIdVec>
<condition id="-1">
<or_exp><and_exp><literal name="icmp_ln104" val="0"/>
<literal name="state_1" val="7"/>
</and_exp></or_exp>
</condition>

<Node id="25" bw="5" op_0_bw="5" op_1_bw="16" op_2_bw="32" op_3_bw="32">
<![CDATA[
:0 %trunc_ln = partselect i5 @_ssdm_op_PartSelect.i5.i16.i32.i32, i16 %phi_ln155, i32 8, i32 12

]]></Node>
<StgValue><ssdm name="trunc_ln"/></StgValue>
</operation>

<operation id="65" st_id="3" stage="1" lat="1">
<core>NULL</core>
<MemPortIdVec></MemPortIdVec>
<condition id="-1">
<or_exp><and_exp><literal name="icmp_ln104" val="0"/>
<literal name="state_1" val="7"/>
</and_exp></or_exp>
</condition>

<Node id="26" bw="5" op_0_bw="8">
<![CDATA[
:1 %trunc_ln163 = trunc i8 %temp_1

]]></Node>
<StgValue><ssdm name="trunc_ln163"/></StgValue>
</operation>

<operation id="66" st_id="3" stage="1" lat="1">
<core>LogicGate</core>
<MemPortIdVec></MemPortIdVec>
<condition id="-1">
<or_exp><and_exp><literal name="icmp_ln104" val="0"/>
<literal name="state_1" val="7"/>
</and_exp></or_exp>
</condition>

<Node id="27" bw="5" op_0_bw="5" op_1_bw="5">
<![CDATA[
:2 %or_ln163 = or i5 %trunc_ln163, i5 %trunc_ln

]]></Node>
<StgValue><ssdm name="or_ln163"/></StgValue>
</operation>

<operation id="67" st_id="3" stage="1" lat="1">
<core>NULL</core>
<MemPortIdVec></MemPortIdVec>
<condition id="-1">
<or_exp><and_exp><literal name="icmp_ln104" val="0"/>
<literal name="state_1" val="7"/>
</and_exp></or_exp>
</condition>

<Node id="28" bw="3" op_0_bw="3" op_1_bw="8" op_2_bw="32" op_3_bw="32">
<![CDATA[
:3 %tmp_s = partselect i3 @_ssdm_op_PartSelect.i3.i8.i32.i32, i8 %temp_1, i32 5, i32 7

]]></Node>
<StgValue><ssdm name="tmp_s"/></StgValue>
</operation>

<operation id="68" st_id="3" stage="1" lat="1">
<core>NULL</core>
<MemPortIdVec></MemPortIdVec>
<condition id="-1">
<or_exp><and_exp><literal name="icmp_ln104" val="0"/>
<literal name="state_1" val="7"/>
</and_exp></or_exp>
</condition>

<Node id="29" bw="8" op_0_bw="8" op_1_bw="3" op_2_bw="5">
<![CDATA[
:4 %or_ln = bitconcatenate i8 @_ssdm_op_BitConcatenate.i8.i3.i5, i3 %tmp_s, i5 %or_ln163

]]></Node>
<StgValue><ssdm name="or_ln"/></StgValue>
</operation>

<operation id="69" st_id="3" stage="1" lat="1">
<core>NULL</core>
<MemPortIdVec></MemPortIdVec>
<condition id="-1">
<or_exp><and_exp><literal name="icmp_ln104" val="0"/>
<literal name="state_1" val="7"/>
</and_exp></or_exp>
</condition>

<Node id="30" bw="16" op_0_bw="8">
<![CDATA[
:5 %zext_ln163 = zext i8 %or_ln

]]></Node>
<StgValue><ssdm name="zext_ln163"/></StgValue>
</operation>

<operation id="70" st_id="3" stage="1" lat="1">
<core>FIFO</core>
<MemPortIdVec></MemPortIdVec>
<condition id="-1">
<or_exp><and_exp><literal name="icmp_ln104" val="0"/>
<literal name="state_1" val="7"/>
</and_exp></or_exp>
</condition>

<Node id="31" bw="0" op_0_bw="0" op_1_bw="16" op_2_bw="16">
<![CDATA[
:6 %write_ln174 = write void @_ssdm_op_Write.ap_fifo.volatile.i16P0A, i16 %outstream, i16 %zext_ln163

]]></Node>
<StgValue><ssdm name="write_ln174"/></StgValue>
</operation>

<operation id="71" st_id="3" stage="1" lat="1">
<core>NULL</core>
<MemPortIdVec></MemPortIdVec>
<condition id="-1">
<or_exp><and_exp><literal name="icmp_ln104" val="0"/>
<literal name="state_1" val="6"/>
</and_exp></or_exp>
</condition>

<Node id="38" bw="2" op_0_bw="2" op_1_bw="16" op_2_bw="32" op_3_bw="32">
<![CDATA[
:0 %tmp_33 = partselect i2 @_ssdm_op_PartSelect.i2.i16.i32.i32, i16 %phi_ln155, i32 11, i32 12

]]></Node>
<StgValue><ssdm name="tmp_33"/></StgValue>
</operation>

<operation id="72" st_id="3" stage="1" lat="1">
<core>NULL</core>
<MemPortIdVec></MemPortIdVec>
<condition id="-1">
<or_exp><and_exp><literal name="icmp_ln104" val="0"/>
<literal name="state_1" val="6"/>
</and_exp></or_exp>
</condition>

<Node id="39" bw="2" op_0_bw="8">
<![CDATA[
:1 %trunc_ln156 = trunc i8 %temp_1

]]></Node>
<StgValue><ssdm name="trunc_ln156"/></StgValue>
</operation>

<operation id="73" st_id="3" stage="1" lat="1">
<core>LogicGate</core>
<MemPortIdVec></MemPortIdVec>
<condition id="-1">
<or_exp><and_exp><literal name="icmp_ln104" val="0"/>
<literal name="state_1" val="6"/>
</and_exp></or_exp>
</condition>

<Node id="40" bw="2" op_0_bw="2" op_1_bw="2">
<![CDATA[
:2 %or_ln156 = or i2 %trunc_ln156, i2 %tmp_33

]]></Node>
<StgValue><ssdm name="or_ln156"/></StgValue>
</operation>

<operation id="74" st_id="3" stage="1" lat="1">
<core>NULL</core>
<MemPortIdVec></MemPortIdVec>
<condition id="-1">
<or_exp><and_exp><literal name="icmp_ln104" val="0"/>
<literal name="state_1" val="6"/>
</and_exp></or_exp>
</condition>

<Node id="41" bw="6" op_0_bw="6" op_1_bw="8" op_2_bw="32" op_3_bw="32">
<![CDATA[
:3 %tmp_34 = partselect i6 @_ssdm_op_PartSelect.i6.i8.i32.i32, i8 %temp_1, i32 2, i32 7

]]></Node>
<StgValue><ssdm name="tmp_34"/></StgValue>
</operation>

<operation id="75" st_id="3" stage="1" lat="1">
<core>NULL</core>
<MemPortIdVec></MemPortIdVec>
<condition id="-1">
<or_exp><and_exp><literal name="icmp_ln104" val="0"/>
<literal name="state_1" val="6"/>
</and_exp></or_exp>
</condition>

<Node id="42" bw="8" op_0_bw="8" op_1_bw="6" op_2_bw="2">
<![CDATA[
:4 %or_ln6 = bitconcatenate i8 @_ssdm_op_BitConcatenate.i8.i6.i2, i6 %tmp_34, i2 %or_ln156

]]></Node>
<StgValue><ssdm name="or_ln6"/></StgValue>
</operation>

<operation id="76" st_id="3" stage="1" lat="1">
<core>NULL</core>
<MemPortIdVec></MemPortIdVec>
<condition id="-1">
<or_exp><and_exp><literal name="icmp_ln104" val="0"/>
<literal name="state_1" val="6"/>
</and_exp></or_exp>
</condition>

<Node id="43" bw="16" op_0_bw="8">
<![CDATA[
:5 %zext_ln156 = zext i8 %or_ln6

]]></Node>
<StgValue><ssdm name="zext_ln156"/></StgValue>
</operation>

<operation id="77" st_id="3" stage="1" lat="1">
<core>FIFO</core>
<MemPortIdVec></MemPortIdVec>
<condition id="-1">
<or_exp><and_exp><literal name="icmp_ln104" val="0"/>
<literal name="state_1" val="6"/>
</and_exp></or_exp>
</condition>

<Node id="44" bw="0" op_0_bw="0" op_1_bw="16" op_2_bw="16">
<![CDATA[
:6 %write_ln174 = write void @_ssdm_op_Write.ap_fifo.volatile.i16P0A, i16 %outstream, i16 %zext_ln156

]]></Node>
<StgValue><ssdm name="write_ln174"/></StgValue>
</operation>

<operation id="78" st_id="3" stage="1" lat="1">
<core>NULL</core>
<MemPortIdVec></MemPortIdVec>
<condition id="-1">
<or_exp><and_exp><literal name="icmp_ln104" val="0"/>
<literal name="state_1" val="5"/>
</and_exp></or_exp>
</condition>

<Node id="54" bw="7" op_0_bw="7" op_1_bw="16" op_2_bw="32" op_3_bw="32">
<![CDATA[
:0 %tmp_31 = partselect i7 @_ssdm_op_PartSelect.i7.i16.i32.i32, i16 %phi_ln155, i32 6, i32 12

]]></Node>
<StgValue><ssdm name="tmp_31"/></StgValue>
</operation>

<operation id="79" st_id="3" stage="1" lat="1">
<core>NULL</core>
<MemPortIdVec></MemPortIdVec>
<condition id="-1">
<or_exp><and_exp><literal name="icmp_ln104" val="0"/>
<literal name="state_1" val="5"/>
</and_exp></or_exp>
</condition>

<Node id="55" bw="7" op_0_bw="8">
<![CDATA[
:1 %trunc_ln149 = trunc i8 %temp_1

]]></Node>
<StgValue><ssdm name="trunc_ln149"/></StgValue>
</operation>

<operation id="80" st_id="3" stage="1" lat="1">
<core>LogicGate</core>
<MemPortIdVec></MemPortIdVec>
<condition id="-1">
<or_exp><and_exp><literal name="icmp_ln104" val="0"/>
<literal name="state_1" val="5"/>
</and_exp></or_exp>
</condition>

<Node id="56" bw="7" op_0_bw="7" op_1_bw="7">
<![CDATA[
:2 %or_ln149 = or i7 %trunc_ln149, i7 %tmp_31

]]></Node>
<StgValue><ssdm name="or_ln149"/></StgValue>
</operation>

<operation id="81" st_id="3" stage="1" lat="1">
<core>NULL</core>
<MemPortIdVec></MemPortIdVec>
<condition id="-1">
<or_exp><and_exp><literal name="icmp_ln104" val="0"/>
<literal name="state_1" val="5"/>
</and_exp></or_exp>
</condition>

<Node id="57" bw="1" op_0_bw="1" op_1_bw="8" op_2_bw="32">
<![CDATA[
:3 %tmp_32 = bitselect i1 @_ssdm_op_BitSelect.i1.i8.i32, i8 %temp_1, i32 7

]]></Node>
<StgValue><ssdm name="tmp_32"/></StgValue>
</operation>

<operation id="82" st_id="3" stage="1" lat="1">
<core>NULL</core>
<MemPortIdVec></MemPortIdVec>
<condition id="-1">
<or_exp><and_exp><literal name="icmp_ln104" val="0"/>
<literal name="state_1" val="5"/>
</and_exp></or_exp>
</condition>

<Node id="58" bw="8" op_0_bw="8" op_1_bw="1" op_2_bw="7">
<![CDATA[
:4 %or_ln5 = bitconcatenate i8 @_ssdm_op_BitConcatenate.i8.i1.i7, i1 %tmp_32, i7 %or_ln149

]]></Node>
<StgValue><ssdm name="or_ln5"/></StgValue>
</operation>

<operation id="83" st_id="3" stage="1" lat="1">
<core>NULL</core>
<MemPortIdVec></MemPortIdVec>
<condition id="-1">
<or_exp><and_exp><literal name="icmp_ln104" val="0"/>
<literal name="state_1" val="5"/>
</and_exp></or_exp>
</condition>

<Node id="59" bw="16" op_0_bw="8">
<![CDATA[
:5 %zext_ln149 = zext i8 %or_ln5

]]></Node>
<StgValue><ssdm name="zext_ln149"/></StgValue>
</operation>

<operation id="84" st_id="3" stage="1" lat="1">
<core>FIFO</core>
<MemPortIdVec></MemPortIdVec>
<condition id="-1">
<or_exp><and_exp><literal name="icmp_ln104" val="0"/>
<literal name="state_1" val="5"/>
</and_exp></or_exp>
</condition>

<Node id="60" bw="0" op_0_bw="0" op_1_bw="16" op_2_bw="16">
<![CDATA[
:6 %write_ln174 = write void @_ssdm_op_Write.ap_fifo.volatile.i16P0A, i16 %outstream, i16 %zext_ln149

]]></Node>
<StgValue><ssdm name="write_ln174"/></StgValue>
</operation>

<operation id="85" st_id="3" stage="1" lat="1">
<core>NULL</core>
<MemPortIdVec></MemPortIdVec>
<condition id="-1">
<or_exp><and_exp><literal name="icmp_ln104" val="0"/>
<literal name="state_1" val="4"/>
</and_exp></or_exp>
</condition>

<Node id="67" bw="4" op_0_bw="4" op_1_bw="16" op_2_bw="32" op_3_bw="32">
<![CDATA[
:0 %tmp_29 = partselect i4 @_ssdm_op_PartSelect.i4.i16.i32.i32, i16 %phi_ln155, i32 9, i32 12

]]></Node>
<StgValue><ssdm name="tmp_29"/></StgValue>
</operation>

<operation id="86" st_id="3" stage="1" lat="1">
<core>NULL</core>
<MemPortIdVec></MemPortIdVec>
<condition id="-1">
<or_exp><and_exp><literal name="icmp_ln104" val="0"/>
<literal name="state_1" val="4"/>
</and_exp></or_exp>
</condition>

<Node id="68" bw="4" op_0_bw="8">
<![CDATA[
:1 %trunc_ln141 = trunc i8 %temp_1

]]></Node>
<StgValue><ssdm name="trunc_ln141"/></StgValue>
</operation>

<operation id="87" st_id="3" stage="1" lat="1">
<core>LogicGate</core>
<MemPortIdVec></MemPortIdVec>
<condition id="-1">
<or_exp><and_exp><literal name="icmp_ln104" val="0"/>
<literal name="state_1" val="4"/>
</and_exp></or_exp>
</condition>

<Node id="69" bw="4" op_0_bw="4" op_1_bw="4">
<![CDATA[
:2 %or_ln141 = or i4 %trunc_ln141, i4 %tmp_29

]]></Node>
<StgValue><ssdm name="or_ln141"/></StgValue>
</operation>

<operation id="88" st_id="3" stage="1" lat="1">
<core>NULL</core>
<MemPortIdVec></MemPortIdVec>
<condition id="-1">
<or_exp><and_exp><literal name="icmp_ln104" val="0"/>
<literal name="state_1" val="4"/>
</and_exp></or_exp>
</condition>

<Node id="70" bw="4" op_0_bw="4" op_1_bw="8" op_2_bw="32" op_3_bw="32">
<![CDATA[
:3 %tmp_30 = partselect i4 @_ssdm_op_PartSelect.i4.i8.i32.i32, i8 %temp_1, i32 4, i32 7

]]></Node>
<StgValue><ssdm name="tmp_30"/></StgValue>
</operation>

<operation id="89" st_id="3" stage="1" lat="1">
<core>NULL</core>
<MemPortIdVec></MemPortIdVec>
<condition id="-1">
<or_exp><and_exp><literal name="icmp_ln104" val="0"/>
<literal name="state_1" val="4"/>
</and_exp></or_exp>
</condition>

<Node id="71" bw="8" op_0_bw="8" op_1_bw="4" op_2_bw="4">
<![CDATA[
:4 %or_ln4 = bitconcatenate i8 @_ssdm_op_BitConcatenate.i8.i4.i4, i4 %tmp_30, i4 %or_ln141

]]></Node>
<StgValue><ssdm name="or_ln4"/></StgValue>
</operation>

<operation id="90" st_id="3" stage="1" lat="1">
<core>NULL</core>
<MemPortIdVec></MemPortIdVec>
<condition id="-1">
<or_exp><and_exp><literal name="icmp_ln104" val="0"/>
<literal name="state_1" val="4"/>
</and_exp></or_exp>
</condition>

<Node id="72" bw="16" op_0_bw="8">
<![CDATA[
:5 %zext_ln141 = zext i8 %or_ln4

]]></Node>
<StgValue><ssdm name="zext_ln141"/></StgValue>
</operation>

<operation id="91" st_id="3" stage="1" lat="1">
<core>FIFO</core>
<MemPortIdVec></MemPortIdVec>
<condition id="-1">
<or_exp><and_exp><literal name="icmp_ln104" val="0"/>
<literal name="state_1" val="4"/>
</and_exp></or_exp>
</condition>

<Node id="73" bw="0" op_0_bw="0" op_1_bw="16" op_2_bw="16">
<![CDATA[
:6 %write_ln174 = write void @_ssdm_op_Write.ap_fifo.volatile.i16P0A, i16 %outstream, i16 %zext_ln141

]]></Node>
<StgValue><ssdm name="write_ln174"/></StgValue>
</operation>

<operation id="92" st_id="3" stage="1" lat="1">
<core>NULL</core>
<MemPortIdVec></MemPortIdVec>
<condition id="-1">
<or_exp><and_exp><literal name="icmp_ln104" val="0"/>
<literal name="state_1" val="3"/>
</and_exp></or_exp>
</condition>

<Node id="83" bw="1" op_0_bw="1" op_1_bw="16" op_2_bw="32">
<![CDATA[
:0 %tmp_27 = bitselect i1 @_ssdm_op_BitSelect.i1.i16.i32, i16 %phi_ln155, i32 12

]]></Node>
<StgValue><ssdm name="tmp_27"/></StgValue>
</operation>

<operation id="93" st_id="3" stage="1" lat="1">
<core>NULL</core>
<MemPortIdVec></MemPortIdVec>
<condition id="-1">
<or_exp><and_exp><literal name="icmp_ln104" val="0"/>
<literal name="state_1" val="3"/>
</and_exp></or_exp>
</condition>

<Node id="84" bw="1" op_0_bw="8">
<![CDATA[
:1 %trunc_ln133 = trunc i8 %temp_1

]]></Node>
<StgValue><ssdm name="trunc_ln133"/></StgValue>
</operation>

<operation id="94" st_id="3" stage="1" lat="1">
<core>LogicGate</core>
<MemPortIdVec></MemPortIdVec>
<condition id="-1">
<or_exp><and_exp><literal name="icmp_ln104" val="0"/>
<literal name="state_1" val="3"/>
</and_exp></or_exp>
</condition>

<Node id="85" bw="1" op_0_bw="1" op_1_bw="1">
<![CDATA[
:2 %or_ln133 = or i1 %trunc_ln133, i1 %tmp_27

]]></Node>
<StgValue><ssdm name="or_ln133"/></StgValue>
</operation>

<operation id="95" st_id="3" stage="1" lat="1">
<core>NULL</core>
<MemPortIdVec></MemPortIdVec>
<condition id="-1">
<or_exp><and_exp><literal name="icmp_ln104" val="0"/>
<literal name="state_1" val="3"/>
</and_exp></or_exp>
</condition>

<Node id="86" bw="7" op_0_bw="7" op_1_bw="8" op_2_bw="32" op_3_bw="32">
<![CDATA[
:3 %tmp_28 = partselect i7 @_ssdm_op_PartSelect.i7.i8.i32.i32, i8 %temp_1, i32 1, i32 7

]]></Node>
<StgValue><ssdm name="tmp_28"/></StgValue>
</operation>

<operation id="96" st_id="3" stage="1" lat="1">
<core>NULL</core>
<MemPortIdVec></MemPortIdVec>
<condition id="-1">
<or_exp><and_exp><literal name="icmp_ln104" val="0"/>
<literal name="state_1" val="3"/>
</and_exp></or_exp>
</condition>

<Node id="87" bw="8" op_0_bw="8" op_1_bw="7" op_2_bw="1">
<![CDATA[
:4 %or_ln3 = bitconcatenate i8 @_ssdm_op_BitConcatenate.i8.i7.i1, i7 %tmp_28, i1 %or_ln133

]]></Node>
<StgValue><ssdm name="or_ln3"/></StgValue>
</operation>

<operation id="97" st_id="3" stage="1" lat="1">
<core>NULL</core>
<MemPortIdVec></MemPortIdVec>
<condition id="-1">
<or_exp><and_exp><literal name="icmp_ln104" val="0"/>
<literal name="state_1" val="3"/>
</and_exp></or_exp>
</condition>

<Node id="88" bw="16" op_0_bw="8">
<![CDATA[
:5 %zext_ln133 = zext i8 %or_ln3

]]></Node>
<StgValue><ssdm name="zext_ln133"/></StgValue>
</operation>

<operation id="98" st_id="3" stage="1" lat="1">
<core>FIFO</core>
<MemPortIdVec></MemPortIdVec>
<condition id="-1">
<or_exp><and_exp><literal name="icmp_ln104" val="0"/>
<literal name="state_1" val="3"/>
</and_exp></or_exp>
</condition>

<Node id="89" bw="0" op_0_bw="0" op_1_bw="16" op_2_bw="16">
<![CDATA[
:6 %write_ln174 = write void @_ssdm_op_Write.ap_fifo.volatile.i16P0A, i16 %outstream, i16 %zext_ln133

]]></Node>
<StgValue><ssdm name="write_ln174"/></StgValue>
</operation>

<operation id="99" st_id="3" stage="1" lat="1">
<core>NULL</core>
<MemPortIdVec></MemPortIdVec>
<condition id="-1">
<or_exp><and_exp><literal name="icmp_ln104" val="0"/>
<literal name="state_1" val="2"/>
</and_exp></or_exp>
</condition>

<Node id="99" bw="6" op_0_bw="6" op_1_bw="16" op_2_bw="32" op_3_bw="32">
<![CDATA[
:0 %tmp_25 = partselect i6 @_ssdm_op_PartSelect.i6.i16.i32.i32, i16 %phi_ln155, i32 7, i32 12

]]></Node>
<StgValue><ssdm name="tmp_25"/></StgValue>
</operation>

<operation id="100" st_id="3" stage="1" lat="1">
<core>NULL</core>
<MemPortIdVec></MemPortIdVec>
<condition id="-1">
<or_exp><and_exp><literal name="icmp_ln104" val="0"/>
<literal name="state_1" val="2"/>
</and_exp></or_exp>
</condition>

<Node id="100" bw="6" op_0_bw="8">
<![CDATA[
:1 %trunc_ln126 = trunc i8 %temp_1

]]></Node>
<StgValue><ssdm name="trunc_ln126"/></StgValue>
</operation>

<operation id="101" st_id="3" stage="1" lat="1">
<core>LogicGate</core>
<MemPortIdVec></MemPortIdVec>
<condition id="-1">
<or_exp><and_exp><literal name="icmp_ln104" val="0"/>
<literal name="state_1" val="2"/>
</and_exp></or_exp>
</condition>

<Node id="101" bw="6" op_0_bw="6" op_1_bw="6">
<![CDATA[
:2 %or_ln126 = or i6 %trunc_ln126, i6 %tmp_25

]]></Node>
<StgValue><ssdm name="or_ln126"/></StgValue>
</operation>

<operation id="102" st_id="3" stage="1" lat="1">
<core>NULL</core>
<MemPortIdVec></MemPortIdVec>
<condition id="-1">
<or_exp><and_exp><literal name="icmp_ln104" val="0"/>
<literal name="state_1" val="2"/>
</and_exp></or_exp>
</condition>

<Node id="102" bw="2" op_0_bw="2" op_1_bw="8" op_2_bw="32" op_3_bw="32">
<![CDATA[
:3 %tmp_26 = partselect i2 @_ssdm_op_PartSelect.i2.i8.i32.i32, i8 %temp_1, i32 6, i32 7

]]></Node>
<StgValue><ssdm name="tmp_26"/></StgValue>
</operation>

<operation id="103" st_id="3" stage="1" lat="1">
<core>NULL</core>
<MemPortIdVec></MemPortIdVec>
<condition id="-1">
<or_exp><and_exp><literal name="icmp_ln104" val="0"/>
<literal name="state_1" val="2"/>
</and_exp></or_exp>
</condition>

<Node id="103" bw="8" op_0_bw="8" op_1_bw="2" op_2_bw="6">
<![CDATA[
:4 %or_ln2 = bitconcatenate i8 @_ssdm_op_BitConcatenate.i8.i2.i6, i2 %tmp_26, i6 %or_ln126

]]></Node>
<StgValue><ssdm name="or_ln2"/></StgValue>
</operation>

<operation id="104" st_id="3" stage="1" lat="1">
<core>NULL</core>
<MemPortIdVec></MemPortIdVec>
<condition id="-1">
<or_exp><and_exp><literal name="icmp_ln104" val="0"/>
<literal name="state_1" val="2"/>
</and_exp></or_exp>
</condition>

<Node id="104" bw="16" op_0_bw="8">
<![CDATA[
:5 %zext_ln126 = zext i8 %or_ln2

]]></Node>
<StgValue><ssdm name="zext_ln126"/></StgValue>
</operation>

<operation id="105" st_id="3" stage="1" lat="1">
<core>FIFO</core>
<MemPortIdVec></MemPortIdVec>
<condition id="-1">
<or_exp><and_exp><literal name="icmp_ln104" val="0"/>
<literal name="state_1" val="2"/>
</and_exp></or_exp>
</condition>

<Node id="105" bw="0" op_0_bw="0" op_1_bw="16" op_2_bw="16">
<![CDATA[
:6 %write_ln174 = write void @_ssdm_op_Write.ap_fifo.volatile.i16P0A, i16 %outstream, i16 %zext_ln126

]]></Node>
<StgValue><ssdm name="write_ln174"/></StgValue>
</operation>

<operation id="106" st_id="3" stage="1" lat="1">
<core>NULL</core>
<MemPortIdVec></MemPortIdVec>
<condition id="-1">
<or_exp><and_exp><literal name="icmp_ln104" val="0"/>
<literal name="state_1" val="1"/>
</and_exp></or_exp>
</condition>

<Node id="112" bw="3" op_0_bw="3" op_1_bw="16" op_2_bw="32" op_3_bw="32">
<![CDATA[
:0 %tmp_23 = partselect i3 @_ssdm_op_PartSelect.i3.i16.i32.i32, i16 %phi_ln155, i32 10, i32 12

]]></Node>
<StgValue><ssdm name="tmp_23"/></StgValue>
</operation>

<operation id="107" st_id="3" stage="1" lat="1">
<core>NULL</core>
<MemPortIdVec></MemPortIdVec>
<condition id="-1">
<or_exp><and_exp><literal name="icmp_ln104" val="0"/>
<literal name="state_1" val="1"/>
</and_exp></or_exp>
</condition>

<Node id="113" bw="3" op_0_bw="8">
<![CDATA[
:1 %trunc_ln118 = trunc i8 %temp_1

]]></Node>
<StgValue><ssdm name="trunc_ln118"/></StgValue>
</operation>

<operation id="108" st_id="3" stage="1" lat="1">
<core>LogicGate</core>
<MemPortIdVec></MemPortIdVec>
<condition id="-1">
<or_exp><and_exp><literal name="icmp_ln104" val="0"/>
<literal name="state_1" val="1"/>
</and_exp></or_exp>
</condition>

<Node id="114" bw="3" op_0_bw="3" op_1_bw="3">
<![CDATA[
:2 %or_ln118 = or i3 %trunc_ln118, i3 %tmp_23

]]></Node>
<StgValue><ssdm name="or_ln118"/></StgValue>
</operation>

<operation id="109" st_id="3" stage="1" lat="1">
<core>NULL</core>
<MemPortIdVec></MemPortIdVec>
<condition id="-1">
<or_exp><and_exp><literal name="icmp_ln104" val="0"/>
<literal name="state_1" val="1"/>
</and_exp></or_exp>
</condition>

<Node id="115" bw="5" op_0_bw="5" op_1_bw="8" op_2_bw="32" op_3_bw="32">
<![CDATA[
:3 %tmp_24 = partselect i5 @_ssdm_op_PartSelect.i5.i8.i32.i32, i8 %temp_1, i32 3, i32 7

]]></Node>
<StgValue><ssdm name="tmp_24"/></StgValue>
</operation>

<operation id="110" st_id="3" stage="1" lat="1">
<core>NULL</core>
<MemPortIdVec></MemPortIdVec>
<condition id="-1">
<or_exp><and_exp><literal name="icmp_ln104" val="0"/>
<literal name="state_1" val="1"/>
</and_exp></or_exp>
</condition>

<Node id="116" bw="8" op_0_bw="8" op_1_bw="5" op_2_bw="3">
<![CDATA[
:4 %or_ln1 = bitconcatenate i8 @_ssdm_op_BitConcatenate.i8.i5.i3, i5 %tmp_24, i3 %or_ln118

]]></Node>
<StgValue><ssdm name="or_ln1"/></StgValue>
</operation>

<operation id="111" st_id="3" stage="1" lat="1">
<core>NULL</core>
<MemPortIdVec></MemPortIdVec>
<condition id="-1">
<or_exp><and_exp><literal name="icmp_ln104" val="0"/>
<literal name="state_1" val="1"/>
</and_exp></or_exp>
</condition>

<Node id="117" bw="16" op_0_bw="8">
<![CDATA[
:5 %zext_ln118 = zext i8 %or_ln1

]]></Node>
<StgValue><ssdm name="zext_ln118"/></StgValue>
</operation>

<operation id="112" st_id="3" stage="1" lat="1">
<core>FIFO</core>
<MemPortIdVec></MemPortIdVec>
<condition id="-1">
<or_exp><and_exp><literal name="icmp_ln104" val="0"/>
<literal name="state_1" val="1"/>
</and_exp></or_exp>
</condition>

<Node id="118" bw="0" op_0_bw="0" op_1_bw="16" op_2_bw="16">
<![CDATA[
:6 %write_ln174 = write void @_ssdm_op_Write.ap_fifo.volatile.i16P0A, i16 %outstream, i16 %zext_ln118

]]></Node>
<StgValue><ssdm name="write_ln174"/></StgValue>
</operation>

<operation id="113" st_id="3" stage="1" lat="1">
<core>NULL</core>
<MemPortIdVec></MemPortIdVec>
<condition id="-1">
<or_exp><and_exp><literal name="icmp_ln104" val="0"/>
<literal name="state_1" val="0"/>
</and_exp></or_exp>
</condition>

<Node id="128" bw="8" op_0_bw="8" op_1_bw="16" op_2_bw="32" op_3_bw="32">
<![CDATA[
:0 %lshr_ln = partselect i8 @_ssdm_op_PartSelect.i8.i16.i32.i32, i16 %phi_ln155, i32 5, i32 12

]]></Node>
<StgValue><ssdm name="lshr_ln"/></StgValue>
</operation>

<operation id="114" st_id="3" stage="1" lat="1">
<core>NULL</core>
<MemPortIdVec></MemPortIdVec>
<condition id="-1">
<or_exp><and_exp><literal name="icmp_ln104" val="0"/>
<literal name="state_1" val="0"/>
</and_exp></or_exp>
</condition>

<Node id="129" bw="16" op_0_bw="8">
<![CDATA[
:1 %zext_ln111 = zext i8 %lshr_ln

]]></Node>
<StgValue><ssdm name="zext_ln111"/></StgValue>
</operation>

<operation id="115" st_id="3" stage="1" lat="1">
<core>FIFO</core>
<MemPortIdVec></MemPortIdVec>
<condition id="-1">
<or_exp><and_exp><literal name="icmp_ln104" val="0"/>
<literal name="state_1" val="0"/>
</and_exp></or_exp>
</condition>

<Node id="130" bw="0" op_0_bw="0" op_1_bw="16" op_2_bw="16">
<![CDATA[
:2 %write_ln174 = write void @_ssdm_op_Write.ap_fifo.volatile.i16P0A, i16 %outstream, i16 %zext_ln111

]]></Node>
<StgValue><ssdm name="write_ln174"/></StgValue>
</operation>

<operation id="116" st_id="3" stage="1" lat="1">
<core>NULL</core>
<MemPortIdVec></MemPortIdVec>
<condition id="-1">
<or_exp><and_exp><literal name="icmp_ln104" val="0"/>
</and_exp></or_exp>
</condition>

<Node id="137" bw="8" op_0_bw="8" op_1_bw="0" op_2_bw="0" op_3_bw="0" op_4_bw="0" op_5_bw="0" op_6_bw="0" op_7_bw="0" op_8_bw="0">
<![CDATA[
.split._crit_edge:0 %temp_9 = load i8 %temp

]]></Node>
<StgValue><ssdm name="temp_9"/></StgValue>
</operation>

<operation id="117" st_id="3" stage="1" lat="1">
<core>NULL</core>
<MemPortIdVec></MemPortIdVec>
<condition id="-1">
<or_exp><and_exp><literal name="icmp_ln104" val="0"/>
</and_exp></or_exp>
</condition>

<Node id="138" bw="8" op_0_bw="8" op_1_bw="0" op_2_bw="0" op_3_bw="0" op_4_bw="0" op_5_bw="0" op_6_bw="0" op_7_bw="0" op_8_bw="0" op_9_bw="0">
<![CDATA[
.split._crit_edge:1 %state_2 = load i8 %state

]]></Node>
<StgValue><ssdm name="state_2"/></StgValue>
</operation>

<operation id="118" st_id="3" stage="1" lat="1">
<core>FIFO</core>
<MemPortIdVec></MemPortIdVec>
<condition id="-1">
<or_exp><and_exp><literal name="icmp_ln104" val="0"/>
</and_exp></or_exp>
</condition>

<Node id="139" bw="16" op_0_bw="16" op_1_bw="16" op_2_bw="0">
<![CDATA[
.split._crit_edge:2 %tmp_35 = read i16 @_ssdm_op_Read.ap_fifo.volatile.i16P0A, i16 %midstream

]]></Node>
<StgValue><ssdm name="tmp_35"/></StgValue>
</operation>

<operation id="119" st_id="3" stage="1" lat="1">
<core>Cmp</core>
<MemPortIdVec></MemPortIdVec>
<condition id="-1">
<or_exp><and_exp><literal name="icmp_ln104" val="0"/>
</and_exp></or_exp>
</condition>

<Node id="140" bw="1" op_0_bw="16" op_1_bw="16">
<![CDATA[
.split._crit_edge:3 %icmp_ln169 = icmp_eq  i16 %tmp_35, i16 65535

]]></Node>
<StgValue><ssdm name="icmp_ln169"/></StgValue>
</operation>

<operation id="120" st_id="3" stage="1" lat="1">
<core>NULL</core>
<MemPortIdVec></MemPortIdVec>
<condition id="-1">
<or_exp><and_exp><literal name="icmp_ln104" val="0"/>
</and_exp></or_exp>
</condition>

<Node id="141" bw="0" op_0_bw="1" op_1_bw="0" op_2_bw="0">
<![CDATA[
.split._crit_edge:4 %br_ln169 = br i1 %icmp_ln169, void, void %.loopexit

]]></Node>
<StgValue><ssdm name="br_ln169"/></StgValue>
</operation>

<operation id="121" st_id="3" stage="1" lat="1">
<core>NULL</core>
<MemPortIdVec></MemPortIdVec>
<condition id="-1">
<or_exp><and_exp><literal name="icmp_ln104" val="0"/>
<literal name="icmp_ln169" val="0"/>
</and_exp></or_exp>
</condition>

<Node id="143" bw="0" op_0_bw="0">
<![CDATA[
:0 %br_ln0 = br void

]]></Node>
<StgValue><ssdm name="br_ln0"/></StgValue>
</operation>
</state>

<state id="4" st_id="4">

<operation id="122" st_id="4" stage="1" lat="1">
<core>NULL</core>
<MemPortIdVec></MemPortIdVec>
<condition id="-1">
<or_exp><and_exp><literal name="icmp_ln104" val="0"/>
<literal name="state_1" val="7"/>
</and_exp></or_exp>
</condition>

<Node id="32" bw="8" op_0_bw="16">
<![CDATA[
:7 %trunc_ln164 = trunc i16 %phi_ln155

]]></Node>
<StgValue><ssdm name="trunc_ln164"/></StgValue>
</operation>

<operation id="123" st_id="4" stage="1" lat="1">
<core>NULL</core>
<MemPortIdVec></MemPortIdVec>
<condition id="-1">
<or_exp><and_exp><literal name="icmp_ln104" val="0"/>
<literal name="state_1" val="7"/>
</and_exp></or_exp>
</condition>

<Node id="33" bw="16" op_0_bw="8">
<![CDATA[
:8 %zext_ln164 = zext i8 %trunc_ln164

]]></Node>
<StgValue><ssdm name="zext_ln164"/></StgValue>
</operation>

<operation id="124" st_id="4" stage="1" lat="1">
<core>FIFO</core>
<MemPortIdVec></MemPortIdVec>
<condition id="-1">
<or_exp><and_exp><literal name="icmp_ln104" val="0"/>
<literal name="state_1" val="7"/>
</and_exp></or_exp>
</condition>

<Node id="34" bw="0" op_0_bw="0" op_1_bw="16" op_2_bw="16" op_3_bw="0">
<![CDATA[
:9 %write_ln174 = write void @_ssdm_op_Write.ap_fifo.volatile.i16P0A, i16 %outstream, i16 %zext_ln164

]]></Node>
<StgValue><ssdm name="write_ln174"/></StgValue>
</operation>

<operation id="125" st_id="4" stage="1" lat="1">
<core>NULL</core>
<MemPortIdVec></MemPortIdVec>
<condition id="-1">
<or_exp><and_exp><literal name="icmp_ln104" val="0"/>
<literal name="state_1" val="6"/>
</and_exp></or_exp>
</condition>

<Node id="45" bw="8" op_0_bw="8" op_1_bw="16" op_2_bw="32" op_3_bw="32">
<![CDATA[
:7 %lshr_ln4 = partselect i8 @_ssdm_op_PartSelect.i8.i16.i32.i32, i16 %phi_ln155, i32 3, i32 10

]]></Node>
<StgValue><ssdm name="lshr_ln4"/></StgValue>
</operation>

<operation id="126" st_id="4" stage="1" lat="1">
<core>NULL</core>
<MemPortIdVec></MemPortIdVec>
<condition id="-1">
<or_exp><and_exp><literal name="icmp_ln104" val="0"/>
<literal name="state_1" val="6"/>
</and_exp></or_exp>
</condition>

<Node id="46" bw="16" op_0_bw="8">
<![CDATA[
:8 %zext_ln157 = zext i8 %lshr_ln4

]]></Node>
<StgValue><ssdm name="zext_ln157"/></StgValue>
</operation>

<operation id="127" st_id="4" stage="1" lat="1">
<core>FIFO</core>
<MemPortIdVec></MemPortIdVec>
<condition id="-1">
<or_exp><and_exp><literal name="icmp_ln104" val="0"/>
<literal name="state_1" val="6"/>
</and_exp></or_exp>
</condition>

<Node id="47" bw="0" op_0_bw="0" op_1_bw="16" op_2_bw="16" op_3_bw="0">
<![CDATA[
:9 %write_ln174 = write void @_ssdm_op_Write.ap_fifo.volatile.i16P0A, i16 %outstream, i16 %zext_ln157

]]></Node>
<StgValue><ssdm name="write_ln174"/></StgValue>
</operation>

<operation id="128" st_id="4" stage="1" lat="1">
<core>NULL</core>
<MemPortIdVec></MemPortIdVec>
<condition id="-1">
<or_exp><and_exp><literal name="icmp_ln104" val="0"/>
<literal name="state_1" val="4"/>
</and_exp></or_exp>
</condition>

<Node id="74" bw="8" op_0_bw="8" op_1_bw="16" op_2_bw="32" op_3_bw="32">
<![CDATA[
:7 %lshr_ln3 = partselect i8 @_ssdm_op_PartSelect.i8.i16.i32.i32, i16 %phi_ln155, i32 1, i32 8

]]></Node>
<StgValue><ssdm name="lshr_ln3"/></StgValue>
</operation>

<operation id="129" st_id="4" stage="1" lat="1">
<core>NULL</core>
<MemPortIdVec></MemPortIdVec>
<condition id="-1">
<or_exp><and_exp><literal name="icmp_ln104" val="0"/>
<literal name="state_1" val="4"/>
</and_exp></or_exp>
</condition>

<Node id="75" bw="16" op_0_bw="8">
<![CDATA[
:8 %zext_ln142 = zext i8 %lshr_ln3

]]></Node>
<StgValue><ssdm name="zext_ln142"/></StgValue>
</operation>

<operation id="130" st_id="4" stage="1" lat="1">
<core>FIFO</core>
<MemPortIdVec></MemPortIdVec>
<condition id="-1">
<or_exp><and_exp><literal name="icmp_ln104" val="0"/>
<literal name="state_1" val="4"/>
</and_exp></or_exp>
</condition>

<Node id="76" bw="0" op_0_bw="0" op_1_bw="16" op_2_bw="16" op_3_bw="0">
<![CDATA[
:9 %write_ln174 = write void @_ssdm_op_Write.ap_fifo.volatile.i16P0A, i16 %outstream, i16 %zext_ln142

]]></Node>
<StgValue><ssdm name="write_ln174"/></StgValue>
</operation>

<operation id="131" st_id="4" stage="1" lat="1">
<core>NULL</core>
<MemPortIdVec></MemPortIdVec>
<condition id="-1">
<or_exp><and_exp><literal name="icmp_ln104" val="0"/>
<literal name="state_1" val="3"/>
</and_exp></or_exp>
</condition>

<Node id="90" bw="8" op_0_bw="8" op_1_bw="16" op_2_bw="32" op_3_bw="32">
<![CDATA[
:7 %lshr_ln2 = partselect i8 @_ssdm_op_PartSelect.i8.i16.i32.i32, i16 %phi_ln155, i32 4, i32 11

]]></Node>
<StgValue><ssdm name="lshr_ln2"/></StgValue>
</operation>

<operation id="132" st_id="4" stage="1" lat="1">
<core>NULL</core>
<MemPortIdVec></MemPortIdVec>
<condition id="-1">
<or_exp><and_exp><literal name="icmp_ln104" val="0"/>
<literal name="state_1" val="3"/>
</and_exp></or_exp>
</condition>

<Node id="91" bw="16" op_0_bw="8">
<![CDATA[
:8 %zext_ln134 = zext i8 %lshr_ln2

]]></Node>
<StgValue><ssdm name="zext_ln134"/></StgValue>
</operation>

<operation id="133" st_id="4" stage="1" lat="1">
<core>FIFO</core>
<MemPortIdVec></MemPortIdVec>
<condition id="-1">
<or_exp><and_exp><literal name="icmp_ln104" val="0"/>
<literal name="state_1" val="3"/>
</and_exp></or_exp>
</condition>

<Node id="92" bw="0" op_0_bw="0" op_1_bw="16" op_2_bw="16" op_3_bw="0">
<![CDATA[
:9 %write_ln174 = write void @_ssdm_op_Write.ap_fifo.volatile.i16P0A, i16 %outstream, i16 %zext_ln134

]]></Node>
<StgValue><ssdm name="write_ln174"/></StgValue>
</operation>

<operation id="134" st_id="4" stage="1" lat="1">
<core>NULL</core>
<MemPortIdVec></MemPortIdVec>
<condition id="-1">
<or_exp><and_exp><literal name="icmp_ln104" val="0"/>
<literal name="state_1" val="1"/>
</and_exp></or_exp>
</condition>

<Node id="119" bw="8" op_0_bw="8" op_1_bw="16" op_2_bw="32" op_3_bw="32">
<![CDATA[
:7 %lshr_ln1 = partselect i8 @_ssdm_op_PartSelect.i8.i16.i32.i32, i16 %phi_ln155, i32 2, i32 9

]]></Node>
<StgValue><ssdm name="lshr_ln1"/></StgValue>
</operation>

<operation id="135" st_id="4" stage="1" lat="1">
<core>NULL</core>
<MemPortIdVec></MemPortIdVec>
<condition id="-1">
<or_exp><and_exp><literal name="icmp_ln104" val="0"/>
<literal name="state_1" val="1"/>
</and_exp></or_exp>
</condition>

<Node id="120" bw="16" op_0_bw="8">
<![CDATA[
:8 %zext_ln119 = zext i8 %lshr_ln1

]]></Node>
<StgValue><ssdm name="zext_ln119"/></StgValue>
</operation>

<operation id="136" st_id="4" stage="1" lat="1">
<core>FIFO</core>
<MemPortIdVec></MemPortIdVec>
<condition id="-1">
<or_exp><and_exp><literal name="icmp_ln104" val="0"/>
<literal name="state_1" val="1"/>
</and_exp></or_exp>
</condition>

<Node id="121" bw="0" op_0_bw="0" op_1_bw="16" op_2_bw="16" op_3_bw="0">
<![CDATA[
:9 %write_ln174 = write void @_ssdm_op_Write.ap_fifo.volatile.i16P0A, i16 %outstream, i16 %zext_ln119

]]></Node>
<StgValue><ssdm name="write_ln174"/></StgValue>
</operation>
</state>

<state id="5" st_id="5">

<operation id="137" st_id="5" stage="1" lat="1">
<core>NULL</core>
<MemPortIdVec></MemPortIdVec>
<condition id="-1">
<or_exp><and_exp></and_exp></or_exp>
</condition>

<Node id="145" bw="8" op_0_bw="8" op_1_bw="0" op_2_bw="8" op_3_bw="0">
<![CDATA[
.loopexit:0 %state_1_lcssa = phi i8 %state_1, void, i8 %state_2, void %.split._crit_edge

]]></Node>
<StgValue><ssdm name="state_1_lcssa"/></StgValue>
</operation>

<operation id="138" st_id="5" stage="1" lat="1">
<core>NULL</core>
<MemPortIdVec></MemPortIdVec>
<condition id="-1">
<or_exp><and_exp></and_exp></or_exp>
</condition>

<Node id="146" bw="8" op_0_bw="8" op_1_bw="0" op_2_bw="8" op_3_bw="0">
<![CDATA[
.loopexit:1 %temp_1_lcssa = phi i8 %temp_1, void, i8 %temp_9, void %.split._crit_edge

]]></Node>
<StgValue><ssdm name="temp_1_lcssa"/></StgValue>
</operation>

<operation id="139" st_id="5" stage="1" lat="1">
<core>Cmp</core>
<MemPortIdVec></MemPortIdVec>
<condition id="-1">
<or_exp><and_exp></and_exp></or_exp>
</condition>

<Node id="147" bw="1" op_0_bw="8" op_1_bw="8">
<![CDATA[
.loopexit:2 %icmp_ln174 = icmp_eq  i8 %state_1_lcssa, i8 0

]]></Node>
<StgValue><ssdm name="icmp_ln174"/></StgValue>
</operation>

<operation id="140" st_id="5" stage="1" lat="1">
<core>NULL</core>
<MemPortIdVec></MemPortIdVec>
<condition id="-1">
<or_exp><and_exp></and_exp></or_exp>
</condition>

<Node id="148" bw="0" op_0_bw="1" op_1_bw="0" op_2_bw="0">
<![CDATA[
.loopexit:3 %br_ln174 = br i1 %icmp_ln174, void, void %.loopexit._crit_edge

]]></Node>
<StgValue><ssdm name="br_ln174"/></StgValue>
</operation>
</state>

<state id="6" st_id="6">

<operation id="141" st_id="6" stage="1" lat="1">
<core>NULL</core>
<MemPortIdVec></MemPortIdVec>
<condition id="-1">
<or_exp><and_exp></and_exp></or_exp>
</condition>

<Node id="150" bw="16" op_0_bw="8">
<![CDATA[
:0 %zext_ln175 = zext i8 %temp_1_lcssa

]]></Node>
<StgValue><ssdm name="zext_ln175"/></StgValue>
</operation>

<operation id="142" st_id="6" stage="1" lat="1">
<core>FIFO</core>
<MemPortIdVec></MemPortIdVec>
<condition id="-1">
<or_exp><and_exp></and_exp></or_exp>
</condition>

<Node id="151" bw="0" op_0_bw="0" op_1_bw="16" op_2_bw="16" op_3_bw="0" op_4_bw="0" op_5_bw="0" op_6_bw="0" op_7_bw="0" op_8_bw="0" op_9_bw="0" op_10_bw="0" op_11_bw="0" op_12_bw="0" op_13_bw="0" op_14_bw="0" op_15_bw="0">
<![CDATA[
:1 %write_ln174 = write void @_ssdm_op_Write.ap_fifo.volatile.i16P0A, i16 %outstream, i16 %zext_ln175

]]></Node>
<StgValue><ssdm name="write_ln174"/></StgValue>
</operation>

<operation id="143" st_id="6" stage="1" lat="1">
<core>NULL</core>
<MemPortIdVec></MemPortIdVec>
<condition id="-1">
<or_exp><and_exp></and_exp></or_exp>
</condition>

<Node id="152" bw="0" op_0_bw="0">
<![CDATA[
:2 %br_ln176 = br void %.loopexit._crit_edge

]]></Node>
<StgValue><ssdm name="br_ln176"/></StgValue>
</operation>
</state>

<state id="7" st_id="7">

<operation id="144" st_id="7" stage="1" lat="1">
<core>FIFO</core>
<MemPortIdVec></MemPortIdVec>
<condition id="-1">
<or_exp><and_exp></and_exp></or_exp>
</condition>

<Node id="154" bw="0" op_0_bw="0" op_1_bw="16" op_2_bw="16" op_3_bw="0" op_4_bw="0" op_5_bw="0" op_6_bw="0" op_7_bw="0" op_8_bw="0" op_9_bw="0" op_10_bw="0" op_11_bw="0" op_12_bw="0" op_13_bw="0" op_14_bw="0" op_15_bw="0" op_16_bw="0">
<![CDATA[
.loopexit._crit_edge:0 %write_ln174 = write void @_ssdm_op_Write.ap_fifo.volatile.i16P0A, i16 %outstream, i16 65535

]]></Node>
<StgValue><ssdm name="write_ln174"/></StgValue>
</operation>

<operation id="145" st_id="7" stage="1" lat="1">
<core>NULL</core>
<MemPortIdVec></MemPortIdVec>
<condition id="-1">
<or_exp><and_exp></and_exp></or_exp>
</condition>

<Node id="155" bw="0">
<![CDATA[
.loopexit._crit_edge:1 %ret_ln179 = ret

]]></Node>
<StgValue><ssdm name="ret_ln179"/></StgValue>
</operation>
</state>
</state_list>


<ports>
<port id="172" name="midstream" dir="0" iftype="3">
<core>FIFO</core><StgValue><ssdm name="midstream"/></StgValue>
</port>
<port id="173" name="outstream" dir="1" iftype="3">
<core>FIFO</core><StgValue><ssdm name="outstream"/></StgValue>
</port>
</ports>


<dataflows>
<dataflow id="175" from="StgValue_174" to="temp" fromId="174" toId="8">
</dataflow>
<dataflow id="176" from="StgValue_174" to="state" fromId="174" toId="9">
</dataflow>
<dataflow id="178" from="_ssdm_op_SpecInterface" to="specinterface_ln0" fromId="177" toId="10">
</dataflow>
<dataflow id="179" from="outstream" to="specinterface_ln0" fromId="173" toId="10">
</dataflow>
<dataflow id="181" from="empty_18" to="specinterface_ln0" fromId="180" toId="10">
</dataflow>
<dataflow id="183" from="StgValue_182" to="specinterface_ln0" fromId="182" toId="10">
</dataflow>
<dataflow id="184" from="StgValue_182" to="specinterface_ln0" fromId="182" toId="10">
</dataflow>
<dataflow id="186" from="empty_7" to="specinterface_ln0" fromId="185" toId="10">
</dataflow>
<dataflow id="187" from="StgValue_182" to="specinterface_ln0" fromId="182" toId="10">
</dataflow>
<dataflow id="188" from="StgValue_182" to="specinterface_ln0" fromId="182" toId="10">
</dataflow>
<dataflow id="189" from="empty_7" to="specinterface_ln0" fromId="185" toId="10">
</dataflow>
<dataflow id="190" from="empty_7" to="specinterface_ln0" fromId="185" toId="10">
</dataflow>
<dataflow id="191" from="empty_7" to="specinterface_ln0" fromId="185" toId="10">
</dataflow>
<dataflow id="192" from="StgValue_182" to="specinterface_ln0" fromId="182" toId="10">
</dataflow>
<dataflow id="193" from="StgValue_182" to="specinterface_ln0" fromId="182" toId="10">
</dataflow>
<dataflow id="194" from="StgValue_182" to="specinterface_ln0" fromId="182" toId="10">
</dataflow>
<dataflow id="195" from="StgValue_182" to="specinterface_ln0" fromId="182" toId="10">
</dataflow>
<dataflow id="196" from="empty_7" to="specinterface_ln0" fromId="185" toId="10">
</dataflow>
<dataflow id="197" from="empty_7" to="specinterface_ln0" fromId="185" toId="10">
</dataflow>
<dataflow id="198" from="_ssdm_op_SpecInterface" to="specinterface_ln0" fromId="177" toId="11">
</dataflow>
<dataflow id="199" from="midstream" to="specinterface_ln0" fromId="172" toId="11">
</dataflow>
<dataflow id="200" from="empty_18" to="specinterface_ln0" fromId="180" toId="11">
</dataflow>
<dataflow id="201" from="StgValue_182" to="specinterface_ln0" fromId="182" toId="11">
</dataflow>
<dataflow id="202" from="StgValue_182" to="specinterface_ln0" fromId="182" toId="11">
</dataflow>
<dataflow id="203" from="empty_7" to="specinterface_ln0" fromId="185" toId="11">
</dataflow>
<dataflow id="204" from="StgValue_182" to="specinterface_ln0" fromId="182" toId="11">
</dataflow>
<dataflow id="205" from="StgValue_182" to="specinterface_ln0" fromId="182" toId="11">
</dataflow>
<dataflow id="206" from="empty_7" to="specinterface_ln0" fromId="185" toId="11">
</dataflow>
<dataflow id="207" from="empty_7" to="specinterface_ln0" fromId="185" toId="11">
</dataflow>
<dataflow id="208" from="empty_7" to="specinterface_ln0" fromId="185" toId="11">
</dataflow>
<dataflow id="209" from="StgValue_182" to="specinterface_ln0" fromId="182" toId="11">
</dataflow>
<dataflow id="210" from="StgValue_182" to="specinterface_ln0" fromId="182" toId="11">
</dataflow>
<dataflow id="211" from="StgValue_182" to="specinterface_ln0" fromId="182" toId="11">
</dataflow>
<dataflow id="212" from="StgValue_182" to="specinterface_ln0" fromId="182" toId="11">
</dataflow>
<dataflow id="213" from="empty_7" to="specinterface_ln0" fromId="185" toId="11">
</dataflow>
<dataflow id="214" from="empty_7" to="specinterface_ln0" fromId="185" toId="11">
</dataflow>
<dataflow id="216" from="_ssdm_op_Read.ap_fifo.volatile.i16P0A" to="tmp" fromId="215" toId="12">
</dataflow>
<dataflow id="217" from="midstream" to="tmp" fromId="172" toId="12">
</dataflow>
<dataflow id="219" from="StgValue_218" to="store_ln104" fromId="218" toId="13">
</dataflow>
<dataflow id="220" from="state" to="store_ln104" fromId="9" toId="13">
</dataflow>
<dataflow id="221" from="StgValue_218" to="store_ln104" fromId="218" toId="14">
</dataflow>
<dataflow id="222" from="temp" to="store_ln104" fromId="8" toId="14">
</dataflow>
<dataflow id="224" from="StgValue_223" to="i" fromId="223" toId="16">
<condition id="-1">
<or_exp><and_exp></and_exp></or_exp>
</condition>
</dataflow>
<dataflow id="225" from="br_ln104" to="i" fromId="15" toId="16">
</dataflow>
<dataflow id="226" from="i_3" to="i" fromId="22" toId="16">
<BackEdge/>
<condition id="-1">
<or_exp><and_exp><literal name="icmp_ln104" val="0"/>
<literal name="icmp_ln169" val="0"/>
</and_exp></or_exp>
</condition>
</dataflow>
<dataflow id="227" from="br_ln0" to="i" fromId="121" toId="16">
<BackEdge/>
</dataflow>
<dataflow id="228" from="tmp" to="phi_ln155" fromId="12" toId="17">
<condition id="-1">
<or_exp><and_exp></and_exp></or_exp>
</condition>
</dataflow>
<dataflow id="229" from="br_ln104" to="phi_ln155" fromId="15" toId="17">
</dataflow>
<dataflow id="230" from="tmp_35" to="phi_ln155" fromId="118" toId="17">
<BackEdge/>
<condition id="-1">
<or_exp><and_exp><literal name="icmp_ln104" val="0"/>
<literal name="icmp_ln169" val="0"/>
</and_exp></or_exp>
</condition>
</dataflow>
<dataflow id="231" from="br_ln0" to="phi_ln155" fromId="121" toId="17">
<BackEdge/>
</dataflow>
<dataflow id="232" from="temp" to="temp_1" fromId="8" toId="18">
</dataflow>
<dataflow id="233" from="state" to="state_1" fromId="9" toId="19">
</dataflow>
<dataflow id="234" from="i" to="icmp_ln104" fromId="16" toId="20">
</dataflow>
<dataflow id="236" from="StgValue_235" to="icmp_ln104" fromId="235" toId="20">
</dataflow>
<dataflow id="238" from="_ssdm_op_SpecLoopTripCount" to="empty" fromId="237" toId="21">
</dataflow>
<dataflow id="240" from="StgValue_239" to="empty" fromId="239" toId="21">
</dataflow>
<dataflow id="242" from="StgValue_241" to="empty" fromId="241" toId="21">
</dataflow>
<dataflow id="244" from="StgValue_243" to="empty" fromId="243" toId="21">
</dataflow>
<dataflow id="245" from="i" to="i_3" fromId="16" toId="22">
</dataflow>
<dataflow id="247" from="StgValue_246" to="i_3" fromId="246" toId="22">
</dataflow>
<dataflow id="248" from="icmp_ln104" to="br_ln104" fromId="20" toId="23">
</dataflow>
<dataflow id="250" from="_ssdm_op_SpecPipeline" to="specpipeline_ln101" fromId="249" toId="24">
</dataflow>
<dataflow id="252" from="StgValue_251" to="specpipeline_ln101" fromId="251" toId="24">
</dataflow>
<dataflow id="253" from="StgValue_182" to="specpipeline_ln101" fromId="182" toId="24">
</dataflow>
<dataflow id="254" from="StgValue_182" to="specpipeline_ln101" fromId="182" toId="24">
</dataflow>
<dataflow id="255" from="StgValue_182" to="specpipeline_ln101" fromId="182" toId="24">
</dataflow>
<dataflow id="256" from="empty_7" to="specpipeline_ln101" fromId="185" toId="24">
</dataflow>
<dataflow id="258" from="_ssdm_op_SpecLoopName" to="specloopname_ln101" fromId="257" toId="25">
</dataflow>
<dataflow id="260" from="empty_12" to="specloopname_ln101" fromId="259" toId="25">
</dataflow>
<dataflow id="261" from="state_1" to="switch_ln107" fromId="19" toId="26">
</dataflow>
<dataflow id="262" from="StgValue_218" to="switch_ln107" fromId="218" toId="26">
</dataflow>
<dataflow id="264" from="StgValue_263" to="switch_ln107" fromId="263" toId="26">
</dataflow>
<dataflow id="266" from="StgValue_265" to="switch_ln107" fromId="265" toId="26">
</dataflow>
<dataflow id="268" from="StgValue_267" to="switch_ln107" fromId="267" toId="26">
</dataflow>
<dataflow id="270" from="StgValue_269" to="switch_ln107" fromId="269" toId="26">
</dataflow>
<dataflow id="272" from="StgValue_271" to="switch_ln107" fromId="271" toId="26">
</dataflow>
<dataflow id="274" from="StgValue_273" to="switch_ln107" fromId="273" toId="26">
</dataflow>
<dataflow id="276" from="StgValue_275" to="switch_ln107" fromId="275" toId="26">
</dataflow>
<dataflow id="277" from="StgValue_218" to="store_ln166" fromId="218" toId="27">
</dataflow>
<dataflow id="278" from="state" to="store_ln166" fromId="9" toId="27">
</dataflow>
<dataflow id="279" from="phi_ln155" to="trunc_ln158" fromId="17" toId="29">
</dataflow>
<dataflow id="281" from="_ssdm_op_BitConcatenate.i8.i3.i5" to="temp_8" fromId="280" toId="30">
</dataflow>
<dataflow id="282" from="trunc_ln158" to="temp_8" fromId="29" toId="30">
</dataflow>
<dataflow id="284" from="StgValue_283" to="temp_8" fromId="283" toId="30">
</dataflow>
<dataflow id="285" from="StgValue_275" to="store_ln160" fromId="275" toId="31">
</dataflow>
<dataflow id="286" from="state" to="store_ln160" fromId="9" toId="31">
</dataflow>
<dataflow id="287" from="temp_8" to="store_ln160" fromId="30" toId="32">
</dataflow>
<dataflow id="288" from="temp" to="store_ln160" fromId="8" toId="32">
</dataflow>
<dataflow id="289" from="phi_ln155" to="trunc_ln150" fromId="17" toId="34">
</dataflow>
<dataflow id="291" from="_ssdm_op_BitConcatenate.i8.i6.i2" to="temp_7" fromId="290" toId="35">
</dataflow>
<dataflow id="292" from="trunc_ln150" to="temp_7" fromId="34" toId="35">
</dataflow>
<dataflow id="294" from="StgValue_293" to="temp_7" fromId="293" toId="35">
</dataflow>
<dataflow id="295" from="StgValue_273" to="store_ln152" fromId="273" toId="36">
</dataflow>
<dataflow id="296" from="state" to="store_ln152" fromId="9" toId="36">
</dataflow>
<dataflow id="297" from="temp_7" to="store_ln152" fromId="35" toId="37">
</dataflow>
<dataflow id="298" from="temp" to="store_ln152" fromId="8" toId="37">
</dataflow>
<dataflow id="299" from="phi_ln155" to="trunc_ln143" fromId="17" toId="39">
</dataflow>
<dataflow id="301" from="_ssdm_op_BitConcatenate.i8.i1.i7" to="temp_6" fromId="300" toId="40">
</dataflow>
<dataflow id="302" from="trunc_ln143" to="temp_6" fromId="39" toId="40">
</dataflow>
<dataflow id="304" from="StgValue_303" to="temp_6" fromId="303" toId="40">
</dataflow>
<dataflow id="305" from="StgValue_271" to="store_ln145" fromId="271" toId="41">
</dataflow>
<dataflow id="306" from="state" to="store_ln145" fromId="9" toId="41">
</dataflow>
<dataflow id="307" from="temp_6" to="store_ln145" fromId="40" toId="42">
</dataflow>
<dataflow id="308" from="temp" to="store_ln145" fromId="8" toId="42">
</dataflow>
<dataflow id="309" from="phi_ln155" to="trunc_ln135" fromId="17" toId="44">
</dataflow>
<dataflow id="311" from="_ssdm_op_BitConcatenate.i8.i4.i4" to="temp_5" fromId="310" toId="45">
</dataflow>
<dataflow id="312" from="trunc_ln135" to="temp_5" fromId="44" toId="45">
</dataflow>
<dataflow id="314" from="StgValue_313" to="temp_5" fromId="313" toId="45">
</dataflow>
<dataflow id="315" from="StgValue_269" to="store_ln137" fromId="269" toId="46">
</dataflow>
<dataflow id="316" from="state" to="store_ln137" fromId="9" toId="46">
</dataflow>
<dataflow id="317" from="temp_5" to="store_ln137" fromId="45" toId="47">
</dataflow>
<dataflow id="318" from="temp" to="store_ln137" fromId="8" toId="47">
</dataflow>
<dataflow id="319" from="phi_ln155" to="trunc_ln127" fromId="17" toId="49">
</dataflow>
<dataflow id="321" from="_ssdm_op_BitConcatenate.i8.i7.i1" to="temp_4" fromId="320" toId="50">
</dataflow>
<dataflow id="322" from="trunc_ln127" to="temp_4" fromId="49" toId="50">
</dataflow>
<dataflow id="324" from="StgValue_323" to="temp_4" fromId="323" toId="50">
</dataflow>
<dataflow id="325" from="StgValue_267" to="store_ln129" fromId="267" toId="51">
</dataflow>
<dataflow id="326" from="state" to="store_ln129" fromId="9" toId="51">
</dataflow>
<dataflow id="327" from="temp_4" to="store_ln129" fromId="50" toId="52">
</dataflow>
<dataflow id="328" from="temp" to="store_ln129" fromId="8" toId="52">
</dataflow>
<dataflow id="329" from="phi_ln155" to="trunc_ln120" fromId="17" toId="54">
</dataflow>
<dataflow id="331" from="_ssdm_op_BitConcatenate.i8.i2.i6" to="temp_3" fromId="330" toId="55">
</dataflow>
<dataflow id="332" from="trunc_ln120" to="temp_3" fromId="54" toId="55">
</dataflow>
<dataflow id="334" from="StgValue_333" to="temp_3" fromId="333" toId="55">
</dataflow>
<dataflow id="335" from="StgValue_265" to="store_ln122" fromId="265" toId="56">
</dataflow>
<dataflow id="336" from="state" to="store_ln122" fromId="9" toId="56">
</dataflow>
<dataflow id="337" from="temp_3" to="store_ln122" fromId="55" toId="57">
</dataflow>
<dataflow id="338" from="temp" to="store_ln122" fromId="8" toId="57">
</dataflow>
<dataflow id="339" from="phi_ln155" to="trunc_ln112" fromId="17" toId="59">
</dataflow>
<dataflow id="341" from="_ssdm_op_BitConcatenate.i8.i5.i3" to="temp_2" fromId="340" toId="60">
</dataflow>
<dataflow id="342" from="trunc_ln112" to="temp_2" fromId="59" toId="60">
</dataflow>
<dataflow id="344" from="StgValue_343" to="temp_2" fromId="343" toId="60">
</dataflow>
<dataflow id="345" from="StgValue_263" to="store_ln114" fromId="263" toId="61">
</dataflow>
<dataflow id="346" from="state" to="store_ln114" fromId="9" toId="61">
</dataflow>
<dataflow id="347" from="temp_2" to="store_ln114" fromId="60" toId="62">
</dataflow>
<dataflow id="348" from="temp" to="store_ln114" fromId="8" toId="62">
</dataflow>
<dataflow id="350" from="_ssdm_op_PartSelect.i5.i16.i32.i32" to="trunc_ln" fromId="349" toId="64">
</dataflow>
<dataflow id="351" from="phi_ln155" to="trunc_ln" fromId="17" toId="64">
</dataflow>
<dataflow id="353" from="StgValue_352" to="trunc_ln" fromId="352" toId="64">
</dataflow>
<dataflow id="355" from="StgValue_354" to="trunc_ln" fromId="354" toId="64">
</dataflow>
<dataflow id="356" from="temp_1" to="trunc_ln163" fromId="18" toId="65">
</dataflow>
<dataflow id="357" from="trunc_ln163" to="or_ln163" fromId="65" toId="66">
</dataflow>
<dataflow id="358" from="trunc_ln" to="or_ln163" fromId="64" toId="66">
</dataflow>
<dataflow id="360" from="_ssdm_op_PartSelect.i3.i8.i32.i32" to="tmp_s" fromId="359" toId="67">
</dataflow>
<dataflow id="361" from="temp_1" to="tmp_s" fromId="18" toId="67">
</dataflow>
<dataflow id="363" from="StgValue_362" to="tmp_s" fromId="362" toId="67">
</dataflow>
<dataflow id="365" from="StgValue_364" to="tmp_s" fromId="364" toId="67">
</dataflow>
<dataflow id="366" from="_ssdm_op_BitConcatenate.i8.i3.i5" to="or_ln" fromId="280" toId="68">
</dataflow>
<dataflow id="367" from="tmp_s" to="or_ln" fromId="67" toId="68">
</dataflow>
<dataflow id="368" from="or_ln163" to="or_ln" fromId="66" toId="68">
</dataflow>
<dataflow id="369" from="or_ln" to="zext_ln163" fromId="68" toId="69">
</dataflow>
<dataflow id="371" from="_ssdm_op_Write.ap_fifo.volatile.i16P0A" to="write_ln174" fromId="370" toId="70">
</dataflow>
<dataflow id="372" from="outstream" to="write_ln174" fromId="173" toId="70">
</dataflow>
<dataflow id="373" from="zext_ln163" to="write_ln174" fromId="69" toId="70">
</dataflow>
<dataflow id="375" from="_ssdm_op_PartSelect.i2.i16.i32.i32" to="tmp_33" fromId="374" toId="71">
</dataflow>
<dataflow id="376" from="phi_ln155" to="tmp_33" fromId="17" toId="71">
</dataflow>
<dataflow id="378" from="StgValue_377" to="tmp_33" fromId="377" toId="71">
</dataflow>
<dataflow id="379" from="StgValue_354" to="tmp_33" fromId="354" toId="71">
</dataflow>
<dataflow id="380" from="temp_1" to="trunc_ln156" fromId="18" toId="72">
</dataflow>
<dataflow id="381" from="trunc_ln156" to="or_ln156" fromId="72" toId="73">
</dataflow>
<dataflow id="382" from="tmp_33" to="or_ln156" fromId="71" toId="73">
</dataflow>
<dataflow id="384" from="_ssdm_op_PartSelect.i6.i8.i32.i32" to="tmp_34" fromId="383" toId="74">
</dataflow>
<dataflow id="385" from="temp_1" to="tmp_34" fromId="18" toId="74">
</dataflow>
<dataflow id="387" from="StgValue_386" to="tmp_34" fromId="386" toId="74">
</dataflow>
<dataflow id="388" from="StgValue_364" to="tmp_34" fromId="364" toId="74">
</dataflow>
<dataflow id="389" from="_ssdm_op_BitConcatenate.i8.i6.i2" to="or_ln6" fromId="290" toId="75">
</dataflow>
<dataflow id="390" from="tmp_34" to="or_ln6" fromId="74" toId="75">
</dataflow>
<dataflow id="391" from="or_ln156" to="or_ln6" fromId="73" toId="75">
</dataflow>
<dataflow id="392" from="or_ln6" to="zext_ln156" fromId="75" toId="76">
</dataflow>
<dataflow id="393" from="_ssdm_op_Write.ap_fifo.volatile.i16P0A" to="write_ln174" fromId="370" toId="77">
</dataflow>
<dataflow id="394" from="outstream" to="write_ln174" fromId="173" toId="77">
</dataflow>
<dataflow id="395" from="zext_ln156" to="write_ln174" fromId="76" toId="77">
</dataflow>
<dataflow id="397" from="_ssdm_op_PartSelect.i7.i16.i32.i32" to="tmp_31" fromId="396" toId="78">
</dataflow>
<dataflow id="398" from="phi_ln155" to="tmp_31" fromId="17" toId="78">
</dataflow>
<dataflow id="400" from="StgValue_399" to="tmp_31" fromId="399" toId="78">
</dataflow>
<dataflow id="401" from="StgValue_354" to="tmp_31" fromId="354" toId="78">
</dataflow>
<dataflow id="402" from="temp_1" to="trunc_ln149" fromId="18" toId="79">
</dataflow>
<dataflow id="403" from="trunc_ln149" to="or_ln149" fromId="79" toId="80">
</dataflow>
<dataflow id="404" from="tmp_31" to="or_ln149" fromId="78" toId="80">
</dataflow>
<dataflow id="406" from="_ssdm_op_BitSelect.i1.i8.i32" to="tmp_32" fromId="405" toId="81">
</dataflow>
<dataflow id="407" from="temp_1" to="tmp_32" fromId="18" toId="81">
</dataflow>
<dataflow id="408" from="StgValue_364" to="tmp_32" fromId="364" toId="81">
</dataflow>
<dataflow id="409" from="_ssdm_op_BitConcatenate.i8.i1.i7" to="or_ln5" fromId="300" toId="82">
</dataflow>
<dataflow id="410" from="tmp_32" to="or_ln5" fromId="81" toId="82">
</dataflow>
<dataflow id="411" from="or_ln149" to="or_ln5" fromId="80" toId="82">
</dataflow>
<dataflow id="412" from="or_ln5" to="zext_ln149" fromId="82" toId="83">
</dataflow>
<dataflow id="413" from="_ssdm_op_Write.ap_fifo.volatile.i16P0A" to="write_ln174" fromId="370" toId="84">
</dataflow>
<dataflow id="414" from="outstream" to="write_ln174" fromId="173" toId="84">
</dataflow>
<dataflow id="415" from="zext_ln149" to="write_ln174" fromId="83" toId="84">
</dataflow>
<dataflow id="417" from="_ssdm_op_PartSelect.i4.i16.i32.i32" to="tmp_29" fromId="416" toId="85">
</dataflow>
<dataflow id="418" from="phi_ln155" to="tmp_29" fromId="17" toId="85">
</dataflow>
<dataflow id="420" from="StgValue_419" to="tmp_29" fromId="419" toId="85">
</dataflow>
<dataflow id="421" from="StgValue_354" to="tmp_29" fromId="354" toId="85">
</dataflow>
<dataflow id="422" from="temp_1" to="trunc_ln141" fromId="18" toId="86">
</dataflow>
<dataflow id="423" from="trunc_ln141" to="or_ln141" fromId="86" toId="87">
</dataflow>
<dataflow id="424" from="tmp_29" to="or_ln141" fromId="85" toId="87">
</dataflow>
<dataflow id="426" from="_ssdm_op_PartSelect.i4.i8.i32.i32" to="tmp_30" fromId="425" toId="88">
</dataflow>
<dataflow id="427" from="temp_1" to="tmp_30" fromId="18" toId="88">
</dataflow>
<dataflow id="429" from="StgValue_428" to="tmp_30" fromId="428" toId="88">
</dataflow>
<dataflow id="430" from="StgValue_364" to="tmp_30" fromId="364" toId="88">
</dataflow>
<dataflow id="431" from="_ssdm_op_BitConcatenate.i8.i4.i4" to="or_ln4" fromId="310" toId="89">
</dataflow>
<dataflow id="432" from="tmp_30" to="or_ln4" fromId="88" toId="89">
</dataflow>
<dataflow id="433" from="or_ln141" to="or_ln4" fromId="87" toId="89">
</dataflow>
<dataflow id="434" from="or_ln4" to="zext_ln141" fromId="89" toId="90">
</dataflow>
<dataflow id="435" from="_ssdm_op_Write.ap_fifo.volatile.i16P0A" to="write_ln174" fromId="370" toId="91">
</dataflow>
<dataflow id="436" from="outstream" to="write_ln174" fromId="173" toId="91">
</dataflow>
<dataflow id="437" from="zext_ln141" to="write_ln174" fromId="90" toId="91">
</dataflow>
<dataflow id="439" from="_ssdm_op_BitSelect.i1.i16.i32" to="tmp_27" fromId="438" toId="92">
</dataflow>
<dataflow id="440" from="phi_ln155" to="tmp_27" fromId="17" toId="92">
</dataflow>
<dataflow id="441" from="StgValue_354" to="tmp_27" fromId="354" toId="92">
</dataflow>
<dataflow id="442" from="temp_1" to="trunc_ln133" fromId="18" toId="93">
</dataflow>
<dataflow id="443" from="trunc_ln133" to="or_ln133" fromId="93" toId="94">
</dataflow>
<dataflow id="444" from="tmp_27" to="or_ln133" fromId="92" toId="94">
</dataflow>
<dataflow id="446" from="_ssdm_op_PartSelect.i7.i8.i32.i32" to="tmp_28" fromId="445" toId="95">
</dataflow>
<dataflow id="447" from="temp_1" to="tmp_28" fromId="18" toId="95">
</dataflow>
<dataflow id="448" from="StgValue_174" to="tmp_28" fromId="174" toId="95">
</dataflow>
<dataflow id="449" from="StgValue_364" to="tmp_28" fromId="364" toId="95">
</dataflow>
<dataflow id="450" from="_ssdm_op_BitConcatenate.i8.i7.i1" to="or_ln3" fromId="320" toId="96">
</dataflow>
<dataflow id="451" from="tmp_28" to="or_ln3" fromId="95" toId="96">
</dataflow>
<dataflow id="452" from="or_ln133" to="or_ln3" fromId="94" toId="96">
</dataflow>
<dataflow id="453" from="or_ln3" to="zext_ln133" fromId="96" toId="97">
</dataflow>
<dataflow id="454" from="_ssdm_op_Write.ap_fifo.volatile.i16P0A" to="write_ln174" fromId="370" toId="98">
</dataflow>
<dataflow id="455" from="outstream" to="write_ln174" fromId="173" toId="98">
</dataflow>
<dataflow id="456" from="zext_ln133" to="write_ln174" fromId="97" toId="98">
</dataflow>
<dataflow id="458" from="_ssdm_op_PartSelect.i6.i16.i32.i32" to="tmp_25" fromId="457" toId="99">
</dataflow>
<dataflow id="459" from="phi_ln155" to="tmp_25" fromId="17" toId="99">
</dataflow>
<dataflow id="460" from="StgValue_364" to="tmp_25" fromId="364" toId="99">
</dataflow>
<dataflow id="461" from="StgValue_354" to="tmp_25" fromId="354" toId="99">
</dataflow>
<dataflow id="462" from="temp_1" to="trunc_ln126" fromId="18" toId="100">
</dataflow>
<dataflow id="463" from="trunc_ln126" to="or_ln126" fromId="100" toId="101">
</dataflow>
<dataflow id="464" from="tmp_25" to="or_ln126" fromId="99" toId="101">
</dataflow>
<dataflow id="466" from="_ssdm_op_PartSelect.i2.i8.i32.i32" to="tmp_26" fromId="465" toId="102">
</dataflow>
<dataflow id="467" from="temp_1" to="tmp_26" fromId="18" toId="102">
</dataflow>
<dataflow id="468" from="StgValue_399" to="tmp_26" fromId="399" toId="102">
</dataflow>
<dataflow id="469" from="StgValue_364" to="tmp_26" fromId="364" toId="102">
</dataflow>
<dataflow id="470" from="_ssdm_op_BitConcatenate.i8.i2.i6" to="or_ln2" fromId="330" toId="103">
</dataflow>
<dataflow id="471" from="tmp_26" to="or_ln2" fromId="102" toId="103">
</dataflow>
<dataflow id="472" from="or_ln126" to="or_ln2" fromId="101" toId="103">
</dataflow>
<dataflow id="473" from="or_ln2" to="zext_ln126" fromId="103" toId="104">
</dataflow>
<dataflow id="474" from="_ssdm_op_Write.ap_fifo.volatile.i16P0A" to="write_ln174" fromId="370" toId="105">
</dataflow>
<dataflow id="475" from="outstream" to="write_ln174" fromId="173" toId="105">
</dataflow>
<dataflow id="476" from="zext_ln126" to="write_ln174" fromId="104" toId="105">
</dataflow>
<dataflow id="478" from="_ssdm_op_PartSelect.i3.i16.i32.i32" to="tmp_23" fromId="477" toId="106">
</dataflow>
<dataflow id="479" from="phi_ln155" to="tmp_23" fromId="17" toId="106">
</dataflow>
<dataflow id="481" from="StgValue_480" to="tmp_23" fromId="480" toId="106">
</dataflow>
<dataflow id="482" from="StgValue_354" to="tmp_23" fromId="354" toId="106">
</dataflow>
<dataflow id="483" from="temp_1" to="trunc_ln118" fromId="18" toId="107">
</dataflow>
<dataflow id="484" from="trunc_ln118" to="or_ln118" fromId="107" toId="108">
</dataflow>
<dataflow id="485" from="tmp_23" to="or_ln118" fromId="106" toId="108">
</dataflow>
<dataflow id="487" from="_ssdm_op_PartSelect.i5.i8.i32.i32" to="tmp_24" fromId="486" toId="109">
</dataflow>
<dataflow id="488" from="temp_1" to="tmp_24" fromId="18" toId="109">
</dataflow>
<dataflow id="490" from="StgValue_489" to="tmp_24" fromId="489" toId="109">
</dataflow>
<dataflow id="491" from="StgValue_364" to="tmp_24" fromId="364" toId="109">
</dataflow>
<dataflow id="492" from="_ssdm_op_BitConcatenate.i8.i5.i3" to="or_ln1" fromId="340" toId="110">
</dataflow>
<dataflow id="493" from="tmp_24" to="or_ln1" fromId="109" toId="110">
</dataflow>
<dataflow id="494" from="or_ln118" to="or_ln1" fromId="108" toId="110">
</dataflow>
<dataflow id="495" from="or_ln1" to="zext_ln118" fromId="110" toId="111">
</dataflow>
<dataflow id="496" from="_ssdm_op_Write.ap_fifo.volatile.i16P0A" to="write_ln174" fromId="370" toId="112">
</dataflow>
<dataflow id="497" from="outstream" to="write_ln174" fromId="173" toId="112">
</dataflow>
<dataflow id="498" from="zext_ln118" to="write_ln174" fromId="111" toId="112">
</dataflow>
<dataflow id="500" from="_ssdm_op_PartSelect.i8.i16.i32.i32" to="lshr_ln" fromId="499" toId="113">
</dataflow>
<dataflow id="501" from="phi_ln155" to="lshr_ln" fromId="17" toId="113">
</dataflow>
<dataflow id="502" from="StgValue_362" to="lshr_ln" fromId="362" toId="113">
</dataflow>
<dataflow id="503" from="StgValue_354" to="lshr_ln" fromId="354" toId="113">
</dataflow>
<dataflow id="504" from="lshr_ln" to="zext_ln111" fromId="113" toId="114">
</dataflow>
<dataflow id="505" from="_ssdm_op_Write.ap_fifo.volatile.i16P0A" to="write_ln174" fromId="370" toId="115">
</dataflow>
<dataflow id="506" from="outstream" to="write_ln174" fromId="173" toId="115">
</dataflow>
<dataflow id="507" from="zext_ln111" to="write_ln174" fromId="114" toId="115">
</dataflow>
<dataflow id="508" from="temp" to="temp_9" fromId="8" toId="116">
</dataflow>
<dataflow id="509" from="state" to="state_2" fromId="9" toId="117">
</dataflow>
<dataflow id="510" from="_ssdm_op_Read.ap_fifo.volatile.i16P0A" to="tmp_35" fromId="215" toId="118">
</dataflow>
<dataflow id="511" from="midstream" to="tmp_35" fromId="172" toId="118">
</dataflow>
<dataflow id="512" from="tmp_35" to="icmp_ln169" fromId="118" toId="119">
</dataflow>
<dataflow id="514" from="StgValue_513" to="icmp_ln169" fromId="513" toId="119">
</dataflow>
<dataflow id="515" from="icmp_ln169" to="br_ln169" fromId="119" toId="120">
</dataflow>
<dataflow id="516" from="phi_ln155" to="trunc_ln164" fromId="17" toId="122">
</dataflow>
<dataflow id="517" from="trunc_ln164" to="zext_ln164" fromId="122" toId="123">
</dataflow>
<dataflow id="518" from="_ssdm_op_Write.ap_fifo.volatile.i16P0A" to="write_ln174" fromId="370" toId="124">
</dataflow>
<dataflow id="519" from="outstream" to="write_ln174" fromId="173" toId="124">
</dataflow>
<dataflow id="520" from="zext_ln164" to="write_ln174" fromId="123" toId="124">
</dataflow>
<dataflow id="521" from="_ssdm_op_PartSelect.i8.i16.i32.i32" to="lshr_ln4" fromId="499" toId="125">
</dataflow>
<dataflow id="522" from="phi_ln155" to="lshr_ln4" fromId="17" toId="125">
</dataflow>
<dataflow id="523" from="StgValue_489" to="lshr_ln4" fromId="489" toId="125">
</dataflow>
<dataflow id="524" from="StgValue_480" to="lshr_ln4" fromId="480" toId="125">
</dataflow>
<dataflow id="525" from="lshr_ln4" to="zext_ln157" fromId="125" toId="126">
</dataflow>
<dataflow id="526" from="_ssdm_op_Write.ap_fifo.volatile.i16P0A" to="write_ln174" fromId="370" toId="127">
</dataflow>
<dataflow id="527" from="outstream" to="write_ln174" fromId="173" toId="127">
</dataflow>
<dataflow id="528" from="zext_ln157" to="write_ln174" fromId="126" toId="127">
</dataflow>
<dataflow id="529" from="_ssdm_op_PartSelect.i8.i16.i32.i32" to="lshr_ln3" fromId="499" toId="128">
</dataflow>
<dataflow id="530" from="phi_ln155" to="lshr_ln3" fromId="17" toId="128">
</dataflow>
<dataflow id="531" from="StgValue_174" to="lshr_ln3" fromId="174" toId="128">
</dataflow>
<dataflow id="532" from="StgValue_352" to="lshr_ln3" fromId="352" toId="128">
</dataflow>
<dataflow id="533" from="lshr_ln3" to="zext_ln142" fromId="128" toId="129">
</dataflow>
<dataflow id="534" from="_ssdm_op_Write.ap_fifo.volatile.i16P0A" to="write_ln174" fromId="370" toId="130">
</dataflow>
<dataflow id="535" from="outstream" to="write_ln174" fromId="173" toId="130">
</dataflow>
<dataflow id="536" from="zext_ln142" to="write_ln174" fromId="129" toId="130">
</dataflow>
<dataflow id="537" from="_ssdm_op_PartSelect.i8.i16.i32.i32" to="lshr_ln2" fromId="499" toId="131">
</dataflow>
<dataflow id="538" from="phi_ln155" to="lshr_ln2" fromId="17" toId="131">
</dataflow>
<dataflow id="539" from="StgValue_428" to="lshr_ln2" fromId="428" toId="131">
</dataflow>
<dataflow id="540" from="StgValue_377" to="lshr_ln2" fromId="377" toId="131">
</dataflow>
<dataflow id="541" from="lshr_ln2" to="zext_ln134" fromId="131" toId="132">
</dataflow>
<dataflow id="542" from="_ssdm_op_Write.ap_fifo.volatile.i16P0A" to="write_ln174" fromId="370" toId="133">
</dataflow>
<dataflow id="543" from="outstream" to="write_ln174" fromId="173" toId="133">
</dataflow>
<dataflow id="544" from="zext_ln134" to="write_ln174" fromId="132" toId="133">
</dataflow>
<dataflow id="545" from="_ssdm_op_PartSelect.i8.i16.i32.i32" to="lshr_ln1" fromId="499" toId="134">
</dataflow>
<dataflow id="546" from="phi_ln155" to="lshr_ln1" fromId="17" toId="134">
</dataflow>
<dataflow id="547" from="StgValue_386" to="lshr_ln1" fromId="386" toId="134">
</dataflow>
<dataflow id="548" from="StgValue_419" to="lshr_ln1" fromId="419" toId="134">
</dataflow>
<dataflow id="549" from="lshr_ln1" to="zext_ln119" fromId="134" toId="135">
</dataflow>
<dataflow id="550" from="_ssdm_op_Write.ap_fifo.volatile.i16P0A" to="write_ln174" fromId="370" toId="136">
</dataflow>
<dataflow id="551" from="outstream" to="write_ln174" fromId="173" toId="136">
</dataflow>
<dataflow id="552" from="zext_ln119" to="write_ln174" fromId="135" toId="136">
</dataflow>
<dataflow id="553" from="state_1" to="state_1_lcssa" fromId="19" toId="137">
<condition id="-1">
<or_exp><and_exp><literal name="icmp_ln104" val="1"/>
</and_exp></or_exp>
</condition>
</dataflow>
<dataflow id="554" from="br_ln104" to="state_1_lcssa" fromId="23" toId="137">
</dataflow>
<dataflow id="555" from="state_2" to="state_1_lcssa" fromId="117" toId="137">
<condition id="-1">
<or_exp><and_exp><literal name="icmp_ln104" val="0"/>
<literal name="icmp_ln169" val="1"/>
</and_exp></or_exp>
</condition>
</dataflow>
<dataflow id="556" from="br_ln169" to="state_1_lcssa" fromId="120" toId="137">
</dataflow>
<dataflow id="557" from="temp_1" to="temp_1_lcssa" fromId="18" toId="138">
<condition id="-1">
<or_exp><and_exp><literal name="icmp_ln104" val="1"/>
</and_exp></or_exp>
</condition>
</dataflow>
<dataflow id="558" from="br_ln104" to="temp_1_lcssa" fromId="23" toId="138">
</dataflow>
<dataflow id="559" from="temp_9" to="temp_1_lcssa" fromId="116" toId="138">
<condition id="-1">
<or_exp><and_exp><literal name="icmp_ln104" val="0"/>
<literal name="icmp_ln169" val="1"/>
</and_exp></or_exp>
</condition>
</dataflow>
<dataflow id="560" from="br_ln169" to="temp_1_lcssa" fromId="120" toId="138">
</dataflow>
<dataflow id="561" from="state_1_lcssa" to="icmp_ln174" fromId="137" toId="139">
</dataflow>
<dataflow id="562" from="StgValue_218" to="icmp_ln174" fromId="218" toId="139">
</dataflow>
<dataflow id="563" from="icmp_ln174" to="br_ln174" fromId="139" toId="140">
</dataflow>
<dataflow id="564" from="temp_1_lcssa" to="zext_ln175" fromId="138" toId="141">
</dataflow>
<dataflow id="565" from="_ssdm_op_Write.ap_fifo.volatile.i16P0A" to="write_ln174" fromId="370" toId="142">
</dataflow>
<dataflow id="566" from="outstream" to="write_ln174" fromId="173" toId="142">
</dataflow>
<dataflow id="567" from="zext_ln175" to="write_ln174" fromId="141" toId="142">
</dataflow>
<dataflow id="568" from="_ssdm_op_Write.ap_fifo.volatile.i16P0A" to="write_ln174" fromId="370" toId="144">
</dataflow>
<dataflow id="569" from="outstream" to="write_ln174" fromId="173" toId="144">
</dataflow>
<dataflow id="570" from="StgValue_513" to="write_ln174" fromId="513" toId="144">
</dataflow>
<dataflow id="571" from="icmp_ln104" to="StgValue_2" fromId="20" toId="2">
</dataflow>
<dataflow id="572" from="state_1" to="StgValue_2" fromId="19" toId="2">
</dataflow>
<dataflow id="573" from="icmp_ln104" to="StgValue_3" fromId="20" toId="3">
</dataflow>
<dataflow id="574" from="state_1" to="StgValue_3" fromId="19" toId="3">
</dataflow>
<dataflow id="575" from="icmp_ln169" to="StgValue_3" fromId="119" toId="3">
</dataflow>
<dataflow id="576" from="icmp_ln104" to="StgValue_4" fromId="20" toId="4">
</dataflow>
<dataflow id="577" from="state_1" to="StgValue_4" fromId="19" toId="4">
</dataflow>
<dataflow id="578" from="icmp_ln174" to="StgValue_5" fromId="139" toId="5">
</dataflow>
<dataflow id="579" from="icmp_ln169" to="StgValue_4" fromId="119" toId="4">
</dataflow>
</dataflows>


</stg>
