<stg><name>lzw_hw_bitpack</name>


<trans_list>

<trans id="146" from="1" to="2">
<condition id="-1">
<or_exp><and_exp></and_exp></or_exp>
</condition>
</trans>

<trans id="168" from="2" to="3">
<condition id="-1">
<or_exp><and_exp></and_exp></or_exp>
</condition>
</trans>

<trans id="169" from="3" to="4">
<condition id="-1">
<or_exp><and_exp></and_exp></or_exp>
</condition>
</trans>

<trans id="170" from="4" to="5">
<condition id="-1">
<or_exp><and_exp><literal name="icmp_ln169" val="1"/>
</and_exp><and_exp><literal name="icmp_ln104" val="1"/>
</and_exp></or_exp>
</condition>
</trans>

<trans id="171" from="4" to="2">
<condition id="-1">
<or_exp><and_exp><literal name="icmp_ln104" val="0"/>
<literal name="icmp_ln169" val="0"/>
</and_exp></or_exp>
</condition>
</trans>

<trans id="164" from="5" to="6">
<condition id="-1">
<or_exp><and_exp><literal name="icmp_ln174" val="0"/>
</and_exp></or_exp>
</condition>
</trans>

<trans id="165" from="5" to="7">
<condition id="-1">
<or_exp><and_exp><literal name="icmp_ln174" val="1"/>
</and_exp></or_exp>
</condition>
</trans>

<trans id="166" from="6" to="7">
<condition id="-1">
<or_exp><and_exp></and_exp></or_exp>
</condition>
</trans>
</trans_list>



<state_list>

<state id="1" st_id="1">

<operation id="8" st_id="1" stage="1" lat="1">
<core>NULL</core>
<MemPortIdVec></MemPortIdVec>
<condition id="-1">
<or_exp><and_exp></and_exp></or_exp>
</condition>

<Node id="3" bw="8" op_0_bw="32">
<![CDATA[
:0 %temp = alloca i32 1

]]></Node>
<StgValue><ssdm name="temp"/></StgValue>
</operation>

<operation id="9" st_id="1" stage="1" lat="1">
<core>NULL</core>
<MemPortIdVec></MemPortIdVec>
<condition id="-1">
<or_exp><and_exp></and_exp></or_exp>
</condition>

<Node id="4" bw="8" op_0_bw="32">
<![CDATA[
:1 %state = alloca i32 1

]]></Node>
<StgValue><ssdm name="state"/></StgValue>
</operation>

<operation id="10" st_id="1" stage="1" lat="1">
<core>NULL</core>
<MemPortIdVec></MemPortIdVec>
<condition id="-1">
<or_exp><and_exp></and_exp></or_exp>
</condition>

<Node id="5" bw="0" op_0_bw="0" op_1_bw="16" op_2_bw="0" op_3_bw="32" op_4_bw="32" op_5_bw="0" op_6_bw="32" op_7_bw="32" op_8_bw="0" op_9_bw="0" op_10_bw="0" op_11_bw="32" op_12_bw="32" op_13_bw="32" op_14_bw="32" op_15_bw="0" op_16_bw="0">
<![CDATA[
:2 %specinterface_ln0 = specinterface void @_ssdm_op_SpecInterface, i16 %outstream, void @empty_18, i32 0, i32 0, void @empty_7, i32 0, i32 0, void @empty_7, void @empty_7, void @empty_7, i32 0, i32 0, i32 0, i32 0, void @empty_7, void @empty_7

]]></Node>
<StgValue><ssdm name="specinterface_ln0"/></StgValue>
</operation>

<operation id="11" st_id="1" stage="1" lat="1">
<core>NULL</core>
<MemPortIdVec></MemPortIdVec>
<condition id="-1">
<or_exp><and_exp></and_exp></or_exp>
</condition>

<Node id="6" bw="0" op_0_bw="0" op_1_bw="16" op_2_bw="0" op_3_bw="32" op_4_bw="32" op_5_bw="0" op_6_bw="32" op_7_bw="32" op_8_bw="0" op_9_bw="0" op_10_bw="0" op_11_bw="32" op_12_bw="32" op_13_bw="32" op_14_bw="32" op_15_bw="0" op_16_bw="0">
<![CDATA[
:3 %specinterface_ln0 = specinterface void @_ssdm_op_SpecInterface, i16 %midstream, void @empty_18, i32 0, i32 0, void @empty_7, i32 0, i32 0, void @empty_7, void @empty_7, void @empty_7, i32 0, i32 0, i32 0, i32 0, void @empty_7, void @empty_7

]]></Node>
<StgValue><ssdm name="specinterface_ln0"/></StgValue>
</operation>

<operation id="12" st_id="1" stage="1" lat="1">
<core>FIFO</core>
<MemPortIdVec></MemPortIdVec>
<condition id="-1">
<or_exp><and_exp></and_exp></or_exp>
</condition>

<Node id="7" bw="16" op_0_bw="16" op_1_bw="16">
<![CDATA[
:4 %tmp = read i16 @_ssdm_op_Read.ap_fifo.volatile.i16P0A, i16 %midstream

]]></Node>
<StgValue><ssdm name="tmp"/></StgValue>
</operation>

<operation id="13" st_id="1" stage="1" lat="1">
<core>NULL</core>
<MemPortIdVec></MemPortIdVec>
<condition id="-1">
<or_exp><and_exp></and_exp></or_exp>
</condition>

<Node id="8" bw="0" op_0_bw="8" op_1_bw="8">
<![CDATA[
:5 %store_ln104 = store i8 0, i8 %state

]]></Node>
<StgValue><ssdm name="store_ln104"/></StgValue>
</operation>

<operation id="14" st_id="1" stage="1" lat="1">
<core>NULL</core>
<MemPortIdVec></MemPortIdVec>
<condition id="-1">
<or_exp><and_exp></and_exp></or_exp>
</condition>

<Node id="9" bw="0" op_0_bw="8" op_1_bw="8">
<![CDATA[
:6 %store_ln104 = store i8 0, i8 %temp

]]></Node>
<StgValue><ssdm name="store_ln104"/></StgValue>
</operation>

<operation id="15" st_id="1" stage="1" lat="1">
<core>NULL</core>
<MemPortIdVec></MemPortIdVec>
<condition id="-1">
<or_exp><and_exp></and_exp></or_exp>
</condition>

<Node id="10" bw="0" op_0_bw="0">
<![CDATA[
:7 %br_ln104 = br void

]]></Node>
<StgValue><ssdm name="br_ln104"/></StgValue>
</operation>
</state>

<state id="2" st_id="2">

<operation id="16" st_id="2" stage="1" lat="1">
<core>NULL</core>
<MemPortIdVec></MemPortIdVec>
<condition id="-1">
<or_exp><and_exp></and_exp></or_exp>
</condition>

<Node id="12" bw="14" op_0_bw="14" op_1_bw="0" op_2_bw="14" op_3_bw="0">
<![CDATA[
:0 %i = phi i14 0, void, i14 %i_3, void

]]></Node>
<StgValue><ssdm name="i"/></StgValue>
</operation>

<operation id="17" st_id="2" stage="1" lat="1">
<core>NULL</core>
<MemPortIdVec></MemPortIdVec>
<condition id="-1">
<or_exp><and_exp></and_exp></or_exp>
</condition>

<Node id="13" bw="16" op_0_bw="16" op_1_bw="0" op_2_bw="16" op_3_bw="0">
<![CDATA[
:1 %phi_ln155 = phi i16 %tmp, void, i16 %tmp_35, void

]]></Node>
<StgValue><ssdm name="phi_ln155"/></StgValue>
</operation>

<operation id="18" st_id="2" stage="1" lat="1">
<core>NULL</core>
<MemPortIdVec></MemPortIdVec>
<condition id="-1">
<or_exp><and_exp></and_exp></or_exp>
</condition>

<Node id="14" bw="8" op_0_bw="8" op_1_bw="0">
<![CDATA[
:2 %temp_1 = load i8 %temp

]]></Node>
<StgValue><ssdm name="temp_1"/></StgValue>
</operation>

<operation id="19" st_id="2" stage="1" lat="1">
<core>NULL</core>
<MemPortIdVec></MemPortIdVec>
<condition id="-1">
<or_exp><and_exp></and_exp></or_exp>
</condition>

<Node id="15" bw="8" op_0_bw="8" op_1_bw="0">
<![CDATA[
:3 %state_1 = load i8 %state

]]></Node>
<StgValue><ssdm name="state_1"/></StgValue>
</operation>

<operation id="20" st_id="2" stage="1" lat="1">
<core>Cmp</core>
<MemPortIdVec></MemPortIdVec>
<condition id="-1">
<or_exp><and_exp></and_exp></or_exp>
</condition>

<Node id="16" bw="1" op_0_bw="14" op_1_bw="14">
<![CDATA[
:4 %icmp_ln104 = icmp_eq  i14 %i, i14 8192

]]></Node>
<StgValue><ssdm name="icmp_ln104"/></StgValue>
</operation>

<operation id="21" st_id="2" stage="1" lat="1">
<core>NULL</core>
<MemPortIdVec></MemPortIdVec>
<condition id="-1">
<or_exp><and_exp></and_exp></or_exp>
</condition>

<Node id="17" bw="32" op_0_bw="32" op_1_bw="64" op_2_bw="64" op_3_bw="64">
<![CDATA[
:5 %empty = speclooptripcount i32 @_ssdm_op_SpecLoopTripCount, i64 1, i64 8192, i64 4096

]]></Node>
<StgValue><ssdm name="empty"/></StgValue>
</operation>

<operation id="22" st_id="2" stage="1" lat="1">
<core>Adder</core>
<MemPortIdVec></MemPortIdVec>
<condition id="-1">
<or_exp><and_exp></and_exp></or_exp>
</condition>

<Node id="18" bw="14" op_0_bw="14" op_1_bw="14">
<![CDATA[
:6 %i_3 = add i14 %i, i14 1

]]></Node>
<StgValue><ssdm name="i_3"/></StgValue>
</operation>

<operation id="23" st_id="2" stage="1" lat="1">
<core>NULL</core>
<MemPortIdVec></MemPortIdVec>
<condition id="-1">
<or_exp><and_exp></and_exp></or_exp>
</condition>

<Node id="19" bw="0" op_0_bw="1" op_1_bw="0" op_2_bw="0">
<![CDATA[
:7 %br_ln104 = br i1 %icmp_ln104, void %.split, void %.loopexit

]]></Node>
<StgValue><ssdm name="br_ln104"/></StgValue>
</operation>

<operation id="24" st_id="2" stage="1" lat="1">
<core>NULL</core>
<MemPortIdVec></MemPortIdVec>
<condition id="-1">
<or_exp><and_exp><literal name="icmp_ln104" val="0"/>
</and_exp></or_exp>
</condition>

<Node id="21" bw="0" op_0_bw="0" op_1_bw="32" op_2_bw="32" op_3_bw="32" op_4_bw="32" op_5_bw="0">
<![CDATA[
.split:0 %specpipeline_ln101 = specpipeline void @_ssdm_op_SpecPipeline, i32 4294967295, i32 0, i32 0, i32 0, void @empty_7

]]></Node>
<StgValue><ssdm name="specpipeline_ln101"/></StgValue>
</operation>

<operation id="25" st_id="2" stage="1" lat="1">
<core>NULL</core>
<MemPortIdVec></MemPortIdVec>
<condition id="-1">
<or_exp><and_exp><literal name="icmp_ln104" val="0"/>
</and_exp></or_exp>
</condition>

<Node id="22" bw="0" op_0_bw="0" op_1_bw="0">
<![CDATA[
.split:1 %specloopname_ln101 = specloopname void @_ssdm_op_SpecLoopName, void @empty_12

]]></Node>
<StgValue><ssdm name="specloopname_ln101"/></StgValue>
</operation>

<operation id="26" st_id="2" stage="1" lat="1">
<core>NULL</core>
<MemPortIdVec></MemPortIdVec>
<condition id="-1">
<or_exp><and_exp><literal name="icmp_ln104" val="0"/>
</and_exp></or_exp>
</condition>

<Node id="23" bw="0" op_0_bw="8" op_1_bw="0" op_2_bw="8" op_3_bw="0" op_4_bw="8" op_5_bw="0" op_6_bw="8" op_7_bw="0" op_8_bw="8" op_9_bw="0" op_10_bw="8" op_11_bw="0" op_12_bw="8" op_13_bw="0" op_14_bw="8" op_15_bw="0" op_16_bw="8" op_17_bw="0">
<![CDATA[
.split:2 %switch_ln107 = switch i8 %state_1, void %.split._crit_edge, i8 0, void, i8 1, void, i8 2, void, i8 3, void, i8 4, void, i8 5, void, i8 6, void, i8 7, void

]]></Node>
<StgValue><ssdm name="switch_ln107"/></StgValue>
</operation>

<operation id="27" st_id="2" stage="1" lat="1">
<core>NULL</core>
<MemPortIdVec></MemPortIdVec>
<condition id="-1">
<or_exp><and_exp><literal name="icmp_ln104" val="0"/>
<literal name="state_1" val="7"/>
</and_exp></or_exp>
</condition>

<Node id="35" bw="0" op_0_bw="8" op_1_bw="8" op_2_bw="0" op_3_bw="0">
<![CDATA[
:10 %store_ln166 = store i8 0, i8 %state

]]></Node>
<StgValue><ssdm name="store_ln166"/></StgValue>
</operation>

<operation id="28" st_id="2" stage="1" lat="1">
<core>NULL</core>
<MemPortIdVec></MemPortIdVec>
<condition id="-1">
<or_exp><and_exp><literal name="icmp_ln104" val="0"/>
<literal name="state_1" val="7"/>
</and_exp></or_exp>
</condition>

<Node id="36" bw="0" op_0_bw="0">
<![CDATA[
:11 %br_ln166 = br void %.split._crit_edge

]]></Node>
<StgValue><ssdm name="br_ln166"/></StgValue>
</operation>

<operation id="29" st_id="2" stage="1" lat="1">
<core>NULL</core>
<MemPortIdVec></MemPortIdVec>
<condition id="-1">
<or_exp><and_exp><literal name="icmp_ln104" val="0"/>
<literal name="state_1" val="6"/>
</and_exp></or_exp>
</condition>

<Node id="48" bw="3" op_0_bw="16">
<![CDATA[
:10 %trunc_ln158 = trunc i16 %phi_ln155

]]></Node>
<StgValue><ssdm name="trunc_ln158"/></StgValue>
</operation>

<operation id="30" st_id="2" stage="1" lat="1">
<core>NULL</core>
<MemPortIdVec></MemPortIdVec>
<condition id="-1">
<or_exp><and_exp><literal name="icmp_ln104" val="0"/>
<literal name="state_1" val="6"/>
</and_exp></or_exp>
</condition>

<Node id="49" bw="8" op_0_bw="8" op_1_bw="3" op_2_bw="5">
<![CDATA[
:11 %temp_8 = bitconcatenate i8 @_ssdm_op_BitConcatenate.i8.i3.i5, i3 %trunc_ln158, i5 0

]]></Node>
<StgValue><ssdm name="temp_8"/></StgValue>
</operation>

<operation id="31" st_id="2" stage="1" lat="1">
<core>NULL</core>
<MemPortIdVec></MemPortIdVec>
<condition id="-1">
<or_exp><and_exp><literal name="icmp_ln104" val="0"/>
<literal name="state_1" val="6"/>
</and_exp></or_exp>
</condition>

<Node id="50" bw="0" op_0_bw="8" op_1_bw="8" op_2_bw="0" op_3_bw="0">
<![CDATA[
:12 %store_ln160 = store i8 7, i8 %state

]]></Node>
<StgValue><ssdm name="store_ln160"/></StgValue>
</operation>

<operation id="32" st_id="2" stage="1" lat="1">
<core>NULL</core>
<MemPortIdVec></MemPortIdVec>
<condition id="-1">
<or_exp><and_exp><literal name="icmp_ln104" val="0"/>
<literal name="state_1" val="6"/>
</and_exp></or_exp>
</condition>

<Node id="51" bw="0" op_0_bw="8" op_1_bw="8" op_2_bw="0" op_3_bw="0">
<![CDATA[
:13 %store_ln160 = store i8 %temp_8, i8 %temp

]]></Node>
<StgValue><ssdm name="store_ln160"/></StgValue>
</operation>

<operation id="33" st_id="2" stage="1" lat="1">
<core>NULL</core>
<MemPortIdVec></MemPortIdVec>
<condition id="-1">
<or_exp><and_exp><literal name="icmp_ln104" val="0"/>
<literal name="state_1" val="6"/>
</and_exp></or_exp>
</condition>

<Node id="52" bw="0" op_0_bw="0">
<![CDATA[
:14 %br_ln160 = br void %.split._crit_edge

]]></Node>
<StgValue><ssdm name="br_ln160"/></StgValue>
</operation>

<operation id="34" st_id="2" stage="1" lat="1">
<core>NULL</core>
<MemPortIdVec></MemPortIdVec>
<condition id="-1">
<or_exp><and_exp><literal name="icmp_ln104" val="0"/>
<literal name="state_1" val="5"/>
</and_exp></or_exp>
</condition>

<Node id="61" bw="6" op_0_bw="16">
<![CDATA[
:7 %trunc_ln150 = trunc i16 %phi_ln155

]]></Node>
<StgValue><ssdm name="trunc_ln150"/></StgValue>
</operation>

<operation id="35" st_id="2" stage="1" lat="1">
<core>NULL</core>
<MemPortIdVec></MemPortIdVec>
<condition id="-1">
<or_exp><and_exp><literal name="icmp_ln104" val="0"/>
<literal name="state_1" val="5"/>
</and_exp></or_exp>
</condition>

<Node id="62" bw="8" op_0_bw="8" op_1_bw="6" op_2_bw="2">
<![CDATA[
:8 %temp_7 = bitconcatenate i8 @_ssdm_op_BitConcatenate.i8.i6.i2, i6 %trunc_ln150, i2 0

]]></Node>
<StgValue><ssdm name="temp_7"/></StgValue>
</operation>

<operation id="36" st_id="2" stage="1" lat="1">
<core>NULL</core>
<MemPortIdVec></MemPortIdVec>
<condition id="-1">
<or_exp><and_exp><literal name="icmp_ln104" val="0"/>
<literal name="state_1" val="5"/>
</and_exp></or_exp>
</condition>

<Node id="63" bw="0" op_0_bw="8" op_1_bw="8" op_2_bw="0" op_3_bw="0">
<![CDATA[
:9 %store_ln152 = store i8 6, i8 %state

]]></Node>
<StgValue><ssdm name="store_ln152"/></StgValue>
</operation>

<operation id="37" st_id="2" stage="1" lat="1">
<core>NULL</core>
<MemPortIdVec></MemPortIdVec>
<condition id="-1">
<or_exp><and_exp><literal name="icmp_ln104" val="0"/>
<literal name="state_1" val="5"/>
</and_exp></or_exp>
</condition>

<Node id="64" bw="0" op_0_bw="8" op_1_bw="8" op_2_bw="0" op_3_bw="0">
<![CDATA[
:10 %store_ln152 = store i8 %temp_7, i8 %temp

]]></Node>
<StgValue><ssdm name="store_ln152"/></StgValue>
</operation>

<operation id="38" st_id="2" stage="1" lat="1">
<core>NULL</core>
<MemPortIdVec></MemPortIdVec>
<condition id="-1">
<or_exp><and_exp><literal name="icmp_ln104" val="0"/>
<literal name="state_1" val="5"/>
</and_exp></or_exp>
</condition>

<Node id="65" bw="0" op_0_bw="0">
<![CDATA[
:11 %br_ln152 = br void %.split._crit_edge

]]></Node>
<StgValue><ssdm name="br_ln152"/></StgValue>
</operation>

<operation id="39" st_id="2" stage="1" lat="1">
<core>NULL</core>
<MemPortIdVec></MemPortIdVec>
<condition id="-1">
<or_exp><and_exp><literal name="icmp_ln104" val="0"/>
<literal name="state_1" val="4"/>
</and_exp></or_exp>
</condition>

<Node id="77" bw="1" op_0_bw="16">
<![CDATA[
:10 %trunc_ln143 = trunc i16 %phi_ln155

]]></Node>
<StgValue><ssdm name="trunc_ln143"/></StgValue>
</operation>

<operation id="40" st_id="2" stage="1" lat="1">
<core>NULL</core>
<MemPortIdVec></MemPortIdVec>
<condition id="-1">
<or_exp><and_exp><literal name="icmp_ln104" val="0"/>
<literal name="state_1" val="4"/>
</and_exp></or_exp>
</condition>

<Node id="78" bw="8" op_0_bw="8" op_1_bw="1" op_2_bw="7">
<![CDATA[
:11 %temp_6 = bitconcatenate i8 @_ssdm_op_BitConcatenate.i8.i1.i7, i1 %trunc_ln143, i7 0

]]></Node>
<StgValue><ssdm name="temp_6"/></StgValue>
</operation>

<operation id="41" st_id="2" stage="1" lat="1">
<core>NULL</core>
<MemPortIdVec></MemPortIdVec>
<condition id="-1">
<or_exp><and_exp><literal name="icmp_ln104" val="0"/>
<literal name="state_1" val="4"/>
</and_exp></or_exp>
</condition>

<Node id="79" bw="0" op_0_bw="8" op_1_bw="8" op_2_bw="0" op_3_bw="0">
<![CDATA[
:12 %store_ln145 = store i8 5, i8 %state

]]></Node>
<StgValue><ssdm name="store_ln145"/></StgValue>
</operation>

<operation id="42" st_id="2" stage="1" lat="1">
<core>NULL</core>
<MemPortIdVec></MemPortIdVec>
<condition id="-1">
<or_exp><and_exp><literal name="icmp_ln104" val="0"/>
<literal name="state_1" val="4"/>
</and_exp></or_exp>
</condition>

<Node id="80" bw="0" op_0_bw="8" op_1_bw="8" op_2_bw="0" op_3_bw="0">
<![CDATA[
:13 %store_ln145 = store i8 %temp_6, i8 %temp

]]></Node>
<StgValue><ssdm name="store_ln145"/></StgValue>
</operation>

<operation id="43" st_id="2" stage="1" lat="1">
<core>NULL</core>
<MemPortIdVec></MemPortIdVec>
<condition id="-1">
<or_exp><and_exp><literal name="icmp_ln104" val="0"/>
<literal name="state_1" val="4"/>
</and_exp></or_exp>
</condition>

<Node id="81" bw="0" op_0_bw="0">
<![CDATA[
:14 %br_ln145 = br void %.split._crit_edge

]]></Node>
<StgValue><ssdm name="br_ln145"/></StgValue>
</operation>

<operation id="44" st_id="2" stage="1" lat="1">
<core>NULL</core>
<MemPortIdVec></MemPortIdVec>
<condition id="-1">
<or_exp><and_exp><literal name="icmp_ln104" val="0"/>
<literal name="state_1" val="3"/>
</and_exp></or_exp>
</condition>

<Node id="93" bw="4" op_0_bw="16">
<![CDATA[
:10 %trunc_ln135 = trunc i16 %phi_ln155

]]></Node>
<StgValue><ssdm name="trunc_ln135"/></StgValue>
</operation>

<operation id="45" st_id="2" stage="1" lat="1">
<core>NULL</core>
<MemPortIdVec></MemPortIdVec>
<condition id="-1">
<or_exp><and_exp><literal name="icmp_ln104" val="0"/>
<literal name="state_1" val="3"/>
</and_exp></or_exp>
</condition>

<Node id="94" bw="8" op_0_bw="8" op_1_bw="4" op_2_bw="4">
<![CDATA[
:11 %temp_5 = bitconcatenate i8 @_ssdm_op_BitConcatenate.i8.i4.i4, i4 %trunc_ln135, i4 0

]]></Node>
<StgValue><ssdm name="temp_5"/></StgValue>
</operation>

<operation id="46" st_id="2" stage="1" lat="1">
<core>NULL</core>
<MemPortIdVec></MemPortIdVec>
<condition id="-1">
<or_exp><and_exp><literal name="icmp_ln104" val="0"/>
<literal name="state_1" val="3"/>
</and_exp></or_exp>
</condition>

<Node id="95" bw="0" op_0_bw="8" op_1_bw="8" op_2_bw="0" op_3_bw="0">
<![CDATA[
:12 %store_ln137 = store i8 4, i8 %state

]]></Node>
<StgValue><ssdm name="store_ln137"/></StgValue>
</operation>

<operation id="47" st_id="2" stage="1" lat="1">
<core>NULL</core>
<MemPortIdVec></MemPortIdVec>
<condition id="-1">
<or_exp><and_exp><literal name="icmp_ln104" val="0"/>
<literal name="state_1" val="3"/>
</and_exp></or_exp>
</condition>

<Node id="96" bw="0" op_0_bw="8" op_1_bw="8" op_2_bw="0" op_3_bw="0">
<![CDATA[
:13 %store_ln137 = store i8 %temp_5, i8 %temp

]]></Node>
<StgValue><ssdm name="store_ln137"/></StgValue>
</operation>

<operation id="48" st_id="2" stage="1" lat="1">
<core>NULL</core>
<MemPortIdVec></MemPortIdVec>
<condition id="-1">
<or_exp><and_exp><literal name="icmp_ln104" val="0"/>
<literal name="state_1" val="3"/>
</and_exp></or_exp>
</condition>

<Node id="97" bw="0" op_0_bw="0">
<![CDATA[
:14 %br_ln137 = br void %.split._crit_edge

]]></Node>
<StgValue><ssdm name="br_ln137"/></StgValue>
</operation>

<operation id="49" st_id="2" stage="1" lat="1">
<core>NULL</core>
<MemPortIdVec></MemPortIdVec>
<condition id="-1">
<or_exp><and_exp><literal name="icmp_ln104" val="0"/>
<literal name="state_1" val="2"/>
</and_exp></or_exp>
</condition>

<Node id="106" bw="7" op_0_bw="16">
<![CDATA[
:7 %trunc_ln127 = trunc i16 %phi_ln155

]]></Node>
<StgValue><ssdm name="trunc_ln127"/></StgValue>
</operation>

<operation id="50" st_id="2" stage="1" lat="1">
<core>NULL</core>
<MemPortIdVec></MemPortIdVec>
<condition id="-1">
<or_exp><and_exp><literal name="icmp_ln104" val="0"/>
<literal name="state_1" val="2"/>
</and_exp></or_exp>
</condition>

<Node id="107" bw="8" op_0_bw="8" op_1_bw="7" op_2_bw="1">
<![CDATA[
:8 %temp_4 = bitconcatenate i8 @_ssdm_op_BitConcatenate.i8.i7.i1, i7 %trunc_ln127, i1 0

]]></Node>
<StgValue><ssdm name="temp_4"/></StgValue>
</operation>

<operation id="51" st_id="2" stage="1" lat="1">
<core>NULL</core>
<MemPortIdVec></MemPortIdVec>
<condition id="-1">
<or_exp><and_exp><literal name="icmp_ln104" val="0"/>
<literal name="state_1" val="2"/>
</and_exp></or_exp>
</condition>

<Node id="108" bw="0" op_0_bw="8" op_1_bw="8" op_2_bw="0" op_3_bw="0">
<![CDATA[
:9 %store_ln129 = store i8 3, i8 %state

]]></Node>
<StgValue><ssdm name="store_ln129"/></StgValue>
</operation>

<operation id="52" st_id="2" stage="1" lat="1">
<core>NULL</core>
<MemPortIdVec></MemPortIdVec>
<condition id="-1">
<or_exp><and_exp><literal name="icmp_ln104" val="0"/>
<literal name="state_1" val="2"/>
</and_exp></or_exp>
</condition>

<Node id="109" bw="0" op_0_bw="8" op_1_bw="8" op_2_bw="0" op_3_bw="0">
<![CDATA[
:10 %store_ln129 = store i8 %temp_4, i8 %temp

]]></Node>
<StgValue><ssdm name="store_ln129"/></StgValue>
</operation>

<operation id="53" st_id="2" stage="1" lat="1">
<core>NULL</core>
<MemPortIdVec></MemPortIdVec>
<condition id="-1">
<or_exp><and_exp><literal name="icmp_ln104" val="0"/>
<literal name="state_1" val="2"/>
</and_exp></or_exp>
</condition>

<Node id="110" bw="0" op_0_bw="0">
<![CDATA[
:11 %br_ln129 = br void %.split._crit_edge

]]></Node>
<StgValue><ssdm name="br_ln129"/></StgValue>
</operation>

<operation id="54" st_id="2" stage="1" lat="1">
<core>NULL</core>
<MemPortIdVec></MemPortIdVec>
<condition id="-1">
<or_exp><and_exp><literal name="icmp_ln104" val="0"/>
<literal name="state_1" val="1"/>
</and_exp></or_exp>
</condition>

<Node id="122" bw="2" op_0_bw="16">
<![CDATA[
:10 %trunc_ln120 = trunc i16 %phi_ln155

]]></Node>
<StgValue><ssdm name="trunc_ln120"/></StgValue>
</operation>

<operation id="55" st_id="2" stage="1" lat="1">
<core>NULL</core>
<MemPortIdVec></MemPortIdVec>
<condition id="-1">
<or_exp><and_exp><literal name="icmp_ln104" val="0"/>
<literal name="state_1" val="1"/>
</and_exp></or_exp>
</condition>

<Node id="123" bw="8" op_0_bw="8" op_1_bw="2" op_2_bw="6">
<![CDATA[
:11 %temp_3 = bitconcatenate i8 @_ssdm_op_BitConcatenate.i8.i2.i6, i2 %trunc_ln120, i6 0

]]></Node>
<StgValue><ssdm name="temp_3"/></StgValue>
</operation>

<operation id="56" st_id="2" stage="1" lat="1">
<core>NULL</core>
<MemPortIdVec></MemPortIdVec>
<condition id="-1">
<or_exp><and_exp><literal name="icmp_ln104" val="0"/>
<literal name="state_1" val="1"/>
</and_exp></or_exp>
</condition>

<Node id="124" bw="0" op_0_bw="8" op_1_bw="8" op_2_bw="0" op_3_bw="0">
<![CDATA[
:12 %store_ln122 = store i8 2, i8 %state

]]></Node>
<StgValue><ssdm name="store_ln122"/></StgValue>
</operation>

<operation id="57" st_id="2" stage="1" lat="1">
<core>NULL</core>
<MemPortIdVec></MemPortIdVec>
<condition id="-1">
<or_exp><and_exp><literal name="icmp_ln104" val="0"/>
<literal name="state_1" val="1"/>
</and_exp></or_exp>
</condition>

<Node id="125" bw="0" op_0_bw="8" op_1_bw="8" op_2_bw="0" op_3_bw="0">
<![CDATA[
:13 %store_ln122 = store i8 %temp_3, i8 %temp

]]></Node>
<StgValue><ssdm name="store_ln122"/></StgValue>
</operation>

<operation id="58" st_id="2" stage="1" lat="1">
<core>NULL</core>
<MemPortIdVec></MemPortIdVec>
<condition id="-1">
<or_exp><and_exp><literal name="icmp_ln104" val="0"/>
<literal name="state_1" val="1"/>
</and_exp></or_exp>
</condition>

<Node id="126" bw="0" op_0_bw="0">
<![CDATA[
:14 %br_ln122 = br void %.split._crit_edge

]]></Node>
<StgValue><ssdm name="br_ln122"/></StgValue>
</operation>

<operation id="59" st_id="2" stage="1" lat="1">
<core>NULL</core>
<MemPortIdVec></MemPortIdVec>
<condition id="-1">
<or_exp><and_exp><literal name="icmp_ln104" val="0"/>
<literal name="state_1" val="0"/>
</and_exp></or_exp>
</condition>

<Node id="131" bw="5" op_0_bw="16">
<![CDATA[
:3 %trunc_ln112 = trunc i16 %phi_ln155

]]></Node>
<StgValue><ssdm name="trunc_ln112"/></StgValue>
</operation>

<operation id="60" st_id="2" stage="1" lat="1">
<core>NULL</core>
<MemPortIdVec></MemPortIdVec>
<condition id="-1">
<or_exp><and_exp><literal name="icmp_ln104" val="0"/>
<literal name="state_1" val="0"/>
</and_exp></or_exp>
</condition>

<Node id="132" bw="8" op_0_bw="8" op_1_bw="5" op_2_bw="3">
<![CDATA[
:4 %temp_2 = bitconcatenate i8 @_ssdm_op_BitConcatenate.i8.i5.i3, i5 %trunc_ln112, i3 0

]]></Node>
<StgValue><ssdm name="temp_2"/></StgValue>
</operation>

<operation id="61" st_id="2" stage="1" lat="1">
<core>NULL</core>
<MemPortIdVec></MemPortIdVec>
<condition id="-1">
<or_exp><and_exp><literal name="icmp_ln104" val="0"/>
<literal name="state_1" val="0"/>
</and_exp></or_exp>
</condition>

<Node id="133" bw="0" op_0_bw="8" op_1_bw="8" op_2_bw="0" op_3_bw="0">
<![CDATA[
:5 %store_ln114 = store i8 1, i8 %state

]]></Node>
<StgValue><ssdm name="store_ln114"/></StgValue>
</operation>

<operation id="62" st_id="2" stage="1" lat="1">
<core>NULL</core>
<MemPortIdVec></MemPortIdVec>
<condition id="-1">
<or_exp><and_exp><literal name="icmp_ln104" val="0"/>
<literal name="state_1" val="0"/>
</and_exp></or_exp>
</condition>

<Node id="134" bw="0" op_0_bw="8" op_1_bw="8" op_2_bw="0" op_3_bw="0">
<![CDATA[
:6 %store_ln114 = store i8 %temp_2, i8 %temp

]]></Node>
<StgValue><ssdm name="store_ln114"/></StgValue>
</operation>

<operation id="63" st_id="2" stage="1" lat="1">
<core>NULL</core>
<MemPortIdVec></MemPortIdVec>
<condition id="-1">
<or_exp><and_exp><literal name="icmp_ln104" val="0"/>
<literal name="state_1" val="0"/>
</and_exp></or_exp>
</condition>

<Node id="135" bw="0" op_0_bw="0">
<![CDATA[
:7 %br_ln114 = br void %.split._crit_edge

]]></Node>
<StgValue><ssdm name="br_ln114"/></StgValue>
</operation>
</state>

<state id="3" st_id="3">

<operation id="64" st_id="3" stage="1" lat="1">
<core>NULL</core>
<MemPortIdVec></MemPortIdVec>
<condition id="-1">
<or_exp><and_exp><literal name="icmp_ln104" val="0"/>
<literal name="state_1" val="7"/>
</and_exp></or_exp>
</condition>

<Node id="25" bw="5" op_0_bw="5" op_1_bw="16" op_2_bw="32" op_3_bw="32">
<![CDATA[
:0 %trunc_ln = partselect i5 @_ssdm_op_PartSelect.i5.i16.i32.i32, i16 %phi_ln155, i32 8, i32 12

]]></Node>
<StgValue><ssdm name="trunc_ln"/></StgValue>
</operation>

<operation id="65" st_id="3" stage="1" lat="1">
<core>NULL</core>
<MemPortIdVec></MemPortIdVec>
<condition id="-1">
<or_exp><and_exp><literal name="icmp_ln104" val="0"/>
<literal name="state_1" val="7"/>
</and_exp></or_exp>
</condition>

<Node id="26" bw="5" op_0_bw="8">
<![CDATA[
:1 %trunc_ln163 = trunc i8 %temp_1

]]></Node>
<StgValue><ssdm name="trunc_ln163"/></StgValue>
</operation>

<operation id="66" st_id="3" stage="1" lat="1">
<core>LogicGate</core>
<MemPortIdVec></MemPortIdVec>
<condition id="-1">
<or_exp><and_exp><literal name="icmp_ln104" val="0"/>
<literal name="state_1" val="7"/>
</and_exp></or_exp>
</condition>

<Node id="27" bw="5" op_0_bw="5" op_1_bw="5">
<![CDATA[
:2 %or_ln163 = or i5 %trunc_ln163, i5 %trunc_ln

]]></Node>
<StgValue><ssdm name="or_ln163"/></StgValue>
</operation>

<operation id="67" st_id="3" stage="1" lat="1">
<core>NULL</core>
<MemPortIdVec></MemPortIdVec>
<condition id="-1">
<or_exp><and_exp><literal name="icmp_ln104" val="0"/>
<literal name="state_1" val="7"/>
</and_exp></or_exp>
</condition>

<Node id="28" bw="3" op_0_bw="3" op_1_bw="8" op_2_bw="32" op_3_bw="32">
<![CDATA[
:3 %tmp_s = partselect i3 @_ssdm_op_PartSelect.i3.i8.i32.i32, i8 %temp_1, i32 5, i32 7

]]></Node>
<StgValue><ssdm name="tmp_s"/></StgValue>
</operation>

<operation id="68" st_id="3" stage="1" lat="1">
<core>NULL</core>
<MemPortIdVec></MemPortIdVec>
<condition id="-1">
<or_exp><and_exp><literal name="icmp_ln104" val="0"/>
<literal name="state_1" val="7"/>
</and_exp></or_exp>
</condition>

<Node id="29" bw="8" op_0_bw="8" op_1_bw="3" op_2_bw="5">
<![CDATA[
:4 %or_ln = bitconcatenate i8 @_ssdm_op_BitConcatenate.i8.i3.i5, i3 %tmp_s, i5 %or_ln163

]]></Node>
<StgValue><ssdm name="or_ln"/></StgValue>
</operation>

<operation id="69" st_id="3" stage="1" lat="1">
<core>NULL</core>
<MemPortIdVec></MemPortIdVec>
<condition id="-1">
<or_exp><and_exp><literal name="icmp_ln104" val="0"/>
<literal name="state_1" val="7"/>
</and_exp></or_exp>
</condition>

<Node id="30" bw="16" op_0_bw="8">
<![CDATA[
:5 %zext_ln163 = zext i8 %or_ln

]]></Node>
<StgValue><ssdm name="zext_ln163"/></StgValue>
</operation>

<operation id="70" st_id="3" stage="1" lat="1">
<core>FIFO</core>
<MemPortIdVec></MemPortIdVec>
<condition id="-1">
<or_exp><and_exp><literal name="icmp_ln104" val="0"/>
<literal name="state_1" val="7"/>
</and_exp></or_exp>
</condition>

<Node id="31" bw="0" op_0_bw="0" op_1_bw="16" op_2_bw="16">
<![CDATA[
:6 %write_ln174 = write void @_ssdm_op_Write.ap_fifo.volatile.i16P0A, i16 %outstream, i16 %zext_ln163

]]></Node>
<StgValue><ssdm name="write_ln174"/></StgValue>
</operation>

<operation id="71" st_id="3" stage="1" lat="1">
<core>NULL</core>
<MemPortIdVec></MemPortIdVec>
<condition id="-1">
<or_exp><and_exp><literal name="icmp_ln104" val="0"/>
<literal name="state_1" val="6"/>
</and_exp></or_exp>
</condition>

<Node id="38" bw="2" op_0_bw="2" op_1_bw="16" op_2_bw="32" op_3_bw="32">
<![CDATA[
:0 %tmp_33 = partselect i2 @_ssdm_op_PartSelect.i2.i16.i32.i32, i16 %phi_ln155, i32 11, i32 12

]]></Node>
<StgValue><ssdm name="tmp_33"/></StgValue>
</operation>

<operation id="72" st_id="3" stage="1" lat="1">
<core>NULL</core>
<MemPortIdVec></MemPortIdVec>
<condition id="-1">
<or_exp><and_exp><literal name="icmp_ln104" val="0"/>
<literal name="state_1" val="6"/>
</and_exp></or_exp>
</condition>

<Node id="39" bw="2" op_0_bw="8">
<![CDATA[
:1 %trunc_ln156 = trunc i8 %temp_1

]]></Node>
<StgValue><ssdm name="trunc_ln156"/></StgValue>
</operation>

<operation id="73" st_id="3" stage="1" lat="1">
<core>LogicGate</core>
<MemPortIdVec></MemPortIdVec>
<condition id="-1">
<or_exp><and_exp><literal name="icmp_ln104" val="0"/>
<literal name="state_1" val="6"/>
</and_exp></or_exp>
</condition>

<Node id="40" bw="2" op_0_bw="2" op_1_bw="2">
<![CDATA[
:2 %or_ln156 = or i2 %trunc_ln156, i2 %tmp_33

]]></Node>
<StgValue><ssdm name="or_ln156"/></StgValue>
</operation>

<operation id="74" st_id="3" stage="1" lat="1">
<core>NULL</core>
<MemPortIdVec></MemPortIdVec>
<condition id="-1">
<or_exp><and_exp><literal name="icmp_ln104" val="0"/>
<literal name="state_1" val="6"/>
</and_exp></or_exp>
</condition>

<Node id="41" bw="6" op_0_bw="6" op_1_bw="8" op_2_bw="32" op_3_bw="32">
<![CDATA[
:3 %tmp_34 = partselect i6 @_ssdm_op_PartSelect.i6.i8.i32.i32, i8 %temp_1, i32 2, i32 7

]]></Node>
<StgValue><ssdm name="tmp_34"/></StgValue>
</operation>

<operation id="75" st_id="3" stage="1" lat="1">
<core>NULL</core>
<MemPortIdVec></MemPortIdVec>
<condition id="-1">
<or_exp><and_exp><literal name="icmp_ln104" val="0"/>
<literal name="state_1" val="6"/>
</and_exp></or_exp>
</condition>

<Node id="42" bw="8" op_0_bw="8" op_1_bw="6" op_2_bw="2">
<![CDATA[
:4 %or_ln6 = bitconcatenate i8 @_ssdm_op_BitConcatenate.i8.i6.i2, i6 %tmp_34, i2 %or_ln156

]]></Node>
<StgValue><ssdm name="or_ln6"/></StgValue>
</operation>

<operation id="76" st_id="3" stage="1" lat="1">
<core>NULL</core>
<MemPortIdVec></MemPortIdVec>
<condition id="-1">
<or_exp><and_exp><literal name="icmp_ln104" val="0"/>
<literal name="state_1" val="6"/>
</and_exp></or_exp>
</condition>

<Node id="43" bw="16" op_0_bw="8">
<![CDATA[
:5 %zext_ln156 = zext i8 %or_ln6

]]></Node>
<StgValue><ssdm name="zext_ln156"/></StgValue>
</operation>

<operation id="77" st_id="3" stage="1" lat="1">
<core>FIFO</core>
<MemPortIdVec></MemPortIdVec>
<condition id="-1">
<or_exp><and_exp><literal name="icmp_ln104" val="0"/>
<literal name="state_1" val="6"/>
</and_exp></or_exp>
</condition>

<Node id="44" bw="0" op_0_bw="0" op_1_bw="16" op_2_bw="16">
<![CDATA[
:6 %write_ln174 = write void @_ssdm_op_Write.ap_fifo.volatile.i16P0A, i16 %outstream, i16 %zext_ln156

]]></Node>
<StgValue><ssdm name="write_ln174"/></StgValue>
</operation>

<operation id="78" st_id="3" stage="1" lat="1">
<core>NULL</core>
<MemPortIdVec></MemPortIdVec>
<condition id="-1">
<or_exp><and_exp><literal name="icmp_ln104" val="0"/>
<literal name="state_1" val="5"/>
</and_exp></or_exp>
</condition>

<Node id="54" bw="7" op_0_bw="7" op_1_bw="16" op_2_bw="32" op_3_bw="32">
<![CDATA[
:0 %tmp_31 = partselect i7 @_ssdm_op_PartSelect.i7.i16.i32.i32, i16 %phi_ln155, i32 6, i32 12

]]></Node>
<StgValue><ssdm name="tmp_31"/></StgValue>
</operation>

<operation id="79" st_id="3" stage="1" lat="1">
<core>NULL</core>
<MemPortIdVec></MemPortIdVec>
<condition id="-1">
<or_exp><and_exp><literal name="icmp_ln104" val="0"/>
<literal name="state_1" val="5"/>
</and_exp></or_exp>
</condition>

<Node id="55" bw="7" op_0_bw="8">
<![CDATA[
:1 %trunc_ln149 = trunc i8 %temp_1

]]></Node>
<StgValue><ssdm name="trunc_ln149"/></StgValue>
</operation>

<operation id="80" st_id="3" stage="1" lat="1">
<core>LogicGate</core>
<MemPortIdVec></MemPortIdVec>
<condition id="-1">
<or_exp><and_exp><literal name="icmp_ln104" val="0"/>
<literal name="state_1" val="5"/>
</and_exp></or_exp>
</condition>

<Node id="56" bw="7" op_0_bw="7" op_1_bw="7">
<![CDATA[
:2 %or_ln149 = or i7 %trunc_ln149, i7 %tmp_31

]]></Node>
<StgValue><ssdm name="or_ln149"/></StgValue>
</operation>

<operation id="81" st_id="3" stage="1" lat="1">
<core>NULL</core>
<MemPortIdVec></MemPortIdVec>
<condition id="-1">
<or_exp><and_exp><literal name="icmp_ln104" val="0"/>
<literal name="state_1" val="5"/>
</and_exp></or_exp>
</condition>

<Node id="57" bw="1" op_0_bw="1" op_1_bw="8" op_2_bw="32">
<![CDATA[
:3 %tmp_32 = bitselect i1 @_ssdm_op_BitSelect.i1.i8.i32, i8 %temp_1, i32 7

]]></Node>
<StgValue><ssdm name="tmp_32"/></StgValue>
</operation>

<operation id="82" st_id="3" stage="1" lat="1">
<core>NULL</core>
<MemPortIdVec></MemPortIdVec>
<condition id="-1">
<or_exp><and_exp><literal name="icmp_ln104" val="0"/>
<literal name="state_1" val="5"/>
</and_exp></or_exp>
</condition>

<Node id="58" bw="8" op_0_bw="8" op_1_bw="1" op_2_bw="7">
<![CDATA[
:4 %or_ln5 = bitconcatenate i8 @_ssdm_op_BitConcatenate.i8.i1.i7, i1 %tmp_32, i7 %or_ln149

]]></Node>
<StgValue><ssdm name="or_ln5"/></StgValue>
</operation>

<operation id="83" st_id="3" stage="1" lat="1">
<core>NULL</core>
<MemPortIdVec></MemPortIdVec>
<condition id="-1">
<or_exp><and_exp><literal name="icmp_ln104" val="0"/>
<literal name="state_1" val="5"/>
</and_exp></or_exp>
</condition>

<Node id="59" bw="16" op_0_bw="8">
<![CDATA[
:5 %zext_ln149 = zext i8 %or_ln5

]]></Node>
<StgValue><ssdm name="zext_ln149"/></StgValue>
</operation>

<operation id="84" st_id="3" stage="1" lat="1">
<core>FIFO</core>
<MemPortIdVec></MemPortIdVec>
<condition id="-1">
<or_exp><and_exp><literal name="icmp_ln104" val="0"/>
<literal name="state_1" val="5"/>
</and_exp></or_exp>
</condition>

<Node id="60" bw="0" op_0_bw="0" op_1_bw="16" op_2_bw="16">
<![CDATA[
:6 %write_ln174 = write void @_ssdm_op_Write.ap_fifo.volatile.i16P0A, i16 %outstream, i16 %zext_ln149

]]></Node>
<StgValue><ssdm name="write_ln174"/></StgValue>
</operation>

<operation id="85" st_id="3" stage="1" lat="1">
<core>NULL</core>
<MemPortIdVec></MemPortIdVec>
<condition id="-1">
<or_exp><and_exp><literal name="icmp_ln104" val="0"/>
<literal name="state_1" val="4"/>
</and_exp></or_exp>
</condition>

<Node id="67" bw="4" op_0_bw="4" op_1_bw="16" op_2_bw="32" op_3_bw="32">
<![CDATA[
:0 %tmp_29 = partselect i4 @_ssdm_op_PartSelect.i4.i16.i32.i32, i16 %phi_ln155, i32 9, i32 12

]]></Node>
<StgValue><ssdm name="tmp_29"/></StgValue>
</operation>

<operation id="86" st_id="3" stage="1" lat="1">
<core>NULL</core>
<MemPortIdVec></MemPortIdVec>
<condition id="-1">
<or_exp><and_exp><literal name="icmp_ln104" val="0"/>
<literal name="state_1" val="4"/>
</and_exp></or_exp>
</condition>

<Node id="68" bw="4" op_0_bw="8">
<![CDATA[
:1 %trunc_ln141 = trunc i8 %temp_1

]]></Node>
<StgValue><ssdm name="trunc_ln141"/></StgValue>
</operation>

<operation id="87" st_id="3" stage="1" lat="1">
<core>LogicGate</core>
<MemPortIdVec></MemPortIdVec>
<condition id="-1">
<or_exp><and_exp><literal name="icmp_ln104" val="0"/>
<literal name="state_1" val="4"/>
</and_exp></or_exp>
</condition>

<Node id="69" bw="4" op_0_bw="4" op_1_bw="4">
<![CDATA[
:2 %or_ln141 = or i4 %trunc_ln141, i4 %tmp_29

]]></Node>
<StgValue><ssdm name="or_ln141"/></StgValue>
</operation>

<operation id="88" st_id="3" stage="1" lat="1">
<core>NULL</core>
<MemPortIdVec></MemPortIdVec>
<condition id="-1">
<or_exp><and_exp><literal name="icmp_ln104" val="0"/>
<literal name="state_1" val="4"/>
</and_exp></or_exp>
</condition>

<Node id="70" bw="4" op_0_bw="4" op_1_bw="8" op_2_bw="32" op_3_bw="32">
<![CDATA[
:3 %tmp_30 = partselect i4 @_ssdm_op_PartSelect.i4.i8.i32.i32, i8 %temp_1, i32 4, i32 7

]]></Node>
<StgValue><ssdm name="tmp_30"/></StgValue>
</operation>

<operation id="89" st_id="3" stage="1" lat="1">
<core>NULL</core>
<MemPortIdVec></MemPortIdVec>
<condition id="-1">
<or_exp><and_exp><literal name="icmp_ln104" val="0"/>
<literal name="state_1" val="4"/>
</and_exp></or_exp>
</condition>

<Node id="71" bw="8" op_0_bw="8" op_1_bw="4" op_2_bw="4">
<![CDATA[
:4 %or_ln4 = bitconcatenate i8 @_ssdm_op_BitConcatenate.i8.i4.i4, i4 %tmp_30, i4 %or_ln141

]]></Node>
<StgValue><ssdm name="or_ln4"/></StgValue>
</operation>

<operation id="90" st_id="3" stage="1" lat="1">
<core>NULL</core>
<MemPortIdVec></MemPortIdVec>
<condition id="-1">
<or_exp><and_exp><literal name="icmp_ln104" val="0"/>
<literal name="state_1" val="4"/>
</and_exp></or_exp>
</condition>

<Node id="72" bw="16" op_0_bw="8">
<![CDATA[
:5 %zext_ln141 = zext i8 %or_ln4

]]></Node>
<StgValue><ssdm name="zext_ln141"/></StgValue>
</operation>

<operation id="91" st_id="3" stage="1" lat="1">
<core>FIFO</core>
<MemPortIdVec></MemPortIdVec>
<condition id="-1">
<or_exp><and_exp><literal name="icmp_ln104" val="0"/>
<literal name="state_1" val="4"/>
</and_exp></or_exp>
</condition>

<Node id="73" bw="0" op_0_bw="0" op_1_bw="16" op_2_bw="16">
<![CDATA[
:6 %write_ln174 = write void @_ssdm_op_Write.ap_fifo.volatile.i16P0A, i16 %outstream, i16 %zext_ln141

]]></Node>
<StgValue><ssdm name="write_ln174"/></StgValue>
</operation>

<operation id="92" st_id="3" stage="1" lat="1">
<core>NULL</core>
<MemPortIdVec></MemPortIdVec>
<condition id="-1">
<or_exp><and_exp><literal name="icmp_ln104" val="0"/>
<literal name="state_1" val="3"/>
</and_exp></or_exp>
</condition>

<Node id="83" bw="1" op_0_bw="1" op_1_bw="16" op_2_bw="32">
<![CDATA[
:0 %tmp_27 = bitselect i1 @_ssdm_op_BitSelect.i1.i16.i32, i16 %phi_ln155, i32 12

]]></Node>
<StgValue><ssdm name="tmp_27"/></StgValue>
</operation>

<operation id="93" st_id="3" stage="1" lat="1">
<core>NULL</core>
<MemPortIdVec></MemPortIdVec>
<condition id="-1">
<or_exp><and_exp><literal name="icmp_ln104" val="0"/>
<literal name="state_1" val="3"/>
</and_exp></or_exp>
</condition>

<Node id="84" bw="1" op_0_bw="8">
<![CDATA[
:1 %trunc_ln133 = trunc i8 %temp_1

]]></Node>
<StgValue><ssdm name="trunc_ln133"/></StgValue>
</operation>

<operation id="94" st_id="3" stage="1" lat="1">
<core>LogicGate</core>
<MemPortIdVec></MemPortIdVec>
<condition id="-1">
<or_exp><and_exp><literal name="icmp_ln104" val="0"/>
<literal name="state_1" val="3"/>
</and_exp></or_exp>
</condition>

<Node id="85" bw="1" op_0_bw="1" op_1_bw="1">
<![CDATA[
:2 %or_ln133 = or i1 %trunc_ln133, i1 %tmp_27

]]></Node>
<StgValue><ssdm name="or_ln133"/></StgValue>
</operation>

<operation id="95" st_id="3" stage="1" lat="1">
<core>NULL</core>
<MemPortIdVec></MemPortIdVec>
<condition id="-1">
<or_exp><and_exp><literal name="icmp_ln104" val="0"/>
<literal name="state_1" val="3"/>
</and_exp></or_exp>
</condition>

<Node id="86" bw="7" op_0_bw="7" op_1_bw="8" op_2_bw="32" op_3_bw="32">
<![CDATA[
:3 %tmp_28 = partselect i7 @_ssdm_op_PartSelect.i7.i8.i32.i32, i8 %temp_1, i32 1, i32 7

]]></Node>
<StgValue><ssdm name="tmp_28"/></StgValue>
</operation>

<operation id="96" st_id="3" stage="1" lat="1">
<core>NULL</core>
<MemPortIdVec></MemPortIdVec>
<condition id="-1">
<or_exp><and_exp><literal name="icmp_ln104" val="0"/>
<literal name="state_1" val="3"/>
</and_exp></or_exp>
</condition>

<Node id="87" bw="8" op_0_bw="8" op_1_bw="7" op_2_bw="1">
<![CDATA[
:4 %or_ln3 = bitconcatenate i8 @_ssdm_op_BitConcatenate.i8.i7.i1, i7 %tmp_28, i1 %or_ln133

]]></Node>
<StgValue><ssdm name="or_ln3"/></StgValue>
</operation>

<operation id="97" st_id="3" stage="1" lat="1">
<core>NULL</core>
<MemPortIdVec></MemPortIdVec>
<condition id="-1">
<or_exp><and_exp><literal name="icmp_ln104" val="0"/>
<literal name="state_1" val="3"/>
</and_exp></or_exp>
</condition>

<Node id="88" bw="16" op_0_bw="8">
<![CDATA[
:5 %zext_ln133 = zext i8 %or_ln3

]]></Node>
<StgValue><ssdm name="zext_ln133"/></StgValue>
</operation>

<operation id="98" st_id="3" stage="1" lat="1">
<core>FIFO</core>
<MemPortIdVec></MemPortIdVec>
<condition id="-1">
<or_exp><and_exp><literal name="icmp_ln104" val="0"/>
<literal name="state_1" val="3"/>
</and_exp></or_exp>
</condition>

<Node id="89" bw="0" op_0_bw="0" op_1_bw="16" op_2_bw="16">
<![CDATA[
:6 %write_ln174 = write void @_ssdm_op_Write.ap_fifo.volatile.i16P0A, i16 %outstream, i16 %zext_ln133

]]></Node>
<StgValue><ssdm name="write_ln174"/></StgValue>
</operation>

<operation id="99" st_id="3" stage="1" lat="1">
<core>NULL</core>
<MemPortIdVec></MemPortIdVec>
<condition id="-1">
<or_exp><and_exp><literal name="icmp_ln104" val="0"/>
<literal name="state_1" val="2"/>
</and_exp></or_exp>
</condition>

<Node id="99" bw="6" op_0_bw="6" op_1_bw="16" op_2_bw="32" op_3_bw="32">
<![CDATA[
:0 %tmp_25 = partselect i6 @_ssdm_op_PartSelect.i6.i16.i32.i32, i16 %phi_ln155, i32 7, i32 12

]]></Node>
<StgValue><ssdm name="tmp_25"/></StgValue>
</operation>

<operation id="100" st_id="3" stage="1" lat="1">
<core>NULL</core>
<MemPortIdVec></MemPortIdVec>
<condition id="-1">
<or_exp><and_exp><literal name="icmp_ln104" val="0"/>
<literal name="state_1" val="2"/>
</and_exp></or_exp>
</condition>

<Node id="100" bw="6" op_0_bw="8">
<![CDATA[
:1 %trunc_ln126 = trunc i8 %temp_1

]]></Node>
<StgValue><ssdm name="trunc_ln126"/></StgValue>
</operation>

<operation id="101" st_id="3" stage="1" lat="1">
<core>LogicGate</core>
<MemPortIdVec></MemPortIdVec>
<condition id="-1">
<or_exp><and_exp><literal name="icmp_ln104" val="0"/>
<literal name="state_1" val="2"/>
</and_exp></or_exp>
</condition>

<Node id="101" bw="6" op_0_bw="6" op_1_bw="6">
<![CDATA[
:2 %or_ln126 = or i6 %trunc_ln126, i6 %tmp_25

]]></Node>
<StgValue><ssdm name="or_ln126"/></StgValue>
</operation>

<operation id="102" st_id="3" stage="1" lat="1">
<core>NULL</core>
<MemPortIdVec></MemPortIdVec>
<condition id="-1">
<or_exp><and_exp><literal name="icmp_ln104" val="0"/>
<literal name="state_1" val="2"/>
</and_exp></or_exp>
</condition>

<Node id="102" bw="2" op_0_bw="2" op_1_bw="8" op_2_bw="32" op_3_bw="32">
<![CDATA[
:3 %tmp_26 = partselect i2 @_ssdm_op_PartSelect.i2.i8.i32.i32, i8 %temp_1, i32 6, i32 7

]]></Node>
<StgValue><ssdm name="tmp_26"/></StgValue>
</operation>

<operation id="103" st_id="3" stage="1" lat="1">
<core>NULL</core>
<MemPortIdVec></MemPortIdVec>
<condition id="-1">
<or_exp><and_exp><literal name="icmp_ln104" val="0"/>
<literal name="state_1" val="2"/>
</and_exp></or_exp>
</condition>

<Node id="103" bw="8" op_0_bw="8" op_1_bw="2" op_2_bw="6">
<![CDATA[
:4 %or_ln2 = bitconcatenate i8 @_ssdm_op_BitConcatenate.i8.i2.i6, i2 %tmp_26, i6 %or_ln126

]]></Node>
<StgValue><ssdm name="or_ln2"/></StgValue>
</operation>

<operation id="104" st_id="3" stage="1" lat="1">
<core>NULL</core>
<MemPortIdVec></MemPortIdVec>
<condition id="-1">
<or_exp><and_exp><literal name="icmp_ln104" val="0"/>
<literal name="state_1" val="2"/>
</and_exp></or_exp>
</condition>

<Node id="104" bw="16" op_0_bw="8">
<![CDATA[
:5 %zext_ln126 = zext i8 %or_ln2

]]></Node>
<StgValue><ssdm name="zext_ln126"/></StgValue>
</operation>

<operation id="105" st_id="3" stage="1" lat="1">
<core>FIFO</core>
<MemPortIdVec></MemPortIdVec>
<condition id="-1">
<or_exp><and_exp><literal name="icmp_ln104" val="0"/>
<literal name="state_1" val="2"/>
</and_exp></or_exp>
</condition>

<Node id="105" bw="0" op_0_bw="0" op_1_bw="16" op_2_bw="16">
<![CDATA[
:6 %write_ln174 = write void @_ssdm_op_Write.ap_fifo.volatile.i16P0A, i16 %outstream, i16 %zext_ln126

]]></Node>
<StgValue><ssdm name="write_ln174"/></StgValue>
</operation>

<operation id="106" st_id="3" stage="1" lat="1">
<core>NULL</core>
<MemPortIdVec></MemPortIdVec>
<condition id="-1">
<or_exp><and_exp><literal name="icmp_ln104" val="0"/>
<literal name="state_1" val="1"/>
</and_exp></or_exp>
</condition>

<Node id="112" bw="3" op_0_bw="3" op_1_bw="16" op_2_bw="32" op_3_bw="32">
<![CDATA[
:0 %tmp_23 = partselect i3 @_ssdm_op_PartSelect.i3.i16.i32.i32, i16 %phi_ln155, i32 10, i32 12

]]></Node>
<StgValue><ssdm name="tmp_23"/></StgValue>
</operation>

<operation id="107" st_id="3" stage="1" lat="1">
<core>NULL</core>
<MemPortIdVec></MemPortIdVec>
<condition id="-1">
<or_exp><and_exp><literal name="icmp_ln104" val="0"/>
<literal name="state_1" val="1"/>
</and_exp></or_exp>
</condition>

<Node id="113" bw="3" op_0_bw="8">
<![CDATA[
:1 %trunc_ln118 = trunc i8 %temp_1

]]></Node>
<StgValue><ssdm name="trunc_ln118"/></StgValue>
</operation>

<operation id="108" st_id="3" stage="1" lat="1">
<core>LogicGate</core>
<MemPortIdVec></MemPortIdVec>
<condition id="-1">
<or_exp><and_exp><literal name="icmp_ln104" val="0"/>
<literal name="state_1" val="1"/>
</and_exp></or_exp>
</condition>

<Node id="114" bw="3" op_0_bw="3" op_1_bw="3">
<![CDATA[
:2 %or_ln118 = or i3 %trunc_ln118, i3 %tmp_23

]]></Node>
<StgValue><ssdm name="or_ln118"/></StgValue>
</operation>

<operation id="109" st_id="3" stage="1" lat="1">
<core>NULL</core>
<MemPortIdVec></MemPortIdVec>
<condition id="-1">
<or_exp><and_exp><literal name="icmp_ln104" val="0"/>
<literal name="state_1" val="1"/>
</and_exp></or_exp>
</condition>

<Node id="115" bw="5" op_0_bw="5" op_1_bw="8" op_2_bw="32" op_3_bw="32">
<![CDATA[
:3 %tmp_24 = partselect i5 @_ssdm_op_PartSelect.i5.i8.i32.i32, i8 %temp_1, i32 3, i32 7

]]></Node>
<StgValue><ssdm name="tmp_24"/></StgValue>
</operation>

<operation id="110" st_id="3" stage="1" lat="1">
<core>NULL</core>
<MemPortIdVec></MemPortIdVec>
<condition id="-1">
<or_exp><and_exp><literal name="icmp_ln104" val="0"/>
<literal name="state_1" val="1"/>
</and_exp></or_exp>
</condition>

<Node id="116" bw="8" op_0_bw="8" op_1_bw="5" op_2_bw="3">
<![CDATA[
:4 %or_ln1 = bitconcatenate i8 @_ssdm_op_BitConcatenate.i8.i5.i3, i5 %tmp_24, i3 %or_ln118

]]></Node>
<StgValue><ssdm name="or_ln1"/></StgValue>
</operation>

<operation id="111" st_id="3" stage="1" lat="1">
<core>NULL</core>
<MemPortIdVec></MemPortIdVec>
<condition id="-1">
<or_exp><and_exp><literal name="icmp_ln104" val="0"/>
<literal name="state_1" val="1"/>
</and_exp></or_exp>
</condition>

<Node id="117" bw="16" op_0_bw="8">
<![CDATA[
:5 %zext_ln118 = zext i8 %or_ln1

]]></Node>
<StgValue><ssdm name="zext_ln118"/></StgValue>
</operation>

<operation id="112" st_id="3" stage="1" lat="1">
<core>FIFO</core>
<MemPortIdVec></MemPortIdVec>
<condition id="-1">
<or_exp><and_exp><literal name="icmp_ln104" val="0"/>
<literal name="state_1" val="1"/>
</and_exp></or_exp>
</condition>

<Node id="118" bw="0" op_0_bw="0" op_1_bw="16" op_2_bw="16">
<![CDATA[
:6 %write_ln174 = write void @_ssdm_op_Write.ap_fifo.volatile.i16P0A, i16 %outstream, i16 %zext_ln118

]]></Node>
<StgValue><ssdm name="write_ln174"/></StgValue>
</operation>

<operation id="113" st_id="3" stage="1" lat="1">
<core>NULL</core>
<MemPortIdVec></MemPortIdVec>
<condition id="-1">
<or_exp><and_exp><literal name="icmp_ln104" val="0"/>
<literal name="state_1" val="0"/>
</and_exp></or_exp>
</condition>

<Node id="128" bw="8" op_0_bw="8" op_1_bw="16" op_2_bw="32" op_3_bw="32">
<![CDATA[
:0 %lshr_ln = partselect i8 @_ssdm_op_PartSelect.i8.i16.i32.i32, i16 %phi_ln155, i32 5, i32 12

]]></Node>
<StgValue><ssdm name="lshr_ln"/></StgValue>
</operation>

<operation id="114" st_id="3" stage="1" lat="1">
<core>NULL</core>
<MemPortIdVec></MemPortIdVec>
<condition id="-1">
<or_exp><and_exp><literal name="icmp_ln104" val="0"/>
<literal name="state_1" val="0"/>
</and_exp></or_exp>
</condition>

<Node id="129" bw="16" op_0_bw="8">
<![CDATA[
:1 %zext_ln111 = zext i8 %lshr_ln

]]></Node>
<StgValue><ssdm name="zext_ln111"/></StgValue>
</operation>

<operation id="115" st_id="3" stage="1" lat="1">
<core>FIFO</core>
<MemPortIdVec></MemPortIdVec>
<condition id="-1">
<or_exp><and_exp><literal name="icmp_ln104" val="0"/>
<literal name="state_1" val="0"/>
</and_exp></or_exp>
</condition>

<Node id="130" bw="0" op_0_bw="0" op_1_bw="16" op_2_bw="16">
<![CDATA[
:2 %write_ln174 = write void @_ssdm_op_Write.ap_fifo.volatile.i16P0A, i16 %outstream, i16 %zext_ln111

]]></Node>
<StgValue><ssdm name="write_ln174"/></StgValue>
</operation>

<operation id="116" st_id="3" stage="1" lat="1">
<core>NULL</core>
<MemPortIdVec></MemPortIdVec>
<condition id="-1">
<or_exp><and_exp><literal name="icmp_ln104" val="0"/>
</and_exp></or_exp>
</condition>

<Node id="137" bw="8" op_0_bw="8" op_1_bw="0" op_2_bw="0" op_3_bw="0" op_4_bw="0" op_5_bw="0" op_6_bw="0" op_7_bw="0" op_8_bw="0">
<![CDATA[
.split._crit_edge:0 %temp_9 = load i8 %temp

]]></Node>
<StgValue><ssdm name="temp_9"/></StgValue>
</operation>

<operation id="117" st_id="3" stage="1" lat="1">
<core>NULL</core>
<MemPortIdVec></MemPortIdVec>
<condition id="-1">
<or_exp><and_exp><literal name="icmp_ln104" val="0"/>
</and_exp></or_exp>
</condition>

<Node id="138" bw="8" op_0_bw="8" op_1_bw="0" op_2_bw="0" op_3_bw="0" op_4_bw="0" op_5_bw="0" op_6_bw="0" op_7_bw="0" op_8_bw="0" op_9_bw="0">
<![CDATA[
.split._crit_edge:1 %state_2 = load i8 %state

]]></Node>
<StgValue><ssdm name="state_2"/></StgValue>
</operation>

<operation id="118" st_id="3" stage="1" lat="1">
<core>FIFO</core>
<MemPortIdVec></MemPortIdVec>
<condition id="-1">
<or_exp><and_exp><literal name="icmp_ln104" val="0"/>
</and_exp></or_exp>
</condition>

<Node id="139" bw="16" op_0_bw="16" op_1_bw="16" op_2_bw="0">
<![CDATA[
.split._crit_edge:2 %tmp_35 = read i16 @_ssdm_op_Read.ap_fifo.volatile.i16P0A, i16 %midstream

]]></Node>
<StgValue><ssdm name="tmp_35"/></StgValue>
</operation>

<operation id="119" st_id="3" stage="1" lat="1">
<core>Cmp</core>
<MemPortIdVec></MemPortIdVec>
<condition id="-1">
<or_exp><and_exp><literal name="icmp_ln104" val="0"/>
</and_exp></or_exp>
</condition>

<Node id="140" bw="1" op_0_bw="16" op_1_bw="16">
<![CDATA[
.split._crit_edge:3 %icmp_ln169 = icmp_eq  i16 %tmp_35, i16 65535

]]></Node>
<StgValue><ssdm name="icmp_ln169"/></StgValue>
</operation>

<operation id="120" st_id="3" stage="1" lat="1">
<core>NULL</core>
<MemPortIdVec></MemPortIdVec>
<condition id="-1">
<or_exp><and_exp><literal name="icmp_ln104" val="0"/>
</and_exp></or_exp>
</condition>

<Node id="141" bw="0" op_0_bw="1" op_1_bw="0" op_2_bw="0">
<![CDATA[
.split._crit_edge:4 %br_ln169 = br i1 %icmp_ln169, void, void %.loopexit

]]></Node>
<StgValue><ssdm name="br_ln169"/></StgValue>
</operation>

<operation id="121" st_id="3" stage="1" lat="1">
<core>NULL</core>
<MemPortIdVec></MemPortIdVec>
<condition id="-1">
<or_exp><and_exp><literal name="icmp_ln104" val="0"/>
<literal name="icmp_ln169" val="0"/>
</and_exp></or_exp>
</condition>

<Node id="143" bw="0" op_0_bw="0">
<![CDATA[
:0 %br_ln0 = br void

]]></Node>
<StgValue><ssdm name="br_ln0"/></StgValue>
</operation>
</state>

<state id="4" st_id="4">

<operation id="122" st_id="4" stage="1" lat="1">
<core>NULL</core>
<MemPortIdVec></MemPortIdVec>
<condition id="-1">
<or_exp><and_exp><literal name="icmp_ln104" val="0"/>
<literal name="state_1" val="7"/>
</and_exp></or_exp>
</condition>

<Node id="32" bw="8" op_0_bw="16">
<![CDATA[
:7 %trunc_ln164 = trunc i16 %phi_ln155

]]></Node>
<StgValue><ssdm name="trunc_ln164"/></StgValue>
</operation>

<operation id="123" st_id="4" stage="1" lat="1">
<core>NULL</core>
<MemPortIdVec></MemPortIdVec>
<condition id="-1">
<or_exp><and_exp><literal name="icmp_ln104" val="0"/>
<literal name="state_1" val="7"/>
</and_exp></or_exp>
</condition>

<Node id="33" bw="16" op_0_bw="8">
<![CDATA[
:8 %zext_ln164 = zext i8 %trunc_ln164

]]></Node>
<StgValue><ssdm name="zext_ln164"/></StgValue>
</operation>

<operation id="124" st_id="4" stage="1" lat="1">
<core>FIFO</core>
<MemPortIdVec></MemPortIdVec>
<condition id="-1">
<or_exp><and_exp><literal name="icmp_ln104" val="0"/>
<literal name="state_1" val="7"/>
</and_exp></or_exp>
</condition>

<Node id="34" bw="0" op_0_bw="0" op_1_bw="16" op_2_bw="16" op_3_bw="0">
<![CDATA[
:9 %write_ln174 = write void @_ssdm_op_Write.ap_fifo.volatile.i16P0A, i16 %outstream, i16 %zext_ln164

]]></Node>
<StgValue><ssdm name="write_ln174"/></StgValue>
</operation>

<operation id="125" st_id="4" stage="1" lat="1">
<core>NULL</core>
<MemPortIdVec></MemPortIdVec>
<condition id="-1">
<or_exp><and_exp><literal name="icmp_ln104" val="0"/>
<literal name="state_1" val="6"/>
</and_exp></or_exp>
</condition>

<Node id="45" bw="8" op_0_bw="8" op_1_bw="16" op_2_bw="32" op_3_bw="32">
<![CDATA[
:7 %lshr_ln4 = partselect i8 @_ssdm_op_PartSelect.i8.i16.i32.i32, i16 %phi_ln155, i32 3, i32 10

]]></Node>
<StgValue><ssdm name="lshr_ln4"/></StgValue>
</operation>

<operation id="126" st_id="4" stage="1" lat="1">
<core>NULL</core>
<MemPortIdVec></MemPortIdVec>
<condition id="-1">
<or_exp><and_exp><literal name="icmp_ln104" val="0"/>
<literal name="state_1" val="6"/>
</and_exp></or_exp>
</condition>

<Node id="46" bw="16" op_0_bw="8">
<![CDATA[
:8 %zext_ln157 = zext i8 %lshr_ln4

]]></Node>
<StgValue><ssdm name="zext_ln157"/></StgValue>
</operation>

<operation id="127" st_id="4" stage="1" lat="1">
<core>FIFO</core>
<MemPortIdVec></MemPortIdVec>
<condition id="-1">
<or_exp><and_exp><literal name="icmp_ln104" val="0"/>
<literal name="state_1" val="6"/>
</and_exp></or_exp>
</condition>

<Node id="47" bw="0" op_0_bw="0" op_1_bw="16" op_2_bw="16" op_3_bw="0">
<![CDATA[
:9 %write_ln174 = write void @_ssdm_op_Write.ap_fifo.volatile.i16P0A, i16 %outstream, i16 %zext_ln157

]]></Node>
<StgValue><ssdm name="write_ln174"/></StgValue>
</operation>

<operation id="128" st_id="4" stage="1" lat="1">
<core>NULL</core>
<MemPortIdVec></MemPortIdVec>
<condition id="-1">
<or_exp><and_exp><literal name="icmp_ln104" val="0"/>
<literal name="state_1" val="4"/>
</and_exp></or_exp>
</condition>

<Node id="74" bw="8" op_0_bw="8" op_1_bw="16" op_2_bw="32" op_3_bw="32">
<![CDATA[
:7 %lshr_ln3 = partselect i8 @_ssdm_op_PartSelect.i8.i16.i32.i32, i16 %phi_ln155, i32 1, i32 8

]]></Node>
<StgValue><ssdm name="lshr_ln3"/></StgValue>
</operation>

<operation id="129" st_id="4" stage="1" lat="1">
<core>NULL</core>
<MemPortIdVec></MemPortIdVec>
<condition id="-1">
<or_exp><and_exp><literal name="icmp_ln104" val="0"/>
<literal name="state_1" val="4"/>
</and_exp></or_exp>
</condition>

<Node id="75" bw="16" op_0_bw="8">
<![CDATA[
:8 %zext_ln142 = zext i8 %lshr_ln3

]]></Node>
<StgValue><ssdm name="zext_ln142"/></StgValue>
</operation>

<operation id="130" st_id="4" stage="1" lat="1">
<core>FIFO</core>
<MemPortIdVec></MemPortIdVec>
<condition id="-1">
<or_exp><and_exp><literal name="icmp_ln104" val="0"/>
<literal name="state_1" val="4"/>
</and_exp></or_exp>
</condition>

<Node id="76" bw="0" op_0_bw="0" op_1_bw="16" op_2_bw="16" op_3_bw="0">
<![CDATA[
:9 %write_ln174 = write void @_ssdm_op_Write.ap_fifo.volatile.i16P0A, i16 %outstream, i16 %zext_ln142

]]></Node>
<StgValue><ssdm name="write_ln174"/></StgValue>
</operation>

<operation id="131" st_id="4" stage="1" lat="1">
<core>NULL</core>
<MemPortIdVec></MemPortIdVec>
<condition id="-1">
<or_exp><and_exp><literal name="icmp_ln104" val="0"/>
<literal name="state_1" val="3"/>
</and_exp></or_exp>
</condition>

<Node id="90" bw="8" op_0_bw="8" op_1_bw="16" op_2_bw="32" op_3_bw="32">
<![CDATA[
:7 %lshr_ln2 = partselect i8 @_ssdm_op_PartSelect.i8.i16.i32.i32, i16 %phi_ln155, i32 4, i32 11

]]></Node>
<StgValue><ssdm name="lshr_ln2"/></StgValue>
</operation>

<operation id="132" st_id="4" stage="1" lat="1">
<core>NULL</core>
<MemPortIdVec></MemPortIdVec>
<condition id="-1">
<or_exp><and_exp><literal name="icmp_ln104" val="0"/>
<literal name="state_1" val="3"/>
</and_exp></or_exp>
</condition>

<Node id="91" bw="16" op_0_bw="8">
<![CDATA[
:8 %zext_ln134 = zext i8 %lshr_ln2

]]></Node>
<StgValue><ssdm name="zext_ln134"/></StgValue>
</operation>

<operation id="133" st_id="4" stage="1" lat="1">
<core>FIFO</core>
<MemPortIdVec></MemPortIdVec>
<condition id="-1">
<or_exp><and_exp><literal name="icmp_ln104" val="0"/>
<literal name="state_1" val="3"/>
</and_exp></or_exp>
</condition>

<Node id="92" bw="0" op_0_bw="0" op_1_bw="16" op_2_bw="16" op_3_bw="0">
<![CDATA[
:9 %write_ln174 = write void @_ssdm_op_Write.ap_fifo.volatile.i16P0A, i16 %outstream, i16 %zext_ln134

]]></Node>
<StgValue><ssdm name="write_ln174"/></StgValue>
</operation>

<operation id="134" st_id="4" stage="1" lat="1">
<core>NULL</core>
<MemPortIdVec></MemPortIdVec>
<condition id="-1">
<or_exp><and_exp><literal name="icmp_ln104" val="0"/>
<literal name="state_1" val="1"/>
</and_exp></or_exp>
</condition>

<Node id="119" bw="8" op_0_bw="8" op_1_bw="16" op_2_bw="32" op_3_bw="32">
<![CDATA[
:7 %lshr_ln1 = partselect i8 @_ssdm_op_PartSelect.i8.i16.i32.i32, i16 %phi_ln155, i32 2, i32 9

]]></Node>
<StgValue><ssdm name="lshr_ln1"/></StgValue>
</operation>

<operation id="135" st_id="4" stage="1" lat="1">
<core>NULL</core>
<MemPortIdVec></MemPortIdVec>
<condition id="-1">
<or_exp><and_exp><literal name="icmp_ln104" val="0"/>
<literal name="state_1" val="1"/>
</and_exp></or_exp>
</condition>

<Node id="120" bw="16" op_0_bw="8">
<![CDATA[
:8 %zext_ln119 = zext i8 %lshr_ln1

]]></Node>
<StgValue><ssdm name="zext_ln119"/></StgValue>
</operation>

<operation id="136" st_id="4" stage="1" lat="1">
<core>FIFO</core>
<MemPortIdVec></MemPortIdVec>
<condition id="-1">
<or_exp><and_exp><literal name="icmp_ln104" val="0"/>
<literal name="state_1" val="1"/>
</and_exp></or_exp>
</condition>

<Node id="121" bw="0" op_0_bw="0" op_1_bw="16" op_2_bw="16" op_3_bw="0">
<![CDATA[
:9 %write_ln174 = write void @_ssdm_op_Write.ap_fifo.volatile.i16P0A, i16 %outstream, i16 %zext_ln119

]]></Node>
<StgValue><ssdm name="write_ln174"/></StgValue>
</operation>
</state>

<state id="5" st_id="5">

<operation id="137" st_id="5" stage="1" lat="1">
<core>NULL</core>
<MemPortIdVec></MemPortIdVec>
<condition id="-1">
<or_exp><and_exp></and_exp></or_exp>
</condition>

<Node id="145" bw="8" op_0_bw="8" op_1_bw="0" op_2_bw="8" op_3_bw="0">
<![CDATA[
.loopexit:0 %state_1_lcssa = phi i8 %state_1, void, i8 %state_2, void %.split._crit_edge

]]></Node>
<StgValue><ssdm name="state_1_lcssa"/></StgValue>
</operation>

<operation id="138" st_id="5" stage="1" lat="1">
<core>NULL</core>
<MemPortIdVec></MemPortIdVec>
<condition id="-1">
<or_exp><and_exp></and_exp></or_exp>
</condition>

<Node id="146" bw="8" op_0_bw="8" op_1_bw="0" op_2_bw="8" op_3_bw="0">
<![CDATA[
.loopexit:1 %temp_1_lcssa = phi i8 %temp_1, void, i8 %temp_9, void %.split._crit_edge

]]></Node>
<StgValue><ssdm name="temp_1_lcssa"/></StgValue>
</operation>

<operation id="139" st_id="5" stage="1" lat="1">
<core>Cmp</core>
<MemPortIdVec></MemPortIdVec>
<condition id="-1">
<or_exp><and_exp></and_exp></or_exp>
</condition>

<Node id="147" bw="1" op_0_bw="8" op_1_bw="8">
<![CDATA[
.loopexit:2 %icmp_ln174 = icmp_eq  i8 %state_1_lcssa, i8 0

]]></Node>
<StgValue><ssdm name="icmp_ln174"/></StgValue>
</operation>

<operation id="140" st_id="5" stage="1" lat="1">
<core>NULL</core>
<MemPortIdVec></MemPortIdVec>
<condition id="-1">
<or_exp><and_exp></and_exp></or_exp>
</condition>

<Node id="148" bw="0" op_0_bw="1" op_1_bw="0" op_2_bw="0">
<![CDATA[
.loopexit:3 %br_ln174 = br i1 %icmp_ln174, void, void %.loopexit._crit_edge

]]></Node>
<StgValue><ssdm name="br_ln174"/></StgValue>
</operation>
</state>

<state id="6" st_id="6">

<operation id="141" st_id="6" stage="1" lat="1">
<core>NULL</core>
<MemPortIdVec></MemPortIdVec>
<condition id="-1">
<or_exp><and_exp></and_exp></or_exp>
</condition>

<Node id="150" bw="16" op_0_bw="8">
<![CDATA[
:0 %zext_ln175 = zext i8 %temp_1_lcssa

]]></Node>
<StgValue><ssdm name="zext_ln175"/></StgValue>
</operation>

<operation id="142" st_id="6" stage="1" lat="1">
<core>FIFO</core>
<MemPortIdVec></MemPortIdVec>
<condition id="-1">
<or_exp><and_exp></and_exp></or_exp>
</condition>

<Node id="151" bw="0" op_0_bw="0" op_1_bw="16" op_2_bw="16" op_3_bw="0" op_4_bw="0" op_5_bw="0" op_6_bw="0" op_7_bw="0" op_8_bw="0" op_9_bw="0" op_10_bw="0" op_11_bw="0" op_12_bw="0" op_13_bw="0" op_14_bw="0" op_15_bw="0">
<![CDATA[
:1 %write_ln174 = write void @_ssdm_op_Write.ap_fifo.volatile.i16P0A, i16 %outstream, i16 %zext_ln175

]]></Node>
<StgValue><ssdm name="write_ln174"/></StgValue>
</operation>

<operation id="143" st_id="6" stage="1" lat="1">
<core>NULL</core>
<MemPortIdVec></MemPortIdVec>
<condition id="-1">
<or_exp><and_exp></and_exp></or_exp>
</condition>

<Node id="152" bw="0" op_0_bw="0">
<![CDATA[
:2 %br_ln176 = br void %.loopexit._crit_edge

]]></Node>
<StgValue><ssdm name="br_ln176"/></StgValue>
</operation>
</state>

<state id="7" st_id="7">

<operation id="144" st_id="7" stage="1" lat="1">
<core>FIFO</core>
<MemPortIdVec></MemPortIdVec>
<condition id="-1">
<or_exp><and_exp></and_exp></or_exp>
</condition>

<Node id="154" bw="0" op_0_bw="0" op_1_bw="16" op_2_bw="16" op_3_bw="0" op_4_bw="0" op_5_bw="0" op_6_bw="0" op_7_bw="0" op_8_bw="0" op_9_bw="0" op_10_bw="0" op_11_bw="0" op_12_bw="0" op_13_bw="0" op_14_bw="0" op_15_bw="0" op_16_bw="0">
<![CDATA[
.loopexit._crit_edge:0 %write_ln174 = write void @_ssdm_op_Write.ap_fifo.volatile.i16P0A, i16 %outstream, i16 65535

]]></Node>
<StgValue><ssdm name="write_ln174"/></StgValue>
</operation>

<operation id="145" st_id="7" stage="1" lat="1">
<core>NULL</core>
<MemPortIdVec></MemPortIdVec>
<condition id="-1">
<or_exp><and_exp></and_exp></or_exp>
</condition>

<Node id="155" bw="0">
<![CDATA[
.loopexit._crit_edge:1 %ret_ln179 = ret

]]></Node>
<StgValue><ssdm name="ret_ln179"/></StgValue>
</operation>
</state>
</state_list>


<ports>
</ports>


<dataflows>
</dataflows>


</stg>
