<stg><name>lzw_hw_streams</name>


<trans_list>

<trans id="52" from="1" to="2">
<condition id="-1">
<or_exp><and_exp></and_exp></or_exp>
</condition>
</trans>

<trans id="53" from="2" to="3">
<condition id="-1">
<or_exp><and_exp></and_exp></or_exp>
</condition>
</trans>

<trans id="54" from="3" to="4">
<condition id="-1">
<or_exp><and_exp></and_exp></or_exp>
</condition>
</trans>

<trans id="55" from="4" to="5">
<condition id="-1">
<or_exp><and_exp></and_exp></or_exp>
</condition>
</trans>

<trans id="56" from="5" to="6">
<condition id="-1">
<or_exp><and_exp></and_exp></or_exp>
</condition>
</trans>

<trans id="57" from="6" to="7">
<condition id="-1">
<or_exp><and_exp></and_exp></or_exp>
</condition>
</trans>

<trans id="58" from="7" to="8">
<condition id="-1">
<or_exp><and_exp></and_exp></or_exp>
</condition>
</trans>

<trans id="59" from="8" to="9">
<condition id="-1">
<or_exp><and_exp></and_exp></or_exp>
</condition>
</trans>
</trans_list>



<state_list>

<state id="1" st_id="1">

<operation id="10" st_id="1" stage="1" lat="1">
<core>s_axilite</core>
<MemPortIdVec></MemPortIdVec>
<condition id="-1">
<or_exp><and_exp></and_exp></or_exp>
</condition>

<Node id="6" bw="64" op_0_bw="64" op_1_bw="64">
<![CDATA[
.split:0 %output_read = read i64 @_ssdm_op_Read.s_axilite.i64, i64 %output_r

]]></Node>
<StgValue><ssdm name="output_read"/></StgValue>
</operation>

<operation id="11" st_id="1" stage="1" lat="1">
<core>s_axilite</core>
<MemPortIdVec></MemPortIdVec>
<condition id="-1">
<or_exp><and_exp></and_exp></or_exp>
</condition>

<Node id="7" bw="32" op_0_bw="32" op_1_bw="32">
<![CDATA[
.split:1 %chunkSize_read = read i32 @_ssdm_op_Read.ap_none.i32, i32 %chunkSize

]]></Node>
<StgValue><ssdm name="chunkSize_read"/></StgValue>
</operation>

<operation id="12" st_id="1" stage="1" lat="1">
<core>s_axilite</core>
<MemPortIdVec></MemPortIdVec>
<condition id="-1">
<or_exp><and_exp></and_exp></or_exp>
</condition>

<Node id="8" bw="64" op_0_bw="64" op_1_bw="64">
<![CDATA[
.split:2 %input_chunk_read = read i64 @_ssdm_op_Read.s_axilite.i64, i64 %input_chunk

]]></Node>
<StgValue><ssdm name="input_chunk_read"/></StgValue>
</operation>

<operation id="13" st_id="1" stage="1" lat="1">
<core>FIFO_SRL</core>
<MemPortIdVec></MemPortIdVec>
<condition id="-1">
<or_exp><and_exp></and_exp></or_exp>
</condition>

<Node id="9" bw="64" op_0_bw="64">
<![CDATA[
.split:3 %output_c = alloca i64 1

]]></Node>
<StgValue><ssdm name="output_c"/></StgValue>
</operation>

<operation id="14" st_id="1" stage="1" lat="1">
<core>FIFO_SRL</core>
<MemPortIdVec></MemPortIdVec>
<condition id="-1">
<or_exp><and_exp></and_exp></or_exp>
</condition>

<Node id="10" bw="32" op_0_bw="64">
<![CDATA[
.split:4 %chunkSize_c = alloca i64 1

]]></Node>
<StgValue><ssdm name="chunkSize_c"/></StgValue>
</operation>

<operation id="15" st_id="1" stage="1" lat="1">
<core>FIFO</core>
<MemPortIdVec></MemPortIdVec>
<condition id="-1">
<or_exp><and_exp></and_exp></or_exp>
</condition>

<Node id="26" bw="8" op_0_bw="64">
<![CDATA[
.split:20 %instream = alloca i64 1

]]></Node>
<StgValue><ssdm name="instream"/></StgValue>
</operation>

<operation id="16" st_id="1" stage="1" lat="1">
<core>FIFO</core>
<MemPortIdVec></MemPortIdVec>
<condition id="-1">
<or_exp><and_exp></and_exp></or_exp>
</condition>

<Node id="29" bw="16" op_0_bw="64">
<![CDATA[
.split:23 %midstream = alloca i64 1

]]></Node>
<StgValue><ssdm name="midstream"/></StgValue>
</operation>

<operation id="17" st_id="1" stage="1" lat="1">
<core>FIFO</core>
<MemPortIdVec></MemPortIdVec>
<condition id="-1">
<or_exp><and_exp></and_exp></or_exp>
</condition>

<Node id="32" bw="16" op_0_bw="64">
<![CDATA[
.split:26 %outstream = alloca i64 1

]]></Node>
<StgValue><ssdm name="outstream"/></StgValue>
</operation>
</state>

<state id="2" st_id="2">

<operation id="18" st_id="2" stage="2" lat="2">
<core></core>
<MemPortIdVec></MemPortIdVec>
<condition id="-1">
<or_exp><and_exp></and_exp></or_exp>
</condition>

<Node id="39" bw="0" op_0_bw="0" op_1_bw="8" op_2_bw="8" op_3_bw="64" op_4_bw="32" op_5_bw="64" op_6_bw="32" op_7_bw="64">
<![CDATA[
.split:33 %call_ln211 = call void @lzw_hw_load5, i8 %p0, i8 %instream, i64 %input_chunk_read, i32 %chunkSize_read, i64 %output_read, i32 %chunkSize_c, i64 %output_c

]]></Node>
<StgValue><ssdm name="call_ln211"/></StgValue>
</operation>
</state>

<state id="3" st_id="3">

<operation id="19" st_id="3" stage="1" lat="2">
<core></core>
<MemPortIdVec></MemPortIdVec>
<condition id="-1">
<or_exp><and_exp></and_exp></or_exp>
</condition>

<Node id="39" bw="0" op_0_bw="0" op_1_bw="8" op_2_bw="8" op_3_bw="64" op_4_bw="32" op_5_bw="64" op_6_bw="32" op_7_bw="64">
<![CDATA[
.split:33 %call_ln211 = call void @lzw_hw_load5, i8 %p0, i8 %instream, i64 %input_chunk_read, i32 %chunkSize_read, i64 %output_read, i32 %chunkSize_c, i64 %output_c

]]></Node>
<StgValue><ssdm name="call_ln211"/></StgValue>
</operation>
</state>

<state id="4" st_id="4">

<operation id="20" st_id="4" stage="2" lat="2">
<core></core>
<MemPortIdVec></MemPortIdVec>
<condition id="-1">
<or_exp><and_exp></and_exp></or_exp>
</condition>

<Node id="40" bw="0" op_0_bw="0" op_1_bw="8" op_2_bw="16" op_3_bw="32" op_4_bw="0" op_5_bw="0">
<![CDATA[
.split:34 %call_ln212 = call void @lzw_hw_compute, i8 %instream, i16 %midstream, i32 %chunkSize_c

]]></Node>
<StgValue><ssdm name="call_ln212"/></StgValue>
</operation>
</state>

<state id="5" st_id="5">

<operation id="21" st_id="5" stage="1" lat="2">
<core></core>
<MemPortIdVec></MemPortIdVec>
<condition id="-1">
<or_exp><and_exp></and_exp></or_exp>
</condition>

<Node id="40" bw="0" op_0_bw="0" op_1_bw="8" op_2_bw="16" op_3_bw="32" op_4_bw="0" op_5_bw="0">
<![CDATA[
.split:34 %call_ln212 = call void @lzw_hw_compute, i8 %instream, i16 %midstream, i32 %chunkSize_c

]]></Node>
<StgValue><ssdm name="call_ln212"/></StgValue>
</operation>
</state>

<state id="6" st_id="6">

<operation id="22" st_id="6" stage="2" lat="2">
<core></core>
<MemPortIdVec></MemPortIdVec>
<condition id="-1">
<or_exp><and_exp></and_exp></or_exp>
</condition>

<Node id="41" bw="0" op_0_bw="0" op_1_bw="16" op_2_bw="16" op_3_bw="0" op_4_bw="0">
<![CDATA[
.split:35 %call_ln213 = call void @lzw_hw_bitpack, i16 %midstream, i16 %outstream

]]></Node>
<StgValue><ssdm name="call_ln213"/></StgValue>
</operation>
</state>

<state id="7" st_id="7">

<operation id="23" st_id="7" stage="1" lat="2">
<core></core>
<MemPortIdVec></MemPortIdVec>
<condition id="-1">
<or_exp><and_exp></and_exp></or_exp>
</condition>

<Node id="41" bw="0" op_0_bw="0" op_1_bw="16" op_2_bw="16" op_3_bw="0" op_4_bw="0">
<![CDATA[
.split:35 %call_ln213 = call void @lzw_hw_bitpack, i16 %midstream, i16 %outstream

]]></Node>
<StgValue><ssdm name="call_ln213"/></StgValue>
</operation>
</state>

<state id="8" st_id="8">

<operation id="24" st_id="8" stage="2" lat="2">
<core></core>
<MemPortIdVec></MemPortIdVec>
<condition id="-1">
<or_exp><and_exp></and_exp></or_exp>
</condition>

<Node id="42" bw="0" op_0_bw="0" op_1_bw="16" op_2_bw="32" op_3_bw="64" op_4_bw="0" op_5_bw="0">
<![CDATA[
.split:36 %call_ln214 = call void @lzw_hw_store, i16 %outstream, i32 %p1, i64 %output_c

]]></Node>
<StgValue><ssdm name="call_ln214"/></StgValue>
</operation>
</state>

<state id="9" st_id="9">

<operation id="25" st_id="9" stage="1" lat="1">
<core>NULL</core>
<MemPortIdVec></MemPortIdVec>
<condition id="-1">
<or_exp><and_exp></and_exp></or_exp>
</condition>

<Node id="11" bw="0" op_0_bw="0" op_1_bw="32" op_2_bw="32" op_3_bw="0">
<![CDATA[
.split:5 %specdataflowpipeline_ln0 = specdataflowpipeline void @_ssdm_op_SpecDataflowPipeline, i32 4294967295, i32 0, void @empty_7

]]></Node>
<StgValue><ssdm name="specdataflowpipeline_ln0"/></StgValue>
</operation>

<operation id="26" st_id="9" stage="1" lat="1">
<core>NULL</core>
<MemPortIdVec></MemPortIdVec>
<condition id="-1">
<or_exp><and_exp></and_exp></or_exp>
</condition>

<Node id="12" bw="0" op_0_bw="0" op_1_bw="0">
<![CDATA[
.split:6 %spectopmodule_ln0 = spectopmodule void @_ssdm_op_SpecTopModule, void @empty

]]></Node>
<StgValue><ssdm name="spectopmodule_ln0"/></StgValue>
</operation>

<operation id="27" st_id="9" stage="1" lat="1">
<core>NULL</core>
<MemPortIdVec></MemPortIdVec>
<condition id="-1">
<or_exp><and_exp></and_exp></or_exp>
</condition>

<Node id="13" bw="0" op_0_bw="0" op_1_bw="32" op_2_bw="0" op_3_bw="32" op_4_bw="32" op_5_bw="0" op_6_bw="32" op_7_bw="32" op_8_bw="0" op_9_bw="0" op_10_bw="0" op_11_bw="32" op_12_bw="32" op_13_bw="32" op_14_bw="32" op_15_bw="0" op_16_bw="0">
<![CDATA[
.split:7 %specinterface_ln0 = specinterface void @_ssdm_op_SpecInterface, i32 0, void @empty_20, i32 0, i32 0, void @empty_7, i32 0, i32 0, void @empty_7, void @empty_7, void @empty_7, i32 0, i32 0, i32 0, i32 0, void @empty_7, void @empty_7

]]></Node>
<StgValue><ssdm name="specinterface_ln0"/></StgValue>
</operation>

<operation id="28" st_id="9" stage="1" lat="1">
<core>NULL</core>
<MemPortIdVec></MemPortIdVec>
<condition id="-1">
<or_exp><and_exp></and_exp></or_exp>
</condition>

<Node id="14" bw="0" op_0_bw="0" op_1_bw="8" op_2_bw="0" op_3_bw="32" op_4_bw="32" op_5_bw="0" op_6_bw="32" op_7_bw="32" op_8_bw="0" op_9_bw="0" op_10_bw="0" op_11_bw="32" op_12_bw="32" op_13_bw="32" op_14_bw="32" op_15_bw="0" op_16_bw="0">
<![CDATA[
.split:8 %specinterface_ln0 = specinterface void @_ssdm_op_SpecInterface, i8 %p0, void @empty_0, i32 0, i32 0, void @empty_7, i32 64, i32 10000, void @empty_19, void @empty_8, void @empty_7, i32 16, i32 16, i32 16, i32 16, void @empty_7, void @empty_7

]]></Node>
<StgValue><ssdm name="specinterface_ln0"/></StgValue>
</operation>

<operation id="29" st_id="9" stage="1" lat="1">
<core>NULL</core>
<MemPortIdVec></MemPortIdVec>
<condition id="-1">
<or_exp><and_exp></and_exp></or_exp>
</condition>

<Node id="15" bw="0" op_0_bw="0" op_1_bw="8">
<![CDATA[
.split:9 %specbitsmap_ln0 = specbitsmap void @_ssdm_op_SpecBitsMap, i8 %p0

]]></Node>
<StgValue><ssdm name="specbitsmap_ln0"/></StgValue>
</operation>

<operation id="30" st_id="9" stage="1" lat="1">
<core>NULL</core>
<MemPortIdVec></MemPortIdVec>
<condition id="-1">
<or_exp><and_exp></and_exp></or_exp>
</condition>

<Node id="16" bw="0" op_0_bw="0" op_1_bw="32" op_2_bw="0" op_3_bw="32" op_4_bw="32" op_5_bw="0" op_6_bw="32" op_7_bw="32" op_8_bw="0" op_9_bw="0" op_10_bw="0" op_11_bw="32" op_12_bw="32" op_13_bw="32" op_14_bw="32" op_15_bw="0" op_16_bw="0">
<![CDATA[
.split:10 %specinterface_ln0 = specinterface void @_ssdm_op_SpecInterface, i32 %p1, void @empty_0, i32 0, i32 0, void @empty_7, i32 64, i32 20000, void @empty_6, void @empty_8, void @empty_7, i32 16, i32 16, i32 16, i32 16, void @empty_7, void @empty_7

]]></Node>
<StgValue><ssdm name="specinterface_ln0"/></StgValue>
</operation>

<operation id="31" st_id="9" stage="1" lat="1">
<core>NULL</core>
<MemPortIdVec></MemPortIdVec>
<condition id="-1">
<or_exp><and_exp></and_exp></or_exp>
</condition>

<Node id="17" bw="0" op_0_bw="0" op_1_bw="32">
<![CDATA[
.split:11 %specbitsmap_ln0 = specbitsmap void @_ssdm_op_SpecBitsMap, i32 %p1

]]></Node>
<StgValue><ssdm name="specbitsmap_ln0"/></StgValue>
</operation>

<operation id="32" st_id="9" stage="1" lat="1">
<core>NULL</core>
<MemPortIdVec></MemPortIdVec>
<condition id="-1">
<or_exp><and_exp></and_exp></or_exp>
</condition>

<Node id="18" bw="0" op_0_bw="0" op_1_bw="64" op_2_bw="0" op_3_bw="32" op_4_bw="32" op_5_bw="0" op_6_bw="32" op_7_bw="32" op_8_bw="0" op_9_bw="0" op_10_bw="0" op_11_bw="32" op_12_bw="32" op_13_bw="32" op_14_bw="32" op_15_bw="0" op_16_bw="0">
<![CDATA[
.split:12 %specinterface_ln0 = specinterface void @_ssdm_op_SpecInterface, i64 %input_chunk, void @empty_2, i32 0, i32 0, void @empty_7, i32 0, i32 0, void @empty_3, void @empty_9, void @empty_7, i32 0, i32 0, i32 0, i32 0, void @empty_7, void @empty_17

]]></Node>
<StgValue><ssdm name="specinterface_ln0"/></StgValue>
</operation>

<operation id="33" st_id="9" stage="1" lat="1">
<core>NULL</core>
<MemPortIdVec></MemPortIdVec>
<condition id="-1">
<or_exp><and_exp></and_exp></or_exp>
</condition>

<Node id="19" bw="0" op_0_bw="0" op_1_bw="64" op_2_bw="0" op_3_bw="32" op_4_bw="32" op_5_bw="0" op_6_bw="32" op_7_bw="32" op_8_bw="0" op_9_bw="0" op_10_bw="0" op_11_bw="32" op_12_bw="32" op_13_bw="32" op_14_bw="32" op_15_bw="0" op_16_bw="0">
<![CDATA[
.split:13 %specinterface_ln0 = specinterface void @_ssdm_op_SpecInterface, i64 %input_chunk, void @empty_16, i32 0, i32 0, void @empty_7, i32 0, i32 0, void @empty_7, void @empty_7, void @empty_7, i32 0, i32 0, i32 0, i32 0, void @empty_7, void @empty_17

]]></Node>
<StgValue><ssdm name="specinterface_ln0"/></StgValue>
</operation>

<operation id="34" st_id="9" stage="1" lat="1">
<core>NULL</core>
<MemPortIdVec></MemPortIdVec>
<condition id="-1">
<or_exp><and_exp></and_exp></or_exp>
</condition>

<Node id="20" bw="0" op_0_bw="0" op_1_bw="32">
<![CDATA[
.split:14 %specbitsmap_ln0 = specbitsmap void @_ssdm_op_SpecBitsMap, i32 %chunkSize

]]></Node>
<StgValue><ssdm name="specbitsmap_ln0"/></StgValue>
</operation>

<operation id="35" st_id="9" stage="1" lat="1">
<core>NULL</core>
<MemPortIdVec></MemPortIdVec>
<condition id="-1">
<or_exp><and_exp></and_exp></or_exp>
</condition>

<Node id="21" bw="0" op_0_bw="0" op_1_bw="32" op_2_bw="0" op_3_bw="32" op_4_bw="32" op_5_bw="0" op_6_bw="32" op_7_bw="32" op_8_bw="0" op_9_bw="0" op_10_bw="0" op_11_bw="32" op_12_bw="32" op_13_bw="32" op_14_bw="32" op_15_bw="0" op_16_bw="0">
<![CDATA[
.split:15 %specinterface_ln0 = specinterface void @_ssdm_op_SpecInterface, i32 %chunkSize, void @empty_2, i32 0, i32 0, void @empty_7, i32 0, i32 0, void @empty_3, void @empty_5, void @empty_7, i32 0, i32 0, i32 0, i32 0, void @empty_7, void @empty_7

]]></Node>
<StgValue><ssdm name="specinterface_ln0"/></StgValue>
</operation>

<operation id="36" st_id="9" stage="1" lat="1">
<core>NULL</core>
<MemPortIdVec></MemPortIdVec>
<condition id="-1">
<or_exp><and_exp></and_exp></or_exp>
</condition>

<Node id="22" bw="0" op_0_bw="0" op_1_bw="32" op_2_bw="0" op_3_bw="32" op_4_bw="32" op_5_bw="0" op_6_bw="32" op_7_bw="32" op_8_bw="0" op_9_bw="0" op_10_bw="0" op_11_bw="32" op_12_bw="32" op_13_bw="32" op_14_bw="32" op_15_bw="0" op_16_bw="0">
<![CDATA[
.split:16 %specinterface_ln0 = specinterface void @_ssdm_op_SpecInterface, i32 %chunkSize, void @empty_4, i32 0, i32 0, void @empty_7, i32 0, i32 0, void @empty_7, void @empty_7, void @empty_7, i32 0, i32 0, i32 0, i32 0, void @empty_7, void @empty_7

]]></Node>
<StgValue><ssdm name="specinterface_ln0"/></StgValue>
</operation>

<operation id="37" st_id="9" stage="1" lat="1">
<core>NULL</core>
<MemPortIdVec></MemPortIdVec>
<condition id="-1">
<or_exp><and_exp></and_exp></or_exp>
</condition>

<Node id="23" bw="0" op_0_bw="0" op_1_bw="64" op_2_bw="0" op_3_bw="32" op_4_bw="32" op_5_bw="0" op_6_bw="32" op_7_bw="32" op_8_bw="0" op_9_bw="0" op_10_bw="0" op_11_bw="32" op_12_bw="32" op_13_bw="32" op_14_bw="32" op_15_bw="0" op_16_bw="0">
<![CDATA[
.split:17 %specinterface_ln0 = specinterface void @_ssdm_op_SpecInterface, i64 %output_r, void @empty_2, i32 0, i32 0, void @empty_7, i32 0, i32 0, void @empty_3, void @empty_10, void @empty_7, i32 0, i32 0, i32 0, i32 0, void @empty_7, void @empty_17

]]></Node>
<StgValue><ssdm name="specinterface_ln0"/></StgValue>
</operation>

<operation id="38" st_id="9" stage="1" lat="1">
<core>NULL</core>
<MemPortIdVec></MemPortIdVec>
<condition id="-1">
<or_exp><and_exp></and_exp></or_exp>
</condition>

<Node id="24" bw="0" op_0_bw="0" op_1_bw="64" op_2_bw="0" op_3_bw="32" op_4_bw="32" op_5_bw="0" op_6_bw="32" op_7_bw="32" op_8_bw="0" op_9_bw="0" op_10_bw="0" op_11_bw="32" op_12_bw="32" op_13_bw="32" op_14_bw="32" op_15_bw="0" op_16_bw="0">
<![CDATA[
.split:18 %specinterface_ln0 = specinterface void @_ssdm_op_SpecInterface, i64 %output_r, void @empty_16, i32 0, i32 0, void @empty_7, i32 0, i32 0, void @empty_7, void @empty_7, void @empty_7, i32 0, i32 0, i32 0, i32 0, void @empty_7, void @empty_17

]]></Node>
<StgValue><ssdm name="specinterface_ln0"/></StgValue>
</operation>

<operation id="39" st_id="9" stage="1" lat="1">
<core>NULL</core>
<MemPortIdVec></MemPortIdVec>
<condition id="-1">
<or_exp><and_exp></and_exp></or_exp>
</condition>

<Node id="25" bw="0" op_0_bw="0" op_1_bw="32" op_2_bw="0" op_3_bw="32" op_4_bw="32" op_5_bw="0" op_6_bw="32" op_7_bw="32" op_8_bw="0" op_9_bw="0" op_10_bw="0" op_11_bw="32" op_12_bw="32" op_13_bw="32" op_14_bw="32" op_15_bw="0" op_16_bw="0">
<![CDATA[
.split:19 %specinterface_ln0 = specinterface void @_ssdm_op_SpecInterface, i32 0, void @empty_2, i32 0, i32 0, void @empty_7, i32 0, i32 0, void @empty_3, void @empty_7, void @empty_7, i32 0, i32 0, i32 0, i32 0, void @empty_7, void @empty_7

]]></Node>
<StgValue><ssdm name="specinterface_ln0"/></StgValue>
</operation>

<operation id="40" st_id="9" stage="1" lat="1">
<core>NULL</core>
<MemPortIdVec></MemPortIdVec>
<condition id="-1">
<or_exp><and_exp></and_exp></or_exp>
</condition>

<Node id="27" bw="32" op_0_bw="32" op_1_bw="0" op_2_bw="32" op_3_bw="0" op_4_bw="0" op_5_bw="32" op_6_bw="32" op_7_bw="8" op_8_bw="8">
<![CDATA[
.split:21 %empty = specchannel i32 @_ssdm_op_SpecChannel, void @instream_str, i32 1, void @p_str, void @p_str, i32 8192, i32 8192, i8 %instream, i8 %instream

]]></Node>
<StgValue><ssdm name="empty"/></StgValue>
</operation>

<operation id="41" st_id="9" stage="1" lat="1">
<core>NULL</core>
<MemPortIdVec></MemPortIdVec>
<condition id="-1">
<or_exp><and_exp></and_exp></or_exp>
</condition>

<Node id="28" bw="0" op_0_bw="0" op_1_bw="8" op_2_bw="0" op_3_bw="32" op_4_bw="32" op_5_bw="0" op_6_bw="32" op_7_bw="32" op_8_bw="0" op_9_bw="0" op_10_bw="0" op_11_bw="32" op_12_bw="32" op_13_bw="32" op_14_bw="32" op_15_bw="0" op_16_bw="0">
<![CDATA[
.split:22 %specinterface_ln0 = specinterface void @_ssdm_op_SpecInterface, i8 %instream, void @empty_18, i32 0, i32 0, void @empty_7, i32 0, i32 0, void @empty_7, void @empty_7, void @empty_7, i32 0, i32 0, i32 0, i32 0, void @empty_7, void @empty_7

]]></Node>
<StgValue><ssdm name="specinterface_ln0"/></StgValue>
</operation>

<operation id="42" st_id="9" stage="1" lat="1">
<core>NULL</core>
<MemPortIdVec></MemPortIdVec>
<condition id="-1">
<or_exp><and_exp></and_exp></or_exp>
</condition>

<Node id="30" bw="32" op_0_bw="32" op_1_bw="0" op_2_bw="32" op_3_bw="0" op_4_bw="0" op_5_bw="32" op_6_bw="32" op_7_bw="16" op_8_bw="16">
<![CDATA[
.split:24 %empty_40 = specchannel i32 @_ssdm_op_SpecChannel, void @midstream_str, i32 1, void @p_str, void @p_str, i32 8192, i32 8192, i16 %midstream, i16 %midstream

]]></Node>
<StgValue><ssdm name="empty_40"/></StgValue>
</operation>

<operation id="43" st_id="9" stage="1" lat="1">
<core>NULL</core>
<MemPortIdVec></MemPortIdVec>
<condition id="-1">
<or_exp><and_exp></and_exp></or_exp>
</condition>

<Node id="31" bw="0" op_0_bw="0" op_1_bw="16" op_2_bw="0" op_3_bw="32" op_4_bw="32" op_5_bw="0" op_6_bw="32" op_7_bw="32" op_8_bw="0" op_9_bw="0" op_10_bw="0" op_11_bw="32" op_12_bw="32" op_13_bw="32" op_14_bw="32" op_15_bw="0" op_16_bw="0">
<![CDATA[
.split:25 %specinterface_ln0 = specinterface void @_ssdm_op_SpecInterface, i16 %midstream, void @empty_18, i32 0, i32 0, void @empty_7, i32 0, i32 0, void @empty_7, void @empty_7, void @empty_7, i32 0, i32 0, i32 0, i32 0, void @empty_7, void @empty_7

]]></Node>
<StgValue><ssdm name="specinterface_ln0"/></StgValue>
</operation>

<operation id="44" st_id="9" stage="1" lat="1">
<core>NULL</core>
<MemPortIdVec></MemPortIdVec>
<condition id="-1">
<or_exp><and_exp></and_exp></or_exp>
</condition>

<Node id="33" bw="32" op_0_bw="32" op_1_bw="0" op_2_bw="32" op_3_bw="0" op_4_bw="0" op_5_bw="32" op_6_bw="32" op_7_bw="16" op_8_bw="16">
<![CDATA[
.split:27 %empty_41 = specchannel i32 @_ssdm_op_SpecChannel, void @outstream_str, i32 1, void @p_str, void @p_str, i32 13316, i32 13316, i16 %outstream, i16 %outstream

]]></Node>
<StgValue><ssdm name="empty_41"/></StgValue>
</operation>

<operation id="45" st_id="9" stage="1" lat="1">
<core>NULL</core>
<MemPortIdVec></MemPortIdVec>
<condition id="-1">
<or_exp><and_exp></and_exp></or_exp>
</condition>

<Node id="34" bw="0" op_0_bw="0" op_1_bw="16" op_2_bw="0" op_3_bw="32" op_4_bw="32" op_5_bw="0" op_6_bw="32" op_7_bw="32" op_8_bw="0" op_9_bw="0" op_10_bw="0" op_11_bw="32" op_12_bw="32" op_13_bw="32" op_14_bw="32" op_15_bw="0" op_16_bw="0">
<![CDATA[
.split:28 %specinterface_ln0 = specinterface void @_ssdm_op_SpecInterface, i16 %outstream, void @empty_18, i32 0, i32 0, void @empty_7, i32 0, i32 0, void @empty_7, void @empty_7, void @empty_7, i32 0, i32 0, i32 0, i32 0, void @empty_7, void @empty_7

]]></Node>
<StgValue><ssdm name="specinterface_ln0"/></StgValue>
</operation>

<operation id="46" st_id="9" stage="1" lat="1">
<core>NULL</core>
<MemPortIdVec></MemPortIdVec>
<condition id="-1">
<or_exp><and_exp></and_exp></or_exp>
</condition>

<Node id="35" bw="32" op_0_bw="32" op_1_bw="0" op_2_bw="32" op_3_bw="0" op_4_bw="0" op_5_bw="32" op_6_bw="32" op_7_bw="32" op_8_bw="32">
<![CDATA[
.split:29 %empty_42 = specchannel i32 @_ssdm_op_SpecChannel, void @chunkSize_c_str, i32 1, void @p_str, void @p_str, i32 2, i32 0, i32 %chunkSize_c, i32 %chunkSize_c

]]></Node>
<StgValue><ssdm name="empty_42"/></StgValue>
</operation>

<operation id="47" st_id="9" stage="1" lat="1">
<core>NULL</core>
<MemPortIdVec></MemPortIdVec>
<condition id="-1">
<or_exp><and_exp></and_exp></or_exp>
</condition>

<Node id="36" bw="0" op_0_bw="0" op_1_bw="32" op_2_bw="0" op_3_bw="32" op_4_bw="32" op_5_bw="0" op_6_bw="32" op_7_bw="32" op_8_bw="0" op_9_bw="0" op_10_bw="0" op_11_bw="32" op_12_bw="32" op_13_bw="32" op_14_bw="32" op_15_bw="0" op_16_bw="0">
<![CDATA[
.split:30 %specinterface_ln200 = specinterface void @_ssdm_op_SpecInterface, i32 %chunkSize_c, void @ap_fifo_str, i32 0, i32 0, void @p_str, i32 0, i32 0, void @p_str, void @p_str, void @p_str, i32 2, i32 2, i32 16, i32 16, void @p_str, void @p_str

]]></Node>
<StgValue><ssdm name="specinterface_ln200"/></StgValue>
</operation>

<operation id="48" st_id="9" stage="1" lat="1">
<core>NULL</core>
<MemPortIdVec></MemPortIdVec>
<condition id="-1">
<or_exp><and_exp></and_exp></or_exp>
</condition>

<Node id="37" bw="32" op_0_bw="32" op_1_bw="0" op_2_bw="32" op_3_bw="0" op_4_bw="0" op_5_bw="32" op_6_bw="32" op_7_bw="64" op_8_bw="64">
<![CDATA[
.split:31 %empty_43 = specchannel i32 @_ssdm_op_SpecChannel, void @output_c_str, i32 1, void @p_str, void @p_str, i32 4, i32 0, i64 %output_c, i64 %output_c

]]></Node>
<StgValue><ssdm name="empty_43"/></StgValue>
</operation>

<operation id="49" st_id="9" stage="1" lat="1">
<core>NULL</core>
<MemPortIdVec></MemPortIdVec>
<condition id="-1">
<or_exp><and_exp></and_exp></or_exp>
</condition>

<Node id="38" bw="0" op_0_bw="0" op_1_bw="64" op_2_bw="0" op_3_bw="32" op_4_bw="32" op_5_bw="0" op_6_bw="32" op_7_bw="32" op_8_bw="0" op_9_bw="0" op_10_bw="0" op_11_bw="32" op_12_bw="32" op_13_bw="32" op_14_bw="32" op_15_bw="0" op_16_bw="0">
<![CDATA[
.split:32 %specinterface_ln200 = specinterface void @_ssdm_op_SpecInterface, i64 %output_c, void @ap_fifo_str, i32 0, i32 0, void @p_str, i32 0, i32 0, void @p_str, void @p_str, void @p_str, i32 2, i32 2, i32 16, i32 16, void @p_str, void @p_str

]]></Node>
<StgValue><ssdm name="specinterface_ln200"/></StgValue>
</operation>

<operation id="50" st_id="9" stage="1" lat="2">
<core></core>
<MemPortIdVec></MemPortIdVec>
<condition id="-1">
<or_exp><and_exp></and_exp></or_exp>
</condition>

<Node id="42" bw="0" op_0_bw="0" op_1_bw="16" op_2_bw="32" op_3_bw="64" op_4_bw="0" op_5_bw="0">
<![CDATA[
.split:36 %call_ln214 = call void @lzw_hw_store, i16 %outstream, i32 %p1, i64 %output_c

]]></Node>
<StgValue><ssdm name="call_ln214"/></StgValue>
</operation>

<operation id="51" st_id="9" stage="1" lat="1">
<core>NULL</core>
<MemPortIdVec></MemPortIdVec>
<condition id="-1">
<or_exp><and_exp></and_exp></or_exp>
</condition>

<Node id="43" bw="0">
<![CDATA[
.split:37 %ret_ln216 = ret

]]></Node>
<StgValue><ssdm name="ret_ln216"/></StgValue>
</operation>
</state>
</state_list>


<ports>
<port id="61" name="p0" dir="0" iftype="4">
<core>NULL</core><StgValue><ssdm name="p0"/></StgValue>
</port>
<port id="62" name="p1" dir="1" iftype="4">
<core>NULL</core><StgValue><ssdm name="p1"/></StgValue>
</port>
<port id="63" name="input_chunk" dir="0" iftype="0">
<core>NULL</core><StgValue><ssdm name="input_chunk"/></StgValue>
</port>
<port id="64" name="chunkSize" dir="0" iftype="0">
<core>NULL</core><StgValue><ssdm name="chunkSize"/></StgValue>
</port>
<port id="65" name="output_r" dir="0" iftype="0">
<core>NULL</core><StgValue><ssdm name="output_r"/></StgValue>
</port>
</ports>


<dataflows>
<dataflow id="67" from="_ssdm_op_Read.s_axilite.i64" to="output_read" fromId="66" toId="10">
</dataflow>
<dataflow id="68" from="output_r" to="output_read" fromId="65" toId="10">
</dataflow>
<dataflow id="70" from="_ssdm_op_Read.ap_none.i32" to="chunkSize_read" fromId="69" toId="11">
</dataflow>
<dataflow id="71" from="chunkSize" to="chunkSize_read" fromId="64" toId="11">
</dataflow>
<dataflow id="72" from="_ssdm_op_Read.s_axilite.i64" to="input_chunk_read" fromId="66" toId="12">
</dataflow>
<dataflow id="73" from="input_chunk" to="input_chunk_read" fromId="63" toId="12">
</dataflow>
<dataflow id="75" from="StgValue_74" to="output_c" fromId="74" toId="13">
</dataflow>
<dataflow id="76" from="StgValue_74" to="chunkSize_c" fromId="74" toId="14">
</dataflow>
<dataflow id="77" from="StgValue_74" to="instream" fromId="74" toId="15">
</dataflow>
<dataflow id="78" from="StgValue_74" to="midstream" fromId="74" toId="16">
</dataflow>
<dataflow id="79" from="StgValue_74" to="outstream" fromId="74" toId="17">
</dataflow>
<dataflow id="81" from="lzw_hw_load5" to="call_ln211" fromId="80" toId="18">
</dataflow>
<dataflow id="82" from="p0" to="call_ln211" fromId="61" toId="18">
</dataflow>
<dataflow id="83" from="instream" to="call_ln211" fromId="15" toId="18">
</dataflow>
<dataflow id="84" from="input_chunk_read" to="call_ln211" fromId="12" toId="18">
</dataflow>
<dataflow id="85" from="chunkSize_read" to="call_ln211" fromId="11" toId="18">
</dataflow>
<dataflow id="86" from="output_read" to="call_ln211" fromId="10" toId="18">
</dataflow>
<dataflow id="87" from="chunkSize_c" to="call_ln211" fromId="14" toId="18">
</dataflow>
<dataflow id="88" from="output_c" to="call_ln211" fromId="13" toId="18">
</dataflow>
<dataflow id="89" from="lzw_hw_load5" to="call_ln211" fromId="80" toId="19">
</dataflow>
<dataflow id="90" from="p0" to="call_ln211" fromId="61" toId="19">
</dataflow>
<dataflow id="91" from="instream" to="call_ln211" fromId="15" toId="19">
</dataflow>
<dataflow id="92" from="input_chunk_read" to="call_ln211" fromId="12" toId="19">
</dataflow>
<dataflow id="93" from="chunkSize_read" to="call_ln211" fromId="11" toId="19">
</dataflow>
<dataflow id="94" from="output_read" to="call_ln211" fromId="10" toId="19">
</dataflow>
<dataflow id="95" from="chunkSize_c" to="call_ln211" fromId="14" toId="19">
</dataflow>
<dataflow id="96" from="output_c" to="call_ln211" fromId="13" toId="19">
</dataflow>
<dataflow id="98" from="lzw_hw_compute" to="call_ln212" fromId="97" toId="20">
</dataflow>
<dataflow id="99" from="instream" to="call_ln212" fromId="15" toId="20">
</dataflow>
<dataflow id="100" from="midstream" to="call_ln212" fromId="16" toId="20">
</dataflow>
<dataflow id="101" from="chunkSize_c" to="call_ln212" fromId="14" toId="20">
</dataflow>
<dataflow id="102" from="lzw_hw_compute" to="call_ln212" fromId="97" toId="21">
</dataflow>
<dataflow id="103" from="instream" to="call_ln212" fromId="15" toId="21">
</dataflow>
<dataflow id="104" from="midstream" to="call_ln212" fromId="16" toId="21">
</dataflow>
<dataflow id="105" from="chunkSize_c" to="call_ln212" fromId="14" toId="21">
</dataflow>
<dataflow id="107" from="lzw_hw_bitpack" to="call_ln213" fromId="106" toId="22">
</dataflow>
<dataflow id="108" from="midstream" to="call_ln213" fromId="16" toId="22">
</dataflow>
<dataflow id="109" from="outstream" to="call_ln213" fromId="17" toId="22">
</dataflow>
<dataflow id="110" from="lzw_hw_bitpack" to="call_ln213" fromId="106" toId="23">
</dataflow>
<dataflow id="111" from="midstream" to="call_ln213" fromId="16" toId="23">
</dataflow>
<dataflow id="112" from="outstream" to="call_ln213" fromId="17" toId="23">
</dataflow>
<dataflow id="114" from="lzw_hw_store" to="call_ln214" fromId="113" toId="24">
</dataflow>
<dataflow id="115" from="outstream" to="call_ln214" fromId="17" toId="24">
</dataflow>
<dataflow id="116" from="p1" to="call_ln214" fromId="62" toId="24">
</dataflow>
<dataflow id="117" from="output_c" to="call_ln214" fromId="13" toId="24">
</dataflow>
<dataflow id="119" from="_ssdm_op_SpecDataflowPipeline" to="specdataflowpipeline_ln0" fromId="118" toId="25">
</dataflow>
<dataflow id="121" from="StgValue_120" to="specdataflowpipeline_ln0" fromId="120" toId="25">
</dataflow>
<dataflow id="123" from="StgValue_122" to="specdataflowpipeline_ln0" fromId="122" toId="25">
</dataflow>
<dataflow id="125" from="empty_7" to="specdataflowpipeline_ln0" fromId="124" toId="25">
</dataflow>
<dataflow id="127" from="_ssdm_op_SpecTopModule" to="spectopmodule_ln0" fromId="126" toId="26">
</dataflow>
<dataflow id="129" from="empty" to="spectopmodule_ln0" fromId="128" toId="26">
</dataflow>
<dataflow id="131" from="_ssdm_op_SpecInterface" to="specinterface_ln0" fromId="130" toId="27">
</dataflow>
<dataflow id="132" from="StgValue_122" to="specinterface_ln0" fromId="122" toId="27">
</dataflow>
<dataflow id="134" from="empty_20" to="specinterface_ln0" fromId="133" toId="27">
</dataflow>
<dataflow id="135" from="StgValue_122" to="specinterface_ln0" fromId="122" toId="27">
</dataflow>
<dataflow id="136" from="StgValue_122" to="specinterface_ln0" fromId="122" toId="27">
</dataflow>
<dataflow id="137" from="empty_7" to="specinterface_ln0" fromId="124" toId="27">
</dataflow>
<dataflow id="138" from="StgValue_122" to="specinterface_ln0" fromId="122" toId="27">
</dataflow>
<dataflow id="139" from="StgValue_122" to="specinterface_ln0" fromId="122" toId="27">
</dataflow>
<dataflow id="140" from="empty_7" to="specinterface_ln0" fromId="124" toId="27">
</dataflow>
<dataflow id="141" from="empty_7" to="specinterface_ln0" fromId="124" toId="27">
</dataflow>
<dataflow id="142" from="empty_7" to="specinterface_ln0" fromId="124" toId="27">
</dataflow>
<dataflow id="143" from="StgValue_122" to="specinterface_ln0" fromId="122" toId="27">
</dataflow>
<dataflow id="144" from="StgValue_122" to="specinterface_ln0" fromId="122" toId="27">
</dataflow>
<dataflow id="145" from="StgValue_122" to="specinterface_ln0" fromId="122" toId="27">
</dataflow>
<dataflow id="146" from="StgValue_122" to="specinterface_ln0" fromId="122" toId="27">
</dataflow>
<dataflow id="147" from="empty_7" to="specinterface_ln0" fromId="124" toId="27">
</dataflow>
<dataflow id="148" from="empty_7" to="specinterface_ln0" fromId="124" toId="27">
</dataflow>
<dataflow id="149" from="_ssdm_op_SpecInterface" to="specinterface_ln0" fromId="130" toId="28">
</dataflow>
<dataflow id="150" from="p0" to="specinterface_ln0" fromId="61" toId="28">
</dataflow>
<dataflow id="152" from="empty_0" to="specinterface_ln0" fromId="151" toId="28">
</dataflow>
<dataflow id="153" from="StgValue_122" to="specinterface_ln0" fromId="122" toId="28">
</dataflow>
<dataflow id="154" from="StgValue_122" to="specinterface_ln0" fromId="122" toId="28">
</dataflow>
<dataflow id="155" from="empty_7" to="specinterface_ln0" fromId="124" toId="28">
</dataflow>
<dataflow id="157" from="StgValue_156" to="specinterface_ln0" fromId="156" toId="28">
</dataflow>
<dataflow id="159" from="StgValue_158" to="specinterface_ln0" fromId="158" toId="28">
</dataflow>
<dataflow id="161" from="empty_19" to="specinterface_ln0" fromId="160" toId="28">
</dataflow>
<dataflow id="163" from="empty_8" to="specinterface_ln0" fromId="162" toId="28">
</dataflow>
<dataflow id="164" from="empty_7" to="specinterface_ln0" fromId="124" toId="28">
</dataflow>
<dataflow id="166" from="StgValue_165" to="specinterface_ln0" fromId="165" toId="28">
</dataflow>
<dataflow id="167" from="StgValue_165" to="specinterface_ln0" fromId="165" toId="28">
</dataflow>
<dataflow id="168" from="StgValue_165" to="specinterface_ln0" fromId="165" toId="28">
</dataflow>
<dataflow id="169" from="StgValue_165" to="specinterface_ln0" fromId="165" toId="28">
</dataflow>
<dataflow id="170" from="empty_7" to="specinterface_ln0" fromId="124" toId="28">
</dataflow>
<dataflow id="171" from="empty_7" to="specinterface_ln0" fromId="124" toId="28">
</dataflow>
<dataflow id="173" from="_ssdm_op_SpecBitsMap" to="specbitsmap_ln0" fromId="172" toId="29">
</dataflow>
<dataflow id="174" from="p0" to="specbitsmap_ln0" fromId="61" toId="29">
</dataflow>
<dataflow id="175" from="_ssdm_op_SpecInterface" to="specinterface_ln0" fromId="130" toId="30">
</dataflow>
<dataflow id="176" from="p1" to="specinterface_ln0" fromId="62" toId="30">
</dataflow>
<dataflow id="177" from="empty_0" to="specinterface_ln0" fromId="151" toId="30">
</dataflow>
<dataflow id="178" from="StgValue_122" to="specinterface_ln0" fromId="122" toId="30">
</dataflow>
<dataflow id="179" from="StgValue_122" to="specinterface_ln0" fromId="122" toId="30">
</dataflow>
<dataflow id="180" from="empty_7" to="specinterface_ln0" fromId="124" toId="30">
</dataflow>
<dataflow id="181" from="StgValue_156" to="specinterface_ln0" fromId="156" toId="30">
</dataflow>
<dataflow id="183" from="StgValue_182" to="specinterface_ln0" fromId="182" toId="30">
</dataflow>
<dataflow id="185" from="empty_6" to="specinterface_ln0" fromId="184" toId="30">
</dataflow>
<dataflow id="186" from="empty_8" to="specinterface_ln0" fromId="162" toId="30">
</dataflow>
<dataflow id="187" from="empty_7" to="specinterface_ln0" fromId="124" toId="30">
</dataflow>
<dataflow id="188" from="StgValue_165" to="specinterface_ln0" fromId="165" toId="30">
</dataflow>
<dataflow id="189" from="StgValue_165" to="specinterface_ln0" fromId="165" toId="30">
</dataflow>
<dataflow id="190" from="StgValue_165" to="specinterface_ln0" fromId="165" toId="30">
</dataflow>
<dataflow id="191" from="StgValue_165" to="specinterface_ln0" fromId="165" toId="30">
</dataflow>
<dataflow id="192" from="empty_7" to="specinterface_ln0" fromId="124" toId="30">
</dataflow>
<dataflow id="193" from="empty_7" to="specinterface_ln0" fromId="124" toId="30">
</dataflow>
<dataflow id="194" from="_ssdm_op_SpecBitsMap" to="specbitsmap_ln0" fromId="172" toId="31">
</dataflow>
<dataflow id="195" from="p1" to="specbitsmap_ln0" fromId="62" toId="31">
</dataflow>
<dataflow id="196" from="_ssdm_op_SpecInterface" to="specinterface_ln0" fromId="130" toId="32">
</dataflow>
<dataflow id="197" from="input_chunk" to="specinterface_ln0" fromId="63" toId="32">
</dataflow>
<dataflow id="199" from="empty_2" to="specinterface_ln0" fromId="198" toId="32">
</dataflow>
<dataflow id="200" from="StgValue_122" to="specinterface_ln0" fromId="122" toId="32">
</dataflow>
<dataflow id="201" from="StgValue_122" to="specinterface_ln0" fromId="122" toId="32">
</dataflow>
<dataflow id="202" from="empty_7" to="specinterface_ln0" fromId="124" toId="32">
</dataflow>
<dataflow id="203" from="StgValue_122" to="specinterface_ln0" fromId="122" toId="32">
</dataflow>
<dataflow id="204" from="StgValue_122" to="specinterface_ln0" fromId="122" toId="32">
</dataflow>
<dataflow id="206" from="empty_3" to="specinterface_ln0" fromId="205" toId="32">
</dataflow>
<dataflow id="208" from="empty_9" to="specinterface_ln0" fromId="207" toId="32">
</dataflow>
<dataflow id="209" from="empty_7" to="specinterface_ln0" fromId="124" toId="32">
</dataflow>
<dataflow id="210" from="StgValue_122" to="specinterface_ln0" fromId="122" toId="32">
</dataflow>
<dataflow id="211" from="StgValue_122" to="specinterface_ln0" fromId="122" toId="32">
</dataflow>
<dataflow id="212" from="StgValue_122" to="specinterface_ln0" fromId="122" toId="32">
</dataflow>
<dataflow id="213" from="StgValue_122" to="specinterface_ln0" fromId="122" toId="32">
</dataflow>
<dataflow id="214" from="empty_7" to="specinterface_ln0" fromId="124" toId="32">
</dataflow>
<dataflow id="216" from="empty_17" to="specinterface_ln0" fromId="215" toId="32">
</dataflow>
<dataflow id="217" from="_ssdm_op_SpecInterface" to="specinterface_ln0" fromId="130" toId="33">
</dataflow>
<dataflow id="218" from="input_chunk" to="specinterface_ln0" fromId="63" toId="33">
</dataflow>
<dataflow id="220" from="empty_16" to="specinterface_ln0" fromId="219" toId="33">
</dataflow>
<dataflow id="221" from="StgValue_122" to="specinterface_ln0" fromId="122" toId="33">
</dataflow>
<dataflow id="222" from="StgValue_122" to="specinterface_ln0" fromId="122" toId="33">
</dataflow>
<dataflow id="223" from="empty_7" to="specinterface_ln0" fromId="124" toId="33">
</dataflow>
<dataflow id="224" from="StgValue_122" to="specinterface_ln0" fromId="122" toId="33">
</dataflow>
<dataflow id="225" from="StgValue_122" to="specinterface_ln0" fromId="122" toId="33">
</dataflow>
<dataflow id="226" from="empty_7" to="specinterface_ln0" fromId="124" toId="33">
</dataflow>
<dataflow id="227" from="empty_7" to="specinterface_ln0" fromId="124" toId="33">
</dataflow>
<dataflow id="228" from="empty_7" to="specinterface_ln0" fromId="124" toId="33">
</dataflow>
<dataflow id="229" from="StgValue_122" to="specinterface_ln0" fromId="122" toId="33">
</dataflow>
<dataflow id="230" from="StgValue_122" to="specinterface_ln0" fromId="122" toId="33">
</dataflow>
<dataflow id="231" from="StgValue_122" to="specinterface_ln0" fromId="122" toId="33">
</dataflow>
<dataflow id="232" from="StgValue_122" to="specinterface_ln0" fromId="122" toId="33">
</dataflow>
<dataflow id="233" from="empty_7" to="specinterface_ln0" fromId="124" toId="33">
</dataflow>
<dataflow id="234" from="empty_17" to="specinterface_ln0" fromId="215" toId="33">
</dataflow>
<dataflow id="235" from="_ssdm_op_SpecBitsMap" to="specbitsmap_ln0" fromId="172" toId="34">
</dataflow>
<dataflow id="236" from="chunkSize" to="specbitsmap_ln0" fromId="64" toId="34">
</dataflow>
<dataflow id="237" from="_ssdm_op_SpecInterface" to="specinterface_ln0" fromId="130" toId="35">
</dataflow>
<dataflow id="238" from="chunkSize" to="specinterface_ln0" fromId="64" toId="35">
</dataflow>
<dataflow id="239" from="empty_2" to="specinterface_ln0" fromId="198" toId="35">
</dataflow>
<dataflow id="240" from="StgValue_122" to="specinterface_ln0" fromId="122" toId="35">
</dataflow>
<dataflow id="241" from="StgValue_122" to="specinterface_ln0" fromId="122" toId="35">
</dataflow>
<dataflow id="242" from="empty_7" to="specinterface_ln0" fromId="124" toId="35">
</dataflow>
<dataflow id="243" from="StgValue_122" to="specinterface_ln0" fromId="122" toId="35">
</dataflow>
<dataflow id="244" from="StgValue_122" to="specinterface_ln0" fromId="122" toId="35">
</dataflow>
<dataflow id="245" from="empty_3" to="specinterface_ln0" fromId="205" toId="35">
</dataflow>
<dataflow id="247" from="empty_5" to="specinterface_ln0" fromId="246" toId="35">
</dataflow>
<dataflow id="248" from="empty_7" to="specinterface_ln0" fromId="124" toId="35">
</dataflow>
<dataflow id="249" from="StgValue_122" to="specinterface_ln0" fromId="122" toId="35">
</dataflow>
<dataflow id="250" from="StgValue_122" to="specinterface_ln0" fromId="122" toId="35">
</dataflow>
<dataflow id="251" from="StgValue_122" to="specinterface_ln0" fromId="122" toId="35">
</dataflow>
<dataflow id="252" from="StgValue_122" to="specinterface_ln0" fromId="122" toId="35">
</dataflow>
<dataflow id="253" from="empty_7" to="specinterface_ln0" fromId="124" toId="35">
</dataflow>
<dataflow id="254" from="empty_7" to="specinterface_ln0" fromId="124" toId="35">
</dataflow>
<dataflow id="255" from="_ssdm_op_SpecInterface" to="specinterface_ln0" fromId="130" toId="36">
</dataflow>
<dataflow id="256" from="chunkSize" to="specinterface_ln0" fromId="64" toId="36">
</dataflow>
<dataflow id="258" from="empty_4" to="specinterface_ln0" fromId="257" toId="36">
</dataflow>
<dataflow id="259" from="StgValue_122" to="specinterface_ln0" fromId="122" toId="36">
</dataflow>
<dataflow id="260" from="StgValue_122" to="specinterface_ln0" fromId="122" toId="36">
</dataflow>
<dataflow id="261" from="empty_7" to="specinterface_ln0" fromId="124" toId="36">
</dataflow>
<dataflow id="262" from="StgValue_122" to="specinterface_ln0" fromId="122" toId="36">
</dataflow>
<dataflow id="263" from="StgValue_122" to="specinterface_ln0" fromId="122" toId="36">
</dataflow>
<dataflow id="264" from="empty_7" to="specinterface_ln0" fromId="124" toId="36">
</dataflow>
<dataflow id="265" from="empty_7" to="specinterface_ln0" fromId="124" toId="36">
</dataflow>
<dataflow id="266" from="empty_7" to="specinterface_ln0" fromId="124" toId="36">
</dataflow>
<dataflow id="267" from="StgValue_122" to="specinterface_ln0" fromId="122" toId="36">
</dataflow>
<dataflow id="268" from="StgValue_122" to="specinterface_ln0" fromId="122" toId="36">
</dataflow>
<dataflow id="269" from="StgValue_122" to="specinterface_ln0" fromId="122" toId="36">
</dataflow>
<dataflow id="270" from="StgValue_122" to="specinterface_ln0" fromId="122" toId="36">
</dataflow>
<dataflow id="271" from="empty_7" to="specinterface_ln0" fromId="124" toId="36">
</dataflow>
<dataflow id="272" from="empty_7" to="specinterface_ln0" fromId="124" toId="36">
</dataflow>
<dataflow id="273" from="_ssdm_op_SpecInterface" to="specinterface_ln0" fromId="130" toId="37">
</dataflow>
<dataflow id="274" from="output_r" to="specinterface_ln0" fromId="65" toId="37">
</dataflow>
<dataflow id="275" from="empty_2" to="specinterface_ln0" fromId="198" toId="37">
</dataflow>
<dataflow id="276" from="StgValue_122" to="specinterface_ln0" fromId="122" toId="37">
</dataflow>
<dataflow id="277" from="StgValue_122" to="specinterface_ln0" fromId="122" toId="37">
</dataflow>
<dataflow id="278" from="empty_7" to="specinterface_ln0" fromId="124" toId="37">
</dataflow>
<dataflow id="279" from="StgValue_122" to="specinterface_ln0" fromId="122" toId="37">
</dataflow>
<dataflow id="280" from="StgValue_122" to="specinterface_ln0" fromId="122" toId="37">
</dataflow>
<dataflow id="281" from="empty_3" to="specinterface_ln0" fromId="205" toId="37">
</dataflow>
<dataflow id="283" from="empty_10" to="specinterface_ln0" fromId="282" toId="37">
</dataflow>
<dataflow id="284" from="empty_7" to="specinterface_ln0" fromId="124" toId="37">
</dataflow>
<dataflow id="285" from="StgValue_122" to="specinterface_ln0" fromId="122" toId="37">
</dataflow>
<dataflow id="286" from="StgValue_122" to="specinterface_ln0" fromId="122" toId="37">
</dataflow>
<dataflow id="287" from="StgValue_122" to="specinterface_ln0" fromId="122" toId="37">
</dataflow>
<dataflow id="288" from="StgValue_122" to="specinterface_ln0" fromId="122" toId="37">
</dataflow>
<dataflow id="289" from="empty_7" to="specinterface_ln0" fromId="124" toId="37">
</dataflow>
<dataflow id="290" from="empty_17" to="specinterface_ln0" fromId="215" toId="37">
</dataflow>
<dataflow id="291" from="_ssdm_op_SpecInterface" to="specinterface_ln0" fromId="130" toId="38">
</dataflow>
<dataflow id="292" from="output_r" to="specinterface_ln0" fromId="65" toId="38">
</dataflow>
<dataflow id="293" from="empty_16" to="specinterface_ln0" fromId="219" toId="38">
</dataflow>
<dataflow id="294" from="StgValue_122" to="specinterface_ln0" fromId="122" toId="38">
</dataflow>
<dataflow id="295" from="StgValue_122" to="specinterface_ln0" fromId="122" toId="38">
</dataflow>
<dataflow id="296" from="empty_7" to="specinterface_ln0" fromId="124" toId="38">
</dataflow>
<dataflow id="297" from="StgValue_122" to="specinterface_ln0" fromId="122" toId="38">
</dataflow>
<dataflow id="298" from="StgValue_122" to="specinterface_ln0" fromId="122" toId="38">
</dataflow>
<dataflow id="299" from="empty_7" to="specinterface_ln0" fromId="124" toId="38">
</dataflow>
<dataflow id="300" from="empty_7" to="specinterface_ln0" fromId="124" toId="38">
</dataflow>
<dataflow id="301" from="empty_7" to="specinterface_ln0" fromId="124" toId="38">
</dataflow>
<dataflow id="302" from="StgValue_122" to="specinterface_ln0" fromId="122" toId="38">
</dataflow>
<dataflow id="303" from="StgValue_122" to="specinterface_ln0" fromId="122" toId="38">
</dataflow>
<dataflow id="304" from="StgValue_122" to="specinterface_ln0" fromId="122" toId="38">
</dataflow>
<dataflow id="305" from="StgValue_122" to="specinterface_ln0" fromId="122" toId="38">
</dataflow>
<dataflow id="306" from="empty_7" to="specinterface_ln0" fromId="124" toId="38">
</dataflow>
<dataflow id="307" from="empty_17" to="specinterface_ln0" fromId="215" toId="38">
</dataflow>
<dataflow id="308" from="_ssdm_op_SpecInterface" to="specinterface_ln0" fromId="130" toId="39">
</dataflow>
<dataflow id="309" from="StgValue_122" to="specinterface_ln0" fromId="122" toId="39">
</dataflow>
<dataflow id="310" from="empty_2" to="specinterface_ln0" fromId="198" toId="39">
</dataflow>
<dataflow id="311" from="StgValue_122" to="specinterface_ln0" fromId="122" toId="39">
</dataflow>
<dataflow id="312" from="StgValue_122" to="specinterface_ln0" fromId="122" toId="39">
</dataflow>
<dataflow id="313" from="empty_7" to="specinterface_ln0" fromId="124" toId="39">
</dataflow>
<dataflow id="314" from="StgValue_122" to="specinterface_ln0" fromId="122" toId="39">
</dataflow>
<dataflow id="315" from="StgValue_122" to="specinterface_ln0" fromId="122" toId="39">
</dataflow>
<dataflow id="316" from="empty_3" to="specinterface_ln0" fromId="205" toId="39">
</dataflow>
<dataflow id="317" from="empty_7" to="specinterface_ln0" fromId="124" toId="39">
</dataflow>
<dataflow id="318" from="empty_7" to="specinterface_ln0" fromId="124" toId="39">
</dataflow>
<dataflow id="319" from="StgValue_122" to="specinterface_ln0" fromId="122" toId="39">
</dataflow>
<dataflow id="320" from="StgValue_122" to="specinterface_ln0" fromId="122" toId="39">
</dataflow>
<dataflow id="321" from="StgValue_122" to="specinterface_ln0" fromId="122" toId="39">
</dataflow>
<dataflow id="322" from="StgValue_122" to="specinterface_ln0" fromId="122" toId="39">
</dataflow>
<dataflow id="323" from="empty_7" to="specinterface_ln0" fromId="124" toId="39">
</dataflow>
<dataflow id="324" from="empty_7" to="specinterface_ln0" fromId="124" toId="39">
</dataflow>
<dataflow id="326" from="_ssdm_op_SpecChannel" to="empty" fromId="325" toId="40">
</dataflow>
<dataflow id="328" from="instream_str" to="empty" fromId="327" toId="40">
</dataflow>
<dataflow id="330" from="StgValue_329" to="empty" fromId="329" toId="40">
</dataflow>
<dataflow id="332" from="p_str" to="empty" fromId="331" toId="40">
</dataflow>
<dataflow id="333" from="p_str" to="empty" fromId="331" toId="40">
</dataflow>
<dataflow id="335" from="StgValue_334" to="empty" fromId="334" toId="40">
</dataflow>
<dataflow id="336" from="StgValue_334" to="empty" fromId="334" toId="40">
</dataflow>
<dataflow id="337" from="instream" to="empty" fromId="15" toId="40">
</dataflow>
<dataflow id="338" from="instream" to="empty" fromId="15" toId="40">
</dataflow>
<dataflow id="339" from="_ssdm_op_SpecInterface" to="specinterface_ln0" fromId="130" toId="41">
</dataflow>
<dataflow id="340" from="instream" to="specinterface_ln0" fromId="15" toId="41">
</dataflow>
<dataflow id="342" from="empty_18" to="specinterface_ln0" fromId="341" toId="41">
</dataflow>
<dataflow id="343" from="StgValue_122" to="specinterface_ln0" fromId="122" toId="41">
</dataflow>
<dataflow id="344" from="StgValue_122" to="specinterface_ln0" fromId="122" toId="41">
</dataflow>
<dataflow id="345" from="empty_7" to="specinterface_ln0" fromId="124" toId="41">
</dataflow>
<dataflow id="346" from="StgValue_122" to="specinterface_ln0" fromId="122" toId="41">
</dataflow>
<dataflow id="347" from="StgValue_122" to="specinterface_ln0" fromId="122" toId="41">
</dataflow>
<dataflow id="348" from="empty_7" to="specinterface_ln0" fromId="124" toId="41">
</dataflow>
<dataflow id="349" from="empty_7" to="specinterface_ln0" fromId="124" toId="41">
</dataflow>
<dataflow id="350" from="empty_7" to="specinterface_ln0" fromId="124" toId="41">
</dataflow>
<dataflow id="351" from="StgValue_122" to="specinterface_ln0" fromId="122" toId="41">
</dataflow>
<dataflow id="352" from="StgValue_122" to="specinterface_ln0" fromId="122" toId="41">
</dataflow>
<dataflow id="353" from="StgValue_122" to="specinterface_ln0" fromId="122" toId="41">
</dataflow>
<dataflow id="354" from="StgValue_122" to="specinterface_ln0" fromId="122" toId="41">
</dataflow>
<dataflow id="355" from="empty_7" to="specinterface_ln0" fromId="124" toId="41">
</dataflow>
<dataflow id="356" from="empty_7" to="specinterface_ln0" fromId="124" toId="41">
</dataflow>
<dataflow id="357" from="_ssdm_op_SpecChannel" to="empty_40" fromId="325" toId="42">
</dataflow>
<dataflow id="359" from="midstream_str" to="empty_40" fromId="358" toId="42">
</dataflow>
<dataflow id="360" from="StgValue_329" to="empty_40" fromId="329" toId="42">
</dataflow>
<dataflow id="361" from="p_str" to="empty_40" fromId="331" toId="42">
</dataflow>
<dataflow id="362" from="p_str" to="empty_40" fromId="331" toId="42">
</dataflow>
<dataflow id="363" from="StgValue_334" to="empty_40" fromId="334" toId="42">
</dataflow>
<dataflow id="364" from="StgValue_334" to="empty_40" fromId="334" toId="42">
</dataflow>
<dataflow id="365" from="midstream" to="empty_40" fromId="16" toId="42">
</dataflow>
<dataflow id="366" from="midstream" to="empty_40" fromId="16" toId="42">
</dataflow>
<dataflow id="367" from="_ssdm_op_SpecInterface" to="specinterface_ln0" fromId="130" toId="43">
</dataflow>
<dataflow id="368" from="midstream" to="specinterface_ln0" fromId="16" toId="43">
</dataflow>
<dataflow id="369" from="empty_18" to="specinterface_ln0" fromId="341" toId="43">
</dataflow>
<dataflow id="370" from="StgValue_122" to="specinterface_ln0" fromId="122" toId="43">
</dataflow>
<dataflow id="371" from="StgValue_122" to="specinterface_ln0" fromId="122" toId="43">
</dataflow>
<dataflow id="372" from="empty_7" to="specinterface_ln0" fromId="124" toId="43">
</dataflow>
<dataflow id="373" from="StgValue_122" to="specinterface_ln0" fromId="122" toId="43">
</dataflow>
<dataflow id="374" from="StgValue_122" to="specinterface_ln0" fromId="122" toId="43">
</dataflow>
<dataflow id="375" from="empty_7" to="specinterface_ln0" fromId="124" toId="43">
</dataflow>
<dataflow id="376" from="empty_7" to="specinterface_ln0" fromId="124" toId="43">
</dataflow>
<dataflow id="377" from="empty_7" to="specinterface_ln0" fromId="124" toId="43">
</dataflow>
<dataflow id="378" from="StgValue_122" to="specinterface_ln0" fromId="122" toId="43">
</dataflow>
<dataflow id="379" from="StgValue_122" to="specinterface_ln0" fromId="122" toId="43">
</dataflow>
<dataflow id="380" from="StgValue_122" to="specinterface_ln0" fromId="122" toId="43">
</dataflow>
<dataflow id="381" from="StgValue_122" to="specinterface_ln0" fromId="122" toId="43">
</dataflow>
<dataflow id="382" from="empty_7" to="specinterface_ln0" fromId="124" toId="43">
</dataflow>
<dataflow id="383" from="empty_7" to="specinterface_ln0" fromId="124" toId="43">
</dataflow>
<dataflow id="384" from="_ssdm_op_SpecChannel" to="empty_41" fromId="325" toId="44">
</dataflow>
<dataflow id="386" from="outstream_str" to="empty_41" fromId="385" toId="44">
</dataflow>
<dataflow id="387" from="StgValue_329" to="empty_41" fromId="329" toId="44">
</dataflow>
<dataflow id="388" from="p_str" to="empty_41" fromId="331" toId="44">
</dataflow>
<dataflow id="389" from="p_str" to="empty_41" fromId="331" toId="44">
</dataflow>
<dataflow id="391" from="StgValue_390" to="empty_41" fromId="390" toId="44">
</dataflow>
<dataflow id="392" from="StgValue_390" to="empty_41" fromId="390" toId="44">
</dataflow>
<dataflow id="393" from="outstream" to="empty_41" fromId="17" toId="44">
</dataflow>
<dataflow id="394" from="outstream" to="empty_41" fromId="17" toId="44">
</dataflow>
<dataflow id="395" from="_ssdm_op_SpecInterface" to="specinterface_ln0" fromId="130" toId="45">
</dataflow>
<dataflow id="396" from="outstream" to="specinterface_ln0" fromId="17" toId="45">
</dataflow>
<dataflow id="397" from="empty_18" to="specinterface_ln0" fromId="341" toId="45">
</dataflow>
<dataflow id="398" from="StgValue_122" to="specinterface_ln0" fromId="122" toId="45">
</dataflow>
<dataflow id="399" from="StgValue_122" to="specinterface_ln0" fromId="122" toId="45">
</dataflow>
<dataflow id="400" from="empty_7" to="specinterface_ln0" fromId="124" toId="45">
</dataflow>
<dataflow id="401" from="StgValue_122" to="specinterface_ln0" fromId="122" toId="45">
</dataflow>
<dataflow id="402" from="StgValue_122" to="specinterface_ln0" fromId="122" toId="45">
</dataflow>
<dataflow id="403" from="empty_7" to="specinterface_ln0" fromId="124" toId="45">
</dataflow>
<dataflow id="404" from="empty_7" to="specinterface_ln0" fromId="124" toId="45">
</dataflow>
<dataflow id="405" from="empty_7" to="specinterface_ln0" fromId="124" toId="45">
</dataflow>
<dataflow id="406" from="StgValue_122" to="specinterface_ln0" fromId="122" toId="45">
</dataflow>
<dataflow id="407" from="StgValue_122" to="specinterface_ln0" fromId="122" toId="45">
</dataflow>
<dataflow id="408" from="StgValue_122" to="specinterface_ln0" fromId="122" toId="45">
</dataflow>
<dataflow id="409" from="StgValue_122" to="specinterface_ln0" fromId="122" toId="45">
</dataflow>
<dataflow id="410" from="empty_7" to="specinterface_ln0" fromId="124" toId="45">
</dataflow>
<dataflow id="411" from="empty_7" to="specinterface_ln0" fromId="124" toId="45">
</dataflow>
<dataflow id="412" from="_ssdm_op_SpecChannel" to="empty_42" fromId="325" toId="46">
</dataflow>
<dataflow id="414" from="chunkSize_c_str" to="empty_42" fromId="413" toId="46">
</dataflow>
<dataflow id="415" from="StgValue_329" to="empty_42" fromId="329" toId="46">
</dataflow>
<dataflow id="416" from="p_str" to="empty_42" fromId="331" toId="46">
</dataflow>
<dataflow id="417" from="p_str" to="empty_42" fromId="331" toId="46">
</dataflow>
<dataflow id="419" from="StgValue_418" to="empty_42" fromId="418" toId="46">
</dataflow>
<dataflow id="420" from="StgValue_122" to="empty_42" fromId="122" toId="46">
</dataflow>
<dataflow id="421" from="chunkSize_c" to="empty_42" fromId="14" toId="46">
</dataflow>
<dataflow id="422" from="chunkSize_c" to="empty_42" fromId="14" toId="46">
</dataflow>
<dataflow id="423" from="_ssdm_op_SpecInterface" to="specinterface_ln200" fromId="130" toId="47">
</dataflow>
<dataflow id="424" from="chunkSize_c" to="specinterface_ln200" fromId="14" toId="47">
</dataflow>
<dataflow id="426" from="ap_fifo_str" to="specinterface_ln200" fromId="425" toId="47">
</dataflow>
<dataflow id="427" from="StgValue_122" to="specinterface_ln200" fromId="122" toId="47">
</dataflow>
<dataflow id="428" from="StgValue_122" to="specinterface_ln200" fromId="122" toId="47">
</dataflow>
<dataflow id="429" from="p_str" to="specinterface_ln200" fromId="331" toId="47">
</dataflow>
<dataflow id="430" from="StgValue_122" to="specinterface_ln200" fromId="122" toId="47">
</dataflow>
<dataflow id="431" from="StgValue_122" to="specinterface_ln200" fromId="122" toId="47">
</dataflow>
<dataflow id="432" from="p_str" to="specinterface_ln200" fromId="331" toId="47">
</dataflow>
<dataflow id="433" from="p_str" to="specinterface_ln200" fromId="331" toId="47">
</dataflow>
<dataflow id="434" from="p_str" to="specinterface_ln200" fromId="331" toId="47">
</dataflow>
<dataflow id="435" from="StgValue_418" to="specinterface_ln200" fromId="418" toId="47">
</dataflow>
<dataflow id="436" from="StgValue_418" to="specinterface_ln200" fromId="418" toId="47">
</dataflow>
<dataflow id="437" from="StgValue_165" to="specinterface_ln200" fromId="165" toId="47">
</dataflow>
<dataflow id="438" from="StgValue_165" to="specinterface_ln200" fromId="165" toId="47">
</dataflow>
<dataflow id="439" from="p_str" to="specinterface_ln200" fromId="331" toId="47">
</dataflow>
<dataflow id="440" from="p_str" to="specinterface_ln200" fromId="331" toId="47">
</dataflow>
<dataflow id="441" from="_ssdm_op_SpecChannel" to="empty_43" fromId="325" toId="48">
</dataflow>
<dataflow id="443" from="output_c_str" to="empty_43" fromId="442" toId="48">
</dataflow>
<dataflow id="444" from="StgValue_329" to="empty_43" fromId="329" toId="48">
</dataflow>
<dataflow id="445" from="p_str" to="empty_43" fromId="331" toId="48">
</dataflow>
<dataflow id="446" from="p_str" to="empty_43" fromId="331" toId="48">
</dataflow>
<dataflow id="448" from="StgValue_447" to="empty_43" fromId="447" toId="48">
</dataflow>
<dataflow id="449" from="StgValue_122" to="empty_43" fromId="122" toId="48">
</dataflow>
<dataflow id="450" from="output_c" to="empty_43" fromId="13" toId="48">
</dataflow>
<dataflow id="451" from="output_c" to="empty_43" fromId="13" toId="48">
</dataflow>
<dataflow id="452" from="_ssdm_op_SpecInterface" to="specinterface_ln200" fromId="130" toId="49">
</dataflow>
<dataflow id="453" from="output_c" to="specinterface_ln200" fromId="13" toId="49">
</dataflow>
<dataflow id="454" from="ap_fifo_str" to="specinterface_ln200" fromId="425" toId="49">
</dataflow>
<dataflow id="455" from="StgValue_122" to="specinterface_ln200" fromId="122" toId="49">
</dataflow>
<dataflow id="456" from="StgValue_122" to="specinterface_ln200" fromId="122" toId="49">
</dataflow>
<dataflow id="457" from="p_str" to="specinterface_ln200" fromId="331" toId="49">
</dataflow>
<dataflow id="458" from="StgValue_122" to="specinterface_ln200" fromId="122" toId="49">
</dataflow>
<dataflow id="459" from="StgValue_122" to="specinterface_ln200" fromId="122" toId="49">
</dataflow>
<dataflow id="460" from="p_str" to="specinterface_ln200" fromId="331" toId="49">
</dataflow>
<dataflow id="461" from="p_str" to="specinterface_ln200" fromId="331" toId="49">
</dataflow>
<dataflow id="462" from="p_str" to="specinterface_ln200" fromId="331" toId="49">
</dataflow>
<dataflow id="463" from="StgValue_418" to="specinterface_ln200" fromId="418" toId="49">
</dataflow>
<dataflow id="464" from="StgValue_418" to="specinterface_ln200" fromId="418" toId="49">
</dataflow>
<dataflow id="465" from="StgValue_165" to="specinterface_ln200" fromId="165" toId="49">
</dataflow>
<dataflow id="466" from="StgValue_165" to="specinterface_ln200" fromId="165" toId="49">
</dataflow>
<dataflow id="467" from="p_str" to="specinterface_ln200" fromId="331" toId="49">
</dataflow>
<dataflow id="468" from="p_str" to="specinterface_ln200" fromId="331" toId="49">
</dataflow>
<dataflow id="469" from="lzw_hw_store" to="call_ln214" fromId="113" toId="50">
</dataflow>
<dataflow id="470" from="outstream" to="call_ln214" fromId="17" toId="50">
</dataflow>
<dataflow id="471" from="p1" to="call_ln214" fromId="62" toId="50">
</dataflow>
<dataflow id="472" from="output_c" to="call_ln214" fromId="13" toId="50">
</dataflow>
</dataflows>


</stg>
