<stg><name>put</name>


<trans_list>

<trans id="205" from="1" to="2">
<condition id="-1">
<or_exp><and_exp></and_exp></or_exp>
</condition>
</trans>

<trans id="206" from="2" to="3">
<condition id="-1">
<or_exp><and_exp></and_exp></or_exp>
</condition>
</trans>

<trans id="207" from="3" to="4">
<condition id="-1">
<or_exp><and_exp></and_exp></or_exp>
</condition>
</trans>

<trans id="208" from="4" to="5">
<condition id="-1">
<or_exp><and_exp></and_exp></or_exp>
</condition>
</trans>

<trans id="209" from="5" to="6">
<condition id="-1">
<or_exp><and_exp></and_exp></or_exp>
</condition>
</trans>
</trans_list>



<state_list>

<state id="1" st_id="1">

<operation id="7" st_id="1" stage="1" lat="1">
<core>NULL</core>
<MemPortIdVec></MemPortIdVec>
<condition id="-1">
<or_exp><and_exp></and_exp></or_exp>
</condition>

<Node id="13" bw="8" op_0_bw="8" op_1_bw="8">
<![CDATA[
.split.0:1 %input_read = read i8 @_ssdm_op_Read.ap_auto.i8, i8 %input_r

]]></Node>
<StgValue><ssdm name="input_read"/></StgValue>
</operation>

<operation id="8" st_id="1" stage="1" lat="1">
<core>NULL</core>
<MemPortIdVec></MemPortIdVec>
<condition id="-1">
<or_exp><and_exp></and_exp></or_exp>
</condition>

<Node id="14" bw="13" op_0_bw="13" op_1_bw="13">
<![CDATA[
.split.0:2 %curr_read = read i13 @_ssdm_op_Read.ap_auto.i13, i13 %curr

]]></Node>
<StgValue><ssdm name="curr_read"/></StgValue>
</operation>

<operation id="9" st_id="1" stage="1" lat="1">
<core>NULL</core>
<MemPortIdVec></MemPortIdVec>
<condition id="-1">
<or_exp><and_exp></and_exp></or_exp>
</condition>

<Node id="15" bw="3" op_0_bw="8">
<![CDATA[
.split.0:3 %trunc_ln16 = trunc i8 %input_read

]]></Node>
<StgValue><ssdm name="trunc_ln16"/></StgValue>
</operation>

<operation id="10" st_id="1" stage="1" lat="1">
<core>NULL</core>
<MemPortIdVec></MemPortIdVec>
<condition id="-1">
<or_exp><and_exp></and_exp></or_exp>
</condition>

<Node id="16" bw="6" op_0_bw="13">
<![CDATA[
.split.0:4 %trunc_ln12 = trunc i13 %curr_read

]]></Node>
<StgValue><ssdm name="trunc_ln12"/></StgValue>
</operation>

<operation id="11" st_id="1" stage="1" lat="1">
<core>NULL</core>
<MemPortIdVec></MemPortIdVec>
<condition id="-1">
<or_exp><and_exp></and_exp></or_exp>
</condition>

<Node id="19" bw="5" op_0_bw="5" op_1_bw="8" op_2_bw="32" op_3_bw="32">
<![CDATA[
.split.0:7 %tmp_5 = partselect i5 @_ssdm_op_PartSelect.i5.i8.i32.i32, i8 %input_read, i32 3, i32 7

]]></Node>
<StgValue><ssdm name="tmp_5"/></StgValue>
</operation>

<operation id="12" st_id="1" stage="1" lat="1">
<core>NULL</core>
<MemPortIdVec></MemPortIdVec>
<condition id="-1">
<or_exp><and_exp></and_exp></or_exp>
</condition>

<Node id="20" bw="13" op_0_bw="13" op_1_bw="6" op_2_bw="5" op_3_bw="2">
<![CDATA[
.split.0:8 %tmp_6 = bitconcatenate i13 @_ssdm_op_BitConcatenate.i13.i6.i5.i2, i6 %trunc_ln12, i5 %tmp_5, i2 0

]]></Node>
<StgValue><ssdm name="tmp_6"/></StgValue>
</operation>

<operation id="13" st_id="1" stage="1" lat="1">
<core>NULL</core>
<MemPortIdVec></MemPortIdVec>
<condition id="-1">
<or_exp><and_exp></and_exp></or_exp>
</condition>

<Node id="21" bw="64" op_0_bw="13">
<![CDATA[
.split.0:9 %zext_ln16_1 = zext i13 %tmp_6

]]></Node>
<StgValue><ssdm name="zext_ln16_1"/></StgValue>
</operation>

<operation id="14" st_id="1" stage="1" lat="1">
<core>NULL</core>
<MemPortIdVec></MemPortIdVec>
<condition id="-1">
<or_exp><and_exp></and_exp></or_exp>
</condition>

<Node id="22" bw="13" op_0_bw="34" op_1_bw="64" op_2_bw="64">
<![CDATA[
.split.0:10 %hash_table_0_addr_1 = getelementptr i34 %hash_table_0, i64 0, i64 %zext_ln16_1

]]></Node>
<StgValue><ssdm name="hash_table_0_addr_1"/></StgValue>
</operation>

<operation id="15" st_id="1" stage="1" lat="1">
<core>NULL</core>
<MemPortIdVec></MemPortIdVec>
<condition id="-1">
<or_exp><and_exp></and_exp></or_exp>
</condition>

<Node id="32" bw="13" op_0_bw="34" op_1_bw="64" op_2_bw="64">
<![CDATA[
.split.0:20 %hash_table_1_addr_1 = getelementptr i34 %hash_table_1, i64 0, i64 %zext_ln16_1

]]></Node>
<StgValue><ssdm name="hash_table_1_addr_1"/></StgValue>
</operation>

<operation id="16" st_id="1" stage="1" lat="1">
<core>NULL</core>
<MemPortIdVec></MemPortIdVec>
<condition id="-1">
<or_exp><and_exp></and_exp></or_exp>
</condition>

<Node id="36" bw="13" op_0_bw="34" op_1_bw="64" op_2_bw="64">
<![CDATA[
.split.0:24 %hash_table_2_addr_1 = getelementptr i34 %hash_table_2, i64 0, i64 %zext_ln16_1

]]></Node>
<StgValue><ssdm name="hash_table_2_addr_1"/></StgValue>
</operation>

<operation id="17" st_id="1" stage="1" lat="1">
<core>NULL</core>
<MemPortIdVec></MemPortIdVec>
<condition id="-1">
<or_exp><and_exp></and_exp></or_exp>
</condition>

<Node id="40" bw="13" op_0_bw="34" op_1_bw="64" op_2_bw="64">
<![CDATA[
.split.0:28 %hash_table_3_addr_1 = getelementptr i34 %hash_table_3, i64 0, i64 %zext_ln16_1

]]></Node>
<StgValue><ssdm name="hash_table_3_addr_1"/></StgValue>
</operation>

<operation id="18" st_id="1" stage="1" lat="1">
<core>NULL</core>
<MemPortIdVec></MemPortIdVec>
<condition id="-1">
<or_exp><and_exp></and_exp></or_exp>
</condition>

<Node id="44" bw="13" op_0_bw="34" op_1_bw="64" op_2_bw="64">
<![CDATA[
.split.0:32 %hash_table_4_addr_1 = getelementptr i34 %hash_table_4, i64 0, i64 %zext_ln16_1

]]></Node>
<StgValue><ssdm name="hash_table_4_addr_1"/></StgValue>
</operation>

<operation id="19" st_id="1" stage="1" lat="1">
<core>NULL</core>
<MemPortIdVec></MemPortIdVec>
<condition id="-1">
<or_exp><and_exp></and_exp></or_exp>
</condition>

<Node id="48" bw="13" op_0_bw="34" op_1_bw="64" op_2_bw="64">
<![CDATA[
.split.0:36 %hash_table_5_addr_1 = getelementptr i34 %hash_table_5, i64 0, i64 %zext_ln16_1

]]></Node>
<StgValue><ssdm name="hash_table_5_addr_1"/></StgValue>
</operation>

<operation id="20" st_id="1" stage="1" lat="1">
<core>NULL</core>
<MemPortIdVec></MemPortIdVec>
<condition id="-1">
<or_exp><and_exp></and_exp></or_exp>
</condition>

<Node id="52" bw="13" op_0_bw="34" op_1_bw="64" op_2_bw="64">
<![CDATA[
.split.0:40 %hash_table_6_addr_1 = getelementptr i34 %hash_table_6, i64 0, i64 %zext_ln16_1

]]></Node>
<StgValue><ssdm name="hash_table_6_addr_1"/></StgValue>
</operation>

<operation id="21" st_id="1" stage="1" lat="1">
<core>NULL</core>
<MemPortIdVec></MemPortIdVec>
<condition id="-1">
<or_exp><and_exp></and_exp></or_exp>
</condition>

<Node id="56" bw="13" op_0_bw="34" op_1_bw="64" op_2_bw="64">
<![CDATA[
.split.0:44 %hash_table_7_addr_1 = getelementptr i34 %hash_table_7, i64 0, i64 %zext_ln16_1

]]></Node>
<StgValue><ssdm name="hash_table_7_addr_1"/></StgValue>
</operation>

<operation id="22" st_id="1" stage="2" lat="2">
<core>RAM</core>
<MemPortIdVec></MemPortIdVec>
<condition id="-1">
<or_exp><and_exp></and_exp></or_exp>
</condition>

<Node id="60" bw="34" op_0_bw="13">
<![CDATA[
.split.0:48 %hash_table_0_load = load i13 %hash_table_0_addr_1

]]></Node>
<StgValue><ssdm name="hash_table_0_load"/></StgValue>
</operation>

<operation id="23" st_id="1" stage="2" lat="2">
<core>RAM</core>
<MemPortIdVec></MemPortIdVec>
<condition id="-1">
<or_exp><and_exp></and_exp></or_exp>
</condition>

<Node id="62" bw="34" op_0_bw="13">
<![CDATA[
.split.0:50 %hash_table_1_load = load i13 %hash_table_1_addr_1

]]></Node>
<StgValue><ssdm name="hash_table_1_load"/></StgValue>
</operation>

<operation id="24" st_id="1" stage="2" lat="2">
<core>RAM</core>
<MemPortIdVec></MemPortIdVec>
<condition id="-1">
<or_exp><and_exp></and_exp></or_exp>
</condition>

<Node id="64" bw="34" op_0_bw="13">
<![CDATA[
.split.0:52 %hash_table_2_load = load i13 %hash_table_2_addr_1

]]></Node>
<StgValue><ssdm name="hash_table_2_load"/></StgValue>
</operation>

<operation id="25" st_id="1" stage="2" lat="2">
<core>RAM</core>
<MemPortIdVec></MemPortIdVec>
<condition id="-1">
<or_exp><and_exp></and_exp></or_exp>
</condition>

<Node id="66" bw="34" op_0_bw="13">
<![CDATA[
.split.0:54 %hash_table_3_load = load i13 %hash_table_3_addr_1

]]></Node>
<StgValue><ssdm name="hash_table_3_load"/></StgValue>
</operation>

<operation id="26" st_id="1" stage="2" lat="2">
<core>RAM</core>
<MemPortIdVec></MemPortIdVec>
<condition id="-1">
<or_exp><and_exp></and_exp></or_exp>
</condition>

<Node id="68" bw="34" op_0_bw="13">
<![CDATA[
.split.0:56 %hash_table_4_load = load i13 %hash_table_4_addr_1

]]></Node>
<StgValue><ssdm name="hash_table_4_load"/></StgValue>
</operation>

<operation id="27" st_id="1" stage="2" lat="2">
<core>RAM</core>
<MemPortIdVec></MemPortIdVec>
<condition id="-1">
<or_exp><and_exp></and_exp></or_exp>
</condition>

<Node id="70" bw="34" op_0_bw="13">
<![CDATA[
.split.0:58 %hash_table_5_load = load i13 %hash_table_5_addr_1

]]></Node>
<StgValue><ssdm name="hash_table_5_load"/></StgValue>
</operation>

<operation id="28" st_id="1" stage="2" lat="2">
<core>RAM</core>
<MemPortIdVec></MemPortIdVec>
<condition id="-1">
<or_exp><and_exp></and_exp></or_exp>
</condition>

<Node id="72" bw="34" op_0_bw="13">
<![CDATA[
.split.0:60 %hash_table_6_load = load i13 %hash_table_6_addr_1

]]></Node>
<StgValue><ssdm name="hash_table_6_load"/></StgValue>
</operation>

<operation id="29" st_id="1" stage="2" lat="2">
<core>RAM</core>
<MemPortIdVec></MemPortIdVec>
<condition id="-1">
<or_exp><and_exp></and_exp></or_exp>
</condition>

<Node id="74" bw="34" op_0_bw="13">
<![CDATA[
.split.0:62 %hash_table_7_load = load i13 %hash_table_7_addr_1

]]></Node>
<StgValue><ssdm name="hash_table_7_load"/></StgValue>
</operation>
</state>

<state id="2" st_id="2">

<operation id="30" st_id="2" stage="1" lat="1">
<core>NULL</core>
<MemPortIdVec></MemPortIdVec>
<condition id="-1">
<or_exp><and_exp></and_exp></or_exp>
</condition>

<Node id="12" bw="13" op_0_bw="13" op_1_bw="13">
<![CDATA[
.split.0:0 %next_read = read i13 @_ssdm_op_Read.ap_auto.i13, i13 %next_r

]]></Node>
<StgValue><ssdm name="next_read"/></StgValue>
</operation>

<operation id="31" st_id="2" stage="1" lat="1">
<core>NULL</core>
<MemPortIdVec></MemPortIdVec>
<condition id="-1">
<or_exp><and_exp></and_exp></or_exp>
</condition>

<Node id="17" bw="34" op_0_bw="34" op_1_bw="13" op_2_bw="8" op_3_bw="13">
<![CDATA[
.split.0:5 %tmp = bitconcatenate i34 @_ssdm_op_BitConcatenate.i34.i13.i8.i13, i13 %curr_read, i8 %input_read, i13 %next_read

]]></Node>
<StgValue><ssdm name="tmp"/></StgValue>
</operation>

<operation id="32" st_id="2" stage="1" lat="1">
<core>NULL</core>
<MemPortIdVec></MemPortIdVec>
<condition id="-1">
<or_exp><and_exp></and_exp></or_exp>
</condition>

<Node id="18" bw="32" op_0_bw="3">
<![CDATA[
.split.0:6 %zext_ln16 = zext i3 %trunc_ln16

]]></Node>
<StgValue><ssdm name="zext_ln16"/></StgValue>
</operation>

<operation id="33" st_id="2" stage="1" lat="1">
<core>NULL</core>
<MemPortIdVec></MemPortIdVec>
<condition id="-1">
<or_exp><and_exp></and_exp></or_exp>
</condition>

<Node id="23" bw="13" op_0_bw="13" op_1_bw="13">
<![CDATA[
.split.0:11 %or_ln16 = or i13 %tmp_6, i13 1

]]></Node>
<StgValue><ssdm name="or_ln16"/></StgValue>
</operation>

<operation id="34" st_id="2" stage="1" lat="1">
<core>NULL</core>
<MemPortIdVec></MemPortIdVec>
<condition id="-1">
<or_exp><and_exp></and_exp></or_exp>
</condition>

<Node id="24" bw="64" op_0_bw="64" op_1_bw="51" op_2_bw="13">
<![CDATA[
.split.0:12 %tmp_7 = bitconcatenate i64 @_ssdm_op_BitConcatenate.i64.i51.i13, i51 0, i13 %or_ln16

]]></Node>
<StgValue><ssdm name="tmp_7"/></StgValue>
</operation>

<operation id="35" st_id="2" stage="1" lat="1">
<core>NULL</core>
<MemPortIdVec></MemPortIdVec>
<condition id="-1">
<or_exp><and_exp></and_exp></or_exp>
</condition>

<Node id="25" bw="13" op_0_bw="34" op_1_bw="64" op_2_bw="64">
<![CDATA[
.split.0:13 %hash_table_0_addr_2 = getelementptr i34 %hash_table_0, i64 0, i64 %tmp_7

]]></Node>
<StgValue><ssdm name="hash_table_0_addr_2"/></StgValue>
</operation>

<operation id="36" st_id="2" stage="1" lat="1">
<core>NULL</core>
<MemPortIdVec></MemPortIdVec>
<condition id="-1">
<or_exp><and_exp></and_exp></or_exp>
</condition>

<Node id="26" bw="13" op_0_bw="13" op_1_bw="13">
<![CDATA[
.split.0:14 %or_ln16_1 = or i13 %tmp_6, i13 2

]]></Node>
<StgValue><ssdm name="or_ln16_1"/></StgValue>
</operation>

<operation id="37" st_id="2" stage="1" lat="1">
<core>NULL</core>
<MemPortIdVec></MemPortIdVec>
<condition id="-1">
<or_exp><and_exp></and_exp></or_exp>
</condition>

<Node id="27" bw="64" op_0_bw="64" op_1_bw="51" op_2_bw="13">
<![CDATA[
.split.0:15 %tmp_8 = bitconcatenate i64 @_ssdm_op_BitConcatenate.i64.i51.i13, i51 0, i13 %or_ln16_1

]]></Node>
<StgValue><ssdm name="tmp_8"/></StgValue>
</operation>

<operation id="38" st_id="2" stage="1" lat="1">
<core>NULL</core>
<MemPortIdVec></MemPortIdVec>
<condition id="-1">
<or_exp><and_exp></and_exp></or_exp>
</condition>

<Node id="28" bw="13" op_0_bw="34" op_1_bw="64" op_2_bw="64">
<![CDATA[
.split.0:16 %hash_table_0_addr_3 = getelementptr i34 %hash_table_0, i64 0, i64 %tmp_8

]]></Node>
<StgValue><ssdm name="hash_table_0_addr_3"/></StgValue>
</operation>

<operation id="39" st_id="2" stage="1" lat="1">
<core>NULL</core>
<MemPortIdVec></MemPortIdVec>
<condition id="-1">
<or_exp><and_exp></and_exp></or_exp>
</condition>

<Node id="29" bw="13" op_0_bw="13" op_1_bw="13">
<![CDATA[
.split.0:17 %or_ln16_2 = or i13 %tmp_6, i13 3

]]></Node>
<StgValue><ssdm name="or_ln16_2"/></StgValue>
</operation>

<operation id="40" st_id="2" stage="1" lat="1">
<core>NULL</core>
<MemPortIdVec></MemPortIdVec>
<condition id="-1">
<or_exp><and_exp></and_exp></or_exp>
</condition>

<Node id="30" bw="64" op_0_bw="64" op_1_bw="51" op_2_bw="13">
<![CDATA[
.split.0:18 %tmp_9 = bitconcatenate i64 @_ssdm_op_BitConcatenate.i64.i51.i13, i51 0, i13 %or_ln16_2

]]></Node>
<StgValue><ssdm name="tmp_9"/></StgValue>
</operation>

<operation id="41" st_id="2" stage="1" lat="1">
<core>NULL</core>
<MemPortIdVec></MemPortIdVec>
<condition id="-1">
<or_exp><and_exp></and_exp></or_exp>
</condition>

<Node id="31" bw="13" op_0_bw="34" op_1_bw="64" op_2_bw="64">
<![CDATA[
.split.0:19 %hash_table_0_addr_4 = getelementptr i34 %hash_table_0, i64 0, i64 %tmp_9

]]></Node>
<StgValue><ssdm name="hash_table_0_addr_4"/></StgValue>
</operation>

<operation id="42" st_id="2" stage="1" lat="1">
<core>NULL</core>
<MemPortIdVec></MemPortIdVec>
<condition id="-1">
<or_exp><and_exp></and_exp></or_exp>
</condition>

<Node id="33" bw="13" op_0_bw="34" op_1_bw="64" op_2_bw="64">
<![CDATA[
.split.0:21 %hash_table_1_addr_2 = getelementptr i34 %hash_table_1, i64 0, i64 %tmp_7

]]></Node>
<StgValue><ssdm name="hash_table_1_addr_2"/></StgValue>
</operation>

<operation id="43" st_id="2" stage="1" lat="1">
<core>NULL</core>
<MemPortIdVec></MemPortIdVec>
<condition id="-1">
<or_exp><and_exp></and_exp></or_exp>
</condition>

<Node id="34" bw="13" op_0_bw="34" op_1_bw="64" op_2_bw="64">
<![CDATA[
.split.0:22 %hash_table_1_addr_3 = getelementptr i34 %hash_table_1, i64 0, i64 %tmp_8

]]></Node>
<StgValue><ssdm name="hash_table_1_addr_3"/></StgValue>
</operation>

<operation id="44" st_id="2" stage="1" lat="1">
<core>NULL</core>
<MemPortIdVec></MemPortIdVec>
<condition id="-1">
<or_exp><and_exp></and_exp></or_exp>
</condition>

<Node id="35" bw="13" op_0_bw="34" op_1_bw="64" op_2_bw="64">
<![CDATA[
.split.0:23 %hash_table_1_addr_4 = getelementptr i34 %hash_table_1, i64 0, i64 %tmp_9

]]></Node>
<StgValue><ssdm name="hash_table_1_addr_4"/></StgValue>
</operation>

<operation id="45" st_id="2" stage="1" lat="1">
<core>NULL</core>
<MemPortIdVec></MemPortIdVec>
<condition id="-1">
<or_exp><and_exp></and_exp></or_exp>
</condition>

<Node id="37" bw="13" op_0_bw="34" op_1_bw="64" op_2_bw="64">
<![CDATA[
.split.0:25 %hash_table_2_addr_2 = getelementptr i34 %hash_table_2, i64 0, i64 %tmp_7

]]></Node>
<StgValue><ssdm name="hash_table_2_addr_2"/></StgValue>
</operation>

<operation id="46" st_id="2" stage="1" lat="1">
<core>NULL</core>
<MemPortIdVec></MemPortIdVec>
<condition id="-1">
<or_exp><and_exp></and_exp></or_exp>
</condition>

<Node id="38" bw="13" op_0_bw="34" op_1_bw="64" op_2_bw="64">
<![CDATA[
.split.0:26 %hash_table_2_addr_3 = getelementptr i34 %hash_table_2, i64 0, i64 %tmp_8

]]></Node>
<StgValue><ssdm name="hash_table_2_addr_3"/></StgValue>
</operation>

<operation id="47" st_id="2" stage="1" lat="1">
<core>NULL</core>
<MemPortIdVec></MemPortIdVec>
<condition id="-1">
<or_exp><and_exp></and_exp></or_exp>
</condition>

<Node id="39" bw="13" op_0_bw="34" op_1_bw="64" op_2_bw="64">
<![CDATA[
.split.0:27 %hash_table_2_addr_4 = getelementptr i34 %hash_table_2, i64 0, i64 %tmp_9

]]></Node>
<StgValue><ssdm name="hash_table_2_addr_4"/></StgValue>
</operation>

<operation id="48" st_id="2" stage="1" lat="1">
<core>NULL</core>
<MemPortIdVec></MemPortIdVec>
<condition id="-1">
<or_exp><and_exp></and_exp></or_exp>
</condition>

<Node id="41" bw="13" op_0_bw="34" op_1_bw="64" op_2_bw="64">
<![CDATA[
.split.0:29 %hash_table_3_addr_2 = getelementptr i34 %hash_table_3, i64 0, i64 %tmp_7

]]></Node>
<StgValue><ssdm name="hash_table_3_addr_2"/></StgValue>
</operation>

<operation id="49" st_id="2" stage="1" lat="1">
<core>NULL</core>
<MemPortIdVec></MemPortIdVec>
<condition id="-1">
<or_exp><and_exp></and_exp></or_exp>
</condition>

<Node id="42" bw="13" op_0_bw="34" op_1_bw="64" op_2_bw="64">
<![CDATA[
.split.0:30 %hash_table_3_addr_3 = getelementptr i34 %hash_table_3, i64 0, i64 %tmp_8

]]></Node>
<StgValue><ssdm name="hash_table_3_addr_3"/></StgValue>
</operation>

<operation id="50" st_id="2" stage="1" lat="1">
<core>NULL</core>
<MemPortIdVec></MemPortIdVec>
<condition id="-1">
<or_exp><and_exp></and_exp></or_exp>
</condition>

<Node id="43" bw="13" op_0_bw="34" op_1_bw="64" op_2_bw="64">
<![CDATA[
.split.0:31 %hash_table_3_addr_4 = getelementptr i34 %hash_table_3, i64 0, i64 %tmp_9

]]></Node>
<StgValue><ssdm name="hash_table_3_addr_4"/></StgValue>
</operation>

<operation id="51" st_id="2" stage="1" lat="1">
<core>NULL</core>
<MemPortIdVec></MemPortIdVec>
<condition id="-1">
<or_exp><and_exp></and_exp></or_exp>
</condition>

<Node id="45" bw="13" op_0_bw="34" op_1_bw="64" op_2_bw="64">
<![CDATA[
.split.0:33 %hash_table_4_addr_2 = getelementptr i34 %hash_table_4, i64 0, i64 %tmp_7

]]></Node>
<StgValue><ssdm name="hash_table_4_addr_2"/></StgValue>
</operation>

<operation id="52" st_id="2" stage="1" lat="1">
<core>NULL</core>
<MemPortIdVec></MemPortIdVec>
<condition id="-1">
<or_exp><and_exp></and_exp></or_exp>
</condition>

<Node id="46" bw="13" op_0_bw="34" op_1_bw="64" op_2_bw="64">
<![CDATA[
.split.0:34 %hash_table_4_addr_3 = getelementptr i34 %hash_table_4, i64 0, i64 %tmp_8

]]></Node>
<StgValue><ssdm name="hash_table_4_addr_3"/></StgValue>
</operation>

<operation id="53" st_id="2" stage="1" lat="1">
<core>NULL</core>
<MemPortIdVec></MemPortIdVec>
<condition id="-1">
<or_exp><and_exp></and_exp></or_exp>
</condition>

<Node id="47" bw="13" op_0_bw="34" op_1_bw="64" op_2_bw="64">
<![CDATA[
.split.0:35 %hash_table_4_addr_4 = getelementptr i34 %hash_table_4, i64 0, i64 %tmp_9

]]></Node>
<StgValue><ssdm name="hash_table_4_addr_4"/></StgValue>
</operation>

<operation id="54" st_id="2" stage="1" lat="1">
<core>NULL</core>
<MemPortIdVec></MemPortIdVec>
<condition id="-1">
<or_exp><and_exp></and_exp></or_exp>
</condition>

<Node id="49" bw="13" op_0_bw="34" op_1_bw="64" op_2_bw="64">
<![CDATA[
.split.0:37 %hash_table_5_addr_2 = getelementptr i34 %hash_table_5, i64 0, i64 %tmp_7

]]></Node>
<StgValue><ssdm name="hash_table_5_addr_2"/></StgValue>
</operation>

<operation id="55" st_id="2" stage="1" lat="1">
<core>NULL</core>
<MemPortIdVec></MemPortIdVec>
<condition id="-1">
<or_exp><and_exp></and_exp></or_exp>
</condition>

<Node id="50" bw="13" op_0_bw="34" op_1_bw="64" op_2_bw="64">
<![CDATA[
.split.0:38 %hash_table_5_addr_3 = getelementptr i34 %hash_table_5, i64 0, i64 %tmp_8

]]></Node>
<StgValue><ssdm name="hash_table_5_addr_3"/></StgValue>
</operation>

<operation id="56" st_id="2" stage="1" lat="1">
<core>NULL</core>
<MemPortIdVec></MemPortIdVec>
<condition id="-1">
<or_exp><and_exp></and_exp></or_exp>
</condition>

<Node id="51" bw="13" op_0_bw="34" op_1_bw="64" op_2_bw="64">
<![CDATA[
.split.0:39 %hash_table_5_addr_4 = getelementptr i34 %hash_table_5, i64 0, i64 %tmp_9

]]></Node>
<StgValue><ssdm name="hash_table_5_addr_4"/></StgValue>
</operation>

<operation id="57" st_id="2" stage="1" lat="1">
<core>NULL</core>
<MemPortIdVec></MemPortIdVec>
<condition id="-1">
<or_exp><and_exp></and_exp></or_exp>
</condition>

<Node id="53" bw="13" op_0_bw="34" op_1_bw="64" op_2_bw="64">
<![CDATA[
.split.0:41 %hash_table_6_addr_2 = getelementptr i34 %hash_table_6, i64 0, i64 %tmp_7

]]></Node>
<StgValue><ssdm name="hash_table_6_addr_2"/></StgValue>
</operation>

<operation id="58" st_id="2" stage="1" lat="1">
<core>NULL</core>
<MemPortIdVec></MemPortIdVec>
<condition id="-1">
<or_exp><and_exp></and_exp></or_exp>
</condition>

<Node id="54" bw="13" op_0_bw="34" op_1_bw="64" op_2_bw="64">
<![CDATA[
.split.0:42 %hash_table_6_addr_3 = getelementptr i34 %hash_table_6, i64 0, i64 %tmp_8

]]></Node>
<StgValue><ssdm name="hash_table_6_addr_3"/></StgValue>
</operation>

<operation id="59" st_id="2" stage="1" lat="1">
<core>NULL</core>
<MemPortIdVec></MemPortIdVec>
<condition id="-1">
<or_exp><and_exp></and_exp></or_exp>
</condition>

<Node id="55" bw="13" op_0_bw="34" op_1_bw="64" op_2_bw="64">
<![CDATA[
.split.0:43 %hash_table_6_addr_4 = getelementptr i34 %hash_table_6, i64 0, i64 %tmp_9

]]></Node>
<StgValue><ssdm name="hash_table_6_addr_4"/></StgValue>
</operation>

<operation id="60" st_id="2" stage="1" lat="1">
<core>NULL</core>
<MemPortIdVec></MemPortIdVec>
<condition id="-1">
<or_exp><and_exp></and_exp></or_exp>
</condition>

<Node id="57" bw="13" op_0_bw="34" op_1_bw="64" op_2_bw="64">
<![CDATA[
.split.0:45 %hash_table_7_addr_2 = getelementptr i34 %hash_table_7, i64 0, i64 %tmp_7

]]></Node>
<StgValue><ssdm name="hash_table_7_addr_2"/></StgValue>
</operation>

<operation id="61" st_id="2" stage="1" lat="1">
<core>NULL</core>
<MemPortIdVec></MemPortIdVec>
<condition id="-1">
<or_exp><and_exp></and_exp></or_exp>
</condition>

<Node id="58" bw="13" op_0_bw="34" op_1_bw="64" op_2_bw="64">
<![CDATA[
.split.0:46 %hash_table_7_addr_3 = getelementptr i34 %hash_table_7, i64 0, i64 %tmp_8

]]></Node>
<StgValue><ssdm name="hash_table_7_addr_3"/></StgValue>
</operation>

<operation id="62" st_id="2" stage="1" lat="1">
<core>NULL</core>
<MemPortIdVec></MemPortIdVec>
<condition id="-1">
<or_exp><and_exp></and_exp></or_exp>
</condition>

<Node id="59" bw="13" op_0_bw="34" op_1_bw="64" op_2_bw="64">
<![CDATA[
.split.0:47 %hash_table_7_addr_4 = getelementptr i34 %hash_table_7, i64 0, i64 %tmp_9

]]></Node>
<StgValue><ssdm name="hash_table_7_addr_4"/></StgValue>
</operation>

<operation id="63" st_id="2" stage="1" lat="2">
<core>RAM</core>
<MemPortIdVec></MemPortIdVec>
<condition id="-1">
<or_exp><and_exp></and_exp></or_exp>
</condition>

<Node id="60" bw="34" op_0_bw="13">
<![CDATA[
.split.0:48 %hash_table_0_load = load i13 %hash_table_0_addr_1

]]></Node>
<StgValue><ssdm name="hash_table_0_load"/></StgValue>
</operation>

<operation id="64" st_id="2" stage="1" lat="1">
<core>NULL</core>
<MemPortIdVec></MemPortIdVec>
<condition id="-1">
<or_exp><and_exp></and_exp></or_exp>
</condition>

<Node id="61" bw="64" op_0_bw="34">
<![CDATA[
.split.0:49 %zext_ln16_2 = zext i34 %hash_table_0_load

]]></Node>
<StgValue><ssdm name="zext_ln16_2"/></StgValue>
</operation>

<operation id="65" st_id="2" stage="1" lat="2">
<core>RAM</core>
<MemPortIdVec></MemPortIdVec>
<condition id="-1">
<or_exp><and_exp></and_exp></or_exp>
</condition>

<Node id="62" bw="34" op_0_bw="13">
<![CDATA[
.split.0:50 %hash_table_1_load = load i13 %hash_table_1_addr_1

]]></Node>
<StgValue><ssdm name="hash_table_1_load"/></StgValue>
</operation>

<operation id="66" st_id="2" stage="1" lat="1">
<core>NULL</core>
<MemPortIdVec></MemPortIdVec>
<condition id="-1">
<or_exp><and_exp></and_exp></or_exp>
</condition>

<Node id="63" bw="64" op_0_bw="34">
<![CDATA[
.split.0:51 %zext_ln16_3 = zext i34 %hash_table_1_load

]]></Node>
<StgValue><ssdm name="zext_ln16_3"/></StgValue>
</operation>

<operation id="67" st_id="2" stage="1" lat="2">
<core>RAM</core>
<MemPortIdVec></MemPortIdVec>
<condition id="-1">
<or_exp><and_exp></and_exp></or_exp>
</condition>

<Node id="64" bw="34" op_0_bw="13">
<![CDATA[
.split.0:52 %hash_table_2_load = load i13 %hash_table_2_addr_1

]]></Node>
<StgValue><ssdm name="hash_table_2_load"/></StgValue>
</operation>

<operation id="68" st_id="2" stage="1" lat="1">
<core>NULL</core>
<MemPortIdVec></MemPortIdVec>
<condition id="-1">
<or_exp><and_exp></and_exp></or_exp>
</condition>

<Node id="65" bw="64" op_0_bw="34">
<![CDATA[
.split.0:53 %zext_ln16_4 = zext i34 %hash_table_2_load

]]></Node>
<StgValue><ssdm name="zext_ln16_4"/></StgValue>
</operation>

<operation id="69" st_id="2" stage="1" lat="2">
<core>RAM</core>
<MemPortIdVec></MemPortIdVec>
<condition id="-1">
<or_exp><and_exp></and_exp></or_exp>
</condition>

<Node id="66" bw="34" op_0_bw="13">
<![CDATA[
.split.0:54 %hash_table_3_load = load i13 %hash_table_3_addr_1

]]></Node>
<StgValue><ssdm name="hash_table_3_load"/></StgValue>
</operation>

<operation id="70" st_id="2" stage="1" lat="1">
<core>NULL</core>
<MemPortIdVec></MemPortIdVec>
<condition id="-1">
<or_exp><and_exp></and_exp></or_exp>
</condition>

<Node id="67" bw="64" op_0_bw="34">
<![CDATA[
.split.0:55 %zext_ln16_5 = zext i34 %hash_table_3_load

]]></Node>
<StgValue><ssdm name="zext_ln16_5"/></StgValue>
</operation>

<operation id="71" st_id="2" stage="1" lat="2">
<core>RAM</core>
<MemPortIdVec></MemPortIdVec>
<condition id="-1">
<or_exp><and_exp></and_exp></or_exp>
</condition>

<Node id="68" bw="34" op_0_bw="13">
<![CDATA[
.split.0:56 %hash_table_4_load = load i13 %hash_table_4_addr_1

]]></Node>
<StgValue><ssdm name="hash_table_4_load"/></StgValue>
</operation>

<operation id="72" st_id="2" stage="1" lat="1">
<core>NULL</core>
<MemPortIdVec></MemPortIdVec>
<condition id="-1">
<or_exp><and_exp></and_exp></or_exp>
</condition>

<Node id="69" bw="64" op_0_bw="34">
<![CDATA[
.split.0:57 %zext_ln16_6 = zext i34 %hash_table_4_load

]]></Node>
<StgValue><ssdm name="zext_ln16_6"/></StgValue>
</operation>

<operation id="73" st_id="2" stage="1" lat="2">
<core>RAM</core>
<MemPortIdVec></MemPortIdVec>
<condition id="-1">
<or_exp><and_exp></and_exp></or_exp>
</condition>

<Node id="70" bw="34" op_0_bw="13">
<![CDATA[
.split.0:58 %hash_table_5_load = load i13 %hash_table_5_addr_1

]]></Node>
<StgValue><ssdm name="hash_table_5_load"/></StgValue>
</operation>

<operation id="74" st_id="2" stage="1" lat="1">
<core>NULL</core>
<MemPortIdVec></MemPortIdVec>
<condition id="-1">
<or_exp><and_exp></and_exp></or_exp>
</condition>

<Node id="71" bw="64" op_0_bw="34">
<![CDATA[
.split.0:59 %zext_ln16_7 = zext i34 %hash_table_5_load

]]></Node>
<StgValue><ssdm name="zext_ln16_7"/></StgValue>
</operation>

<operation id="75" st_id="2" stage="1" lat="2">
<core>RAM</core>
<MemPortIdVec></MemPortIdVec>
<condition id="-1">
<or_exp><and_exp></and_exp></or_exp>
</condition>

<Node id="72" bw="34" op_0_bw="13">
<![CDATA[
.split.0:60 %hash_table_6_load = load i13 %hash_table_6_addr_1

]]></Node>
<StgValue><ssdm name="hash_table_6_load"/></StgValue>
</operation>

<operation id="76" st_id="2" stage="1" lat="1">
<core>NULL</core>
<MemPortIdVec></MemPortIdVec>
<condition id="-1">
<or_exp><and_exp></and_exp></or_exp>
</condition>

<Node id="73" bw="64" op_0_bw="34">
<![CDATA[
.split.0:61 %zext_ln16_8 = zext i34 %hash_table_6_load

]]></Node>
<StgValue><ssdm name="zext_ln16_8"/></StgValue>
</operation>

<operation id="77" st_id="2" stage="1" lat="2">
<core>RAM</core>
<MemPortIdVec></MemPortIdVec>
<condition id="-1">
<or_exp><and_exp></and_exp></or_exp>
</condition>

<Node id="74" bw="34" op_0_bw="13">
<![CDATA[
.split.0:62 %hash_table_7_load = load i13 %hash_table_7_addr_1

]]></Node>
<StgValue><ssdm name="hash_table_7_load"/></StgValue>
</operation>

<operation id="78" st_id="2" stage="1" lat="1">
<core>NULL</core>
<MemPortIdVec></MemPortIdVec>
<condition id="-1">
<or_exp><and_exp></and_exp></or_exp>
</condition>

<Node id="75" bw="64" op_0_bw="34">
<![CDATA[
.split.0:63 %zext_ln16_9 = zext i34 %hash_table_7_load

]]></Node>
<StgValue><ssdm name="zext_ln16_9"/></StgValue>
</operation>

<operation id="79" st_id="2" stage="1" lat="1">
<core>Multiplexer</core>
<MemPortIdVec></MemPortIdVec>
<condition id="-1">
<or_exp><and_exp></and_exp></or_exp>
</condition>

<Node id="76" bw="64" op_0_bw="64" op_1_bw="64" op_2_bw="64" op_3_bw="64" op_4_bw="64" op_5_bw="64" op_6_bw="64" op_7_bw="64" op_8_bw="64" op_9_bw="32">
<![CDATA[
.split.0:64 %tmp_1 = mux i64 @_ssdm_op_Mux.ap_auto.8i64.i32, i64 %zext_ln16_2, i64 %zext_ln16_3, i64 %zext_ln16_4, i64 %zext_ln16_5, i64 %zext_ln16_6, i64 %zext_ln16_7, i64 %zext_ln16_8, i64 %zext_ln16_9, i32 %zext_ln16

]]></Node>
<StgValue><ssdm name="tmp_1"/></StgValue>
</operation>

<operation id="80" st_id="2" stage="1" lat="1">
<core>Cmp</core>
<MemPortIdVec></MemPortIdVec>
<condition id="-1">
<or_exp><and_exp></and_exp></or_exp>
</condition>

<Node id="77" bw="1" op_0_bw="64" op_1_bw="64">
<![CDATA[
.split.0:65 %icmp_ln16 = icmp_eq  i64 %tmp_1, i64 0

]]></Node>
<StgValue><ssdm name="icmp_ln16"/></StgValue>
</operation>

<operation id="81" st_id="2" stage="1" lat="1">
<core>NULL</core>
<MemPortIdVec></MemPortIdVec>
<condition id="-1">
<or_exp><and_exp></and_exp></or_exp>
</condition>

<Node id="78" bw="0" op_0_bw="1" op_1_bw="0" op_2_bw="0">
<![CDATA[
.split.0:66 %br_ln16 = br i1 %icmp_ln16, void %.split.1, void

]]></Node>
<StgValue><ssdm name="br_ln16"/></StgValue>
</operation>

<operation id="82" st_id="2" stage="2" lat="2">
<core>RAM</core>
<MemPortIdVec></MemPortIdVec>
<condition id="-1">
<or_exp><and_exp><literal name="icmp_ln16" val="0"/>
</and_exp></or_exp>
</condition>

<Node id="80" bw="34" op_0_bw="13">
<![CDATA[
.split.1:0 %hash_table_0_load_1 = load i13 %hash_table_0_addr_2

]]></Node>
<StgValue><ssdm name="hash_table_0_load_1"/></StgValue>
</operation>

<operation id="83" st_id="2" stage="2" lat="2">
<core>RAM</core>
<MemPortIdVec></MemPortIdVec>
<condition id="-1">
<or_exp><and_exp><literal name="icmp_ln16" val="0"/>
</and_exp></or_exp>
</condition>

<Node id="82" bw="34" op_0_bw="13">
<![CDATA[
.split.1:2 %hash_table_1_load_1 = load i13 %hash_table_1_addr_2

]]></Node>
<StgValue><ssdm name="hash_table_1_load_1"/></StgValue>
</operation>

<operation id="84" st_id="2" stage="2" lat="2">
<core>RAM</core>
<MemPortIdVec></MemPortIdVec>
<condition id="-1">
<or_exp><and_exp><literal name="icmp_ln16" val="0"/>
</and_exp></or_exp>
</condition>

<Node id="84" bw="34" op_0_bw="13">
<![CDATA[
.split.1:4 %hash_table_2_load_1 = load i13 %hash_table_2_addr_2

]]></Node>
<StgValue><ssdm name="hash_table_2_load_1"/></StgValue>
</operation>

<operation id="85" st_id="2" stage="2" lat="2">
<core>RAM</core>
<MemPortIdVec></MemPortIdVec>
<condition id="-1">
<or_exp><and_exp><literal name="icmp_ln16" val="0"/>
</and_exp></or_exp>
</condition>

<Node id="86" bw="34" op_0_bw="13">
<![CDATA[
.split.1:6 %hash_table_3_load_1 = load i13 %hash_table_3_addr_2

]]></Node>
<StgValue><ssdm name="hash_table_3_load_1"/></StgValue>
</operation>

<operation id="86" st_id="2" stage="2" lat="2">
<core>RAM</core>
<MemPortIdVec></MemPortIdVec>
<condition id="-1">
<or_exp><and_exp><literal name="icmp_ln16" val="0"/>
</and_exp></or_exp>
</condition>

<Node id="88" bw="34" op_0_bw="13">
<![CDATA[
.split.1:8 %hash_table_4_load_1 = load i13 %hash_table_4_addr_2

]]></Node>
<StgValue><ssdm name="hash_table_4_load_1"/></StgValue>
</operation>

<operation id="87" st_id="2" stage="2" lat="2">
<core>RAM</core>
<MemPortIdVec></MemPortIdVec>
<condition id="-1">
<or_exp><and_exp><literal name="icmp_ln16" val="0"/>
</and_exp></or_exp>
</condition>

<Node id="90" bw="34" op_0_bw="13">
<![CDATA[
.split.1:10 %hash_table_5_load_1 = load i13 %hash_table_5_addr_2

]]></Node>
<StgValue><ssdm name="hash_table_5_load_1"/></StgValue>
</operation>

<operation id="88" st_id="2" stage="2" lat="2">
<core>RAM</core>
<MemPortIdVec></MemPortIdVec>
<condition id="-1">
<or_exp><and_exp><literal name="icmp_ln16" val="0"/>
</and_exp></or_exp>
</condition>

<Node id="92" bw="34" op_0_bw="13">
<![CDATA[
.split.1:12 %hash_table_6_load_1 = load i13 %hash_table_6_addr_2

]]></Node>
<StgValue><ssdm name="hash_table_6_load_1"/></StgValue>
</operation>

<operation id="89" st_id="2" stage="2" lat="2">
<core>RAM</core>
<MemPortIdVec></MemPortIdVec>
<condition id="-1">
<or_exp><and_exp><literal name="icmp_ln16" val="0"/>
</and_exp></or_exp>
</condition>

<Node id="94" bw="34" op_0_bw="13">
<![CDATA[
.split.1:14 %hash_table_7_load_1 = load i13 %hash_table_7_addr_2

]]></Node>
<StgValue><ssdm name="hash_table_7_load_1"/></StgValue>
</operation>
</state>

<state id="3" st_id="3">

<operation id="90" st_id="3" stage="1" lat="2">
<core>RAM</core>
<MemPortIdVec></MemPortIdVec>
<condition id="-1">
<or_exp><and_exp><literal name="icmp_ln16" val="0"/>
</and_exp></or_exp>
</condition>

<Node id="80" bw="34" op_0_bw="13">
<![CDATA[
.split.1:0 %hash_table_0_load_1 = load i13 %hash_table_0_addr_2

]]></Node>
<StgValue><ssdm name="hash_table_0_load_1"/></StgValue>
</operation>

<operation id="91" st_id="3" stage="1" lat="1">
<core>NULL</core>
<MemPortIdVec></MemPortIdVec>
<condition id="-1">
<or_exp><and_exp><literal name="icmp_ln16" val="0"/>
</and_exp></or_exp>
</condition>

<Node id="81" bw="64" op_0_bw="34">
<![CDATA[
.split.1:1 %zext_ln16_10 = zext i34 %hash_table_0_load_1

]]></Node>
<StgValue><ssdm name="zext_ln16_10"/></StgValue>
</operation>

<operation id="92" st_id="3" stage="1" lat="2">
<core>RAM</core>
<MemPortIdVec></MemPortIdVec>
<condition id="-1">
<or_exp><and_exp><literal name="icmp_ln16" val="0"/>
</and_exp></or_exp>
</condition>

<Node id="82" bw="34" op_0_bw="13">
<![CDATA[
.split.1:2 %hash_table_1_load_1 = load i13 %hash_table_1_addr_2

]]></Node>
<StgValue><ssdm name="hash_table_1_load_1"/></StgValue>
</operation>

<operation id="93" st_id="3" stage="1" lat="1">
<core>NULL</core>
<MemPortIdVec></MemPortIdVec>
<condition id="-1">
<or_exp><and_exp><literal name="icmp_ln16" val="0"/>
</and_exp></or_exp>
</condition>

<Node id="83" bw="64" op_0_bw="34">
<![CDATA[
.split.1:3 %zext_ln16_11 = zext i34 %hash_table_1_load_1

]]></Node>
<StgValue><ssdm name="zext_ln16_11"/></StgValue>
</operation>

<operation id="94" st_id="3" stage="1" lat="2">
<core>RAM</core>
<MemPortIdVec></MemPortIdVec>
<condition id="-1">
<or_exp><and_exp><literal name="icmp_ln16" val="0"/>
</and_exp></or_exp>
</condition>

<Node id="84" bw="34" op_0_bw="13">
<![CDATA[
.split.1:4 %hash_table_2_load_1 = load i13 %hash_table_2_addr_2

]]></Node>
<StgValue><ssdm name="hash_table_2_load_1"/></StgValue>
</operation>

<operation id="95" st_id="3" stage="1" lat="1">
<core>NULL</core>
<MemPortIdVec></MemPortIdVec>
<condition id="-1">
<or_exp><and_exp><literal name="icmp_ln16" val="0"/>
</and_exp></or_exp>
</condition>

<Node id="85" bw="64" op_0_bw="34">
<![CDATA[
.split.1:5 %zext_ln16_12 = zext i34 %hash_table_2_load_1

]]></Node>
<StgValue><ssdm name="zext_ln16_12"/></StgValue>
</operation>

<operation id="96" st_id="3" stage="1" lat="2">
<core>RAM</core>
<MemPortIdVec></MemPortIdVec>
<condition id="-1">
<or_exp><and_exp><literal name="icmp_ln16" val="0"/>
</and_exp></or_exp>
</condition>

<Node id="86" bw="34" op_0_bw="13">
<![CDATA[
.split.1:6 %hash_table_3_load_1 = load i13 %hash_table_3_addr_2

]]></Node>
<StgValue><ssdm name="hash_table_3_load_1"/></StgValue>
</operation>

<operation id="97" st_id="3" stage="1" lat="1">
<core>NULL</core>
<MemPortIdVec></MemPortIdVec>
<condition id="-1">
<or_exp><and_exp><literal name="icmp_ln16" val="0"/>
</and_exp></or_exp>
</condition>

<Node id="87" bw="64" op_0_bw="34">
<![CDATA[
.split.1:7 %zext_ln16_13 = zext i34 %hash_table_3_load_1

]]></Node>
<StgValue><ssdm name="zext_ln16_13"/></StgValue>
</operation>

<operation id="98" st_id="3" stage="1" lat="2">
<core>RAM</core>
<MemPortIdVec></MemPortIdVec>
<condition id="-1">
<or_exp><and_exp><literal name="icmp_ln16" val="0"/>
</and_exp></or_exp>
</condition>

<Node id="88" bw="34" op_0_bw="13">
<![CDATA[
.split.1:8 %hash_table_4_load_1 = load i13 %hash_table_4_addr_2

]]></Node>
<StgValue><ssdm name="hash_table_4_load_1"/></StgValue>
</operation>

<operation id="99" st_id="3" stage="1" lat="1">
<core>NULL</core>
<MemPortIdVec></MemPortIdVec>
<condition id="-1">
<or_exp><and_exp><literal name="icmp_ln16" val="0"/>
</and_exp></or_exp>
</condition>

<Node id="89" bw="64" op_0_bw="34">
<![CDATA[
.split.1:9 %zext_ln16_14 = zext i34 %hash_table_4_load_1

]]></Node>
<StgValue><ssdm name="zext_ln16_14"/></StgValue>
</operation>

<operation id="100" st_id="3" stage="1" lat="2">
<core>RAM</core>
<MemPortIdVec></MemPortIdVec>
<condition id="-1">
<or_exp><and_exp><literal name="icmp_ln16" val="0"/>
</and_exp></or_exp>
</condition>

<Node id="90" bw="34" op_0_bw="13">
<![CDATA[
.split.1:10 %hash_table_5_load_1 = load i13 %hash_table_5_addr_2

]]></Node>
<StgValue><ssdm name="hash_table_5_load_1"/></StgValue>
</operation>

<operation id="101" st_id="3" stage="1" lat="1">
<core>NULL</core>
<MemPortIdVec></MemPortIdVec>
<condition id="-1">
<or_exp><and_exp><literal name="icmp_ln16" val="0"/>
</and_exp></or_exp>
</condition>

<Node id="91" bw="64" op_0_bw="34">
<![CDATA[
.split.1:11 %zext_ln16_15 = zext i34 %hash_table_5_load_1

]]></Node>
<StgValue><ssdm name="zext_ln16_15"/></StgValue>
</operation>

<operation id="102" st_id="3" stage="1" lat="2">
<core>RAM</core>
<MemPortIdVec></MemPortIdVec>
<condition id="-1">
<or_exp><and_exp><literal name="icmp_ln16" val="0"/>
</and_exp></or_exp>
</condition>

<Node id="92" bw="34" op_0_bw="13">
<![CDATA[
.split.1:12 %hash_table_6_load_1 = load i13 %hash_table_6_addr_2

]]></Node>
<StgValue><ssdm name="hash_table_6_load_1"/></StgValue>
</operation>

<operation id="103" st_id="3" stage="1" lat="1">
<core>NULL</core>
<MemPortIdVec></MemPortIdVec>
<condition id="-1">
<or_exp><and_exp><literal name="icmp_ln16" val="0"/>
</and_exp></or_exp>
</condition>

<Node id="93" bw="64" op_0_bw="34">
<![CDATA[
.split.1:13 %zext_ln16_16 = zext i34 %hash_table_6_load_1

]]></Node>
<StgValue><ssdm name="zext_ln16_16"/></StgValue>
</operation>

<operation id="104" st_id="3" stage="1" lat="2">
<core>RAM</core>
<MemPortIdVec></MemPortIdVec>
<condition id="-1">
<or_exp><and_exp><literal name="icmp_ln16" val="0"/>
</and_exp></or_exp>
</condition>

<Node id="94" bw="34" op_0_bw="13">
<![CDATA[
.split.1:14 %hash_table_7_load_1 = load i13 %hash_table_7_addr_2

]]></Node>
<StgValue><ssdm name="hash_table_7_load_1"/></StgValue>
</operation>

<operation id="105" st_id="3" stage="1" lat="1">
<core>NULL</core>
<MemPortIdVec></MemPortIdVec>
<condition id="-1">
<or_exp><and_exp><literal name="icmp_ln16" val="0"/>
</and_exp></or_exp>
</condition>

<Node id="95" bw="64" op_0_bw="34">
<![CDATA[
.split.1:15 %zext_ln16_17 = zext i34 %hash_table_7_load_1

]]></Node>
<StgValue><ssdm name="zext_ln16_17"/></StgValue>
</operation>

<operation id="106" st_id="3" stage="1" lat="1">
<core>Multiplexer</core>
<MemPortIdVec></MemPortIdVec>
<condition id="-1">
<or_exp><and_exp><literal name="icmp_ln16" val="0"/>
</and_exp></or_exp>
</condition>

<Node id="96" bw="64" op_0_bw="64" op_1_bw="64" op_2_bw="64" op_3_bw="64" op_4_bw="64" op_5_bw="64" op_6_bw="64" op_7_bw="64" op_8_bw="64" op_9_bw="32">
<![CDATA[
.split.1:16 %tmp_2 = mux i64 @_ssdm_op_Mux.ap_auto.8i64.i32, i64 %zext_ln16_10, i64 %zext_ln16_11, i64 %zext_ln16_12, i64 %zext_ln16_13, i64 %zext_ln16_14, i64 %zext_ln16_15, i64 %zext_ln16_16, i64 %zext_ln16_17, i32 %zext_ln16

]]></Node>
<StgValue><ssdm name="tmp_2"/></StgValue>
</operation>

<operation id="107" st_id="3" stage="1" lat="1">
<core>Cmp</core>
<MemPortIdVec></MemPortIdVec>
<condition id="-1">
<or_exp><and_exp><literal name="icmp_ln16" val="0"/>
</and_exp></or_exp>
</condition>

<Node id="97" bw="1" op_0_bw="64" op_1_bw="64">
<![CDATA[
.split.1:17 %icmp_ln16_1 = icmp_eq  i64 %tmp_2, i64 0

]]></Node>
<StgValue><ssdm name="icmp_ln16_1"/></StgValue>
</operation>

<operation id="108" st_id="3" stage="1" lat="1">
<core>NULL</core>
<MemPortIdVec></MemPortIdVec>
<condition id="-1">
<or_exp><and_exp><literal name="icmp_ln16" val="0"/>
</and_exp></or_exp>
</condition>

<Node id="98" bw="0" op_0_bw="1" op_1_bw="0" op_2_bw="0">
<![CDATA[
.split.1:18 %br_ln16 = br i1 %icmp_ln16_1, void %.split.2, void

]]></Node>
<StgValue><ssdm name="br_ln16"/></StgValue>
</operation>

<operation id="109" st_id="3" stage="2" lat="2">
<core>RAM</core>
<MemPortIdVec></MemPortIdVec>
<condition id="-1">
<or_exp><and_exp><literal name="icmp_ln16" val="0"/>
<literal name="icmp_ln16_1" val="0"/>
</and_exp></or_exp>
</condition>

<Node id="100" bw="34" op_0_bw="13">
<![CDATA[
.split.2:0 %hash_table_0_load_2 = load i13 %hash_table_0_addr_3

]]></Node>
<StgValue><ssdm name="hash_table_0_load_2"/></StgValue>
</operation>

<operation id="110" st_id="3" stage="2" lat="2">
<core>RAM</core>
<MemPortIdVec></MemPortIdVec>
<condition id="-1">
<or_exp><and_exp><literal name="icmp_ln16" val="0"/>
<literal name="icmp_ln16_1" val="0"/>
</and_exp></or_exp>
</condition>

<Node id="102" bw="34" op_0_bw="13">
<![CDATA[
.split.2:2 %hash_table_1_load_2 = load i13 %hash_table_1_addr_3

]]></Node>
<StgValue><ssdm name="hash_table_1_load_2"/></StgValue>
</operation>

<operation id="111" st_id="3" stage="2" lat="2">
<core>RAM</core>
<MemPortIdVec></MemPortIdVec>
<condition id="-1">
<or_exp><and_exp><literal name="icmp_ln16" val="0"/>
<literal name="icmp_ln16_1" val="0"/>
</and_exp></or_exp>
</condition>

<Node id="104" bw="34" op_0_bw="13">
<![CDATA[
.split.2:4 %hash_table_2_load_2 = load i13 %hash_table_2_addr_3

]]></Node>
<StgValue><ssdm name="hash_table_2_load_2"/></StgValue>
</operation>

<operation id="112" st_id="3" stage="2" lat="2">
<core>RAM</core>
<MemPortIdVec></MemPortIdVec>
<condition id="-1">
<or_exp><and_exp><literal name="icmp_ln16" val="0"/>
<literal name="icmp_ln16_1" val="0"/>
</and_exp></or_exp>
</condition>

<Node id="106" bw="34" op_0_bw="13">
<![CDATA[
.split.2:6 %hash_table_3_load_2 = load i13 %hash_table_3_addr_3

]]></Node>
<StgValue><ssdm name="hash_table_3_load_2"/></StgValue>
</operation>

<operation id="113" st_id="3" stage="2" lat="2">
<core>RAM</core>
<MemPortIdVec></MemPortIdVec>
<condition id="-1">
<or_exp><and_exp><literal name="icmp_ln16" val="0"/>
<literal name="icmp_ln16_1" val="0"/>
</and_exp></or_exp>
</condition>

<Node id="108" bw="34" op_0_bw="13">
<![CDATA[
.split.2:8 %hash_table_4_load_2 = load i13 %hash_table_4_addr_3

]]></Node>
<StgValue><ssdm name="hash_table_4_load_2"/></StgValue>
</operation>

<operation id="114" st_id="3" stage="2" lat="2">
<core>RAM</core>
<MemPortIdVec></MemPortIdVec>
<condition id="-1">
<or_exp><and_exp><literal name="icmp_ln16" val="0"/>
<literal name="icmp_ln16_1" val="0"/>
</and_exp></or_exp>
</condition>

<Node id="110" bw="34" op_0_bw="13">
<![CDATA[
.split.2:10 %hash_table_5_load_2 = load i13 %hash_table_5_addr_3

]]></Node>
<StgValue><ssdm name="hash_table_5_load_2"/></StgValue>
</operation>

<operation id="115" st_id="3" stage="2" lat="2">
<core>RAM</core>
<MemPortIdVec></MemPortIdVec>
<condition id="-1">
<or_exp><and_exp><literal name="icmp_ln16" val="0"/>
<literal name="icmp_ln16_1" val="0"/>
</and_exp></or_exp>
</condition>

<Node id="112" bw="34" op_0_bw="13">
<![CDATA[
.split.2:12 %hash_table_6_load_2 = load i13 %hash_table_6_addr_3

]]></Node>
<StgValue><ssdm name="hash_table_6_load_2"/></StgValue>
</operation>

<operation id="116" st_id="3" stage="2" lat="2">
<core>RAM</core>
<MemPortIdVec></MemPortIdVec>
<condition id="-1">
<or_exp><and_exp><literal name="icmp_ln16" val="0"/>
<literal name="icmp_ln16_1" val="0"/>
</and_exp></or_exp>
</condition>

<Node id="114" bw="34" op_0_bw="13">
<![CDATA[
.split.2:14 %hash_table_7_load_2 = load i13 %hash_table_7_addr_3

]]></Node>
<StgValue><ssdm name="hash_table_7_load_2"/></StgValue>
</operation>
</state>

<state id="4" st_id="4">

<operation id="117" st_id="4" stage="1" lat="2">
<core>RAM</core>
<MemPortIdVec></MemPortIdVec>
<condition id="-1">
<or_exp><and_exp><literal name="icmp_ln16" val="0"/>
<literal name="icmp_ln16_1" val="0"/>
</and_exp></or_exp>
</condition>

<Node id="100" bw="34" op_0_bw="13">
<![CDATA[
.split.2:0 %hash_table_0_load_2 = load i13 %hash_table_0_addr_3

]]></Node>
<StgValue><ssdm name="hash_table_0_load_2"/></StgValue>
</operation>

<operation id="118" st_id="4" stage="1" lat="1">
<core>NULL</core>
<MemPortIdVec></MemPortIdVec>
<condition id="-1">
<or_exp><and_exp><literal name="icmp_ln16" val="0"/>
<literal name="icmp_ln16_1" val="0"/>
</and_exp></or_exp>
</condition>

<Node id="101" bw="64" op_0_bw="34">
<![CDATA[
.split.2:1 %zext_ln16_18 = zext i34 %hash_table_0_load_2

]]></Node>
<StgValue><ssdm name="zext_ln16_18"/></StgValue>
</operation>

<operation id="119" st_id="4" stage="1" lat="2">
<core>RAM</core>
<MemPortIdVec></MemPortIdVec>
<condition id="-1">
<or_exp><and_exp><literal name="icmp_ln16" val="0"/>
<literal name="icmp_ln16_1" val="0"/>
</and_exp></or_exp>
</condition>

<Node id="102" bw="34" op_0_bw="13">
<![CDATA[
.split.2:2 %hash_table_1_load_2 = load i13 %hash_table_1_addr_3

]]></Node>
<StgValue><ssdm name="hash_table_1_load_2"/></StgValue>
</operation>

<operation id="120" st_id="4" stage="1" lat="1">
<core>NULL</core>
<MemPortIdVec></MemPortIdVec>
<condition id="-1">
<or_exp><and_exp><literal name="icmp_ln16" val="0"/>
<literal name="icmp_ln16_1" val="0"/>
</and_exp></or_exp>
</condition>

<Node id="103" bw="64" op_0_bw="34">
<![CDATA[
.split.2:3 %zext_ln16_19 = zext i34 %hash_table_1_load_2

]]></Node>
<StgValue><ssdm name="zext_ln16_19"/></StgValue>
</operation>

<operation id="121" st_id="4" stage="1" lat="2">
<core>RAM</core>
<MemPortIdVec></MemPortIdVec>
<condition id="-1">
<or_exp><and_exp><literal name="icmp_ln16" val="0"/>
<literal name="icmp_ln16_1" val="0"/>
</and_exp></or_exp>
</condition>

<Node id="104" bw="34" op_0_bw="13">
<![CDATA[
.split.2:4 %hash_table_2_load_2 = load i13 %hash_table_2_addr_3

]]></Node>
<StgValue><ssdm name="hash_table_2_load_2"/></StgValue>
</operation>

<operation id="122" st_id="4" stage="1" lat="1">
<core>NULL</core>
<MemPortIdVec></MemPortIdVec>
<condition id="-1">
<or_exp><and_exp><literal name="icmp_ln16" val="0"/>
<literal name="icmp_ln16_1" val="0"/>
</and_exp></or_exp>
</condition>

<Node id="105" bw="64" op_0_bw="34">
<![CDATA[
.split.2:5 %zext_ln16_20 = zext i34 %hash_table_2_load_2

]]></Node>
<StgValue><ssdm name="zext_ln16_20"/></StgValue>
</operation>

<operation id="123" st_id="4" stage="1" lat="2">
<core>RAM</core>
<MemPortIdVec></MemPortIdVec>
<condition id="-1">
<or_exp><and_exp><literal name="icmp_ln16" val="0"/>
<literal name="icmp_ln16_1" val="0"/>
</and_exp></or_exp>
</condition>

<Node id="106" bw="34" op_0_bw="13">
<![CDATA[
.split.2:6 %hash_table_3_load_2 = load i13 %hash_table_3_addr_3

]]></Node>
<StgValue><ssdm name="hash_table_3_load_2"/></StgValue>
</operation>

<operation id="124" st_id="4" stage="1" lat="1">
<core>NULL</core>
<MemPortIdVec></MemPortIdVec>
<condition id="-1">
<or_exp><and_exp><literal name="icmp_ln16" val="0"/>
<literal name="icmp_ln16_1" val="0"/>
</and_exp></or_exp>
</condition>

<Node id="107" bw="64" op_0_bw="34">
<![CDATA[
.split.2:7 %zext_ln16_21 = zext i34 %hash_table_3_load_2

]]></Node>
<StgValue><ssdm name="zext_ln16_21"/></StgValue>
</operation>

<operation id="125" st_id="4" stage="1" lat="2">
<core>RAM</core>
<MemPortIdVec></MemPortIdVec>
<condition id="-1">
<or_exp><and_exp><literal name="icmp_ln16" val="0"/>
<literal name="icmp_ln16_1" val="0"/>
</and_exp></or_exp>
</condition>

<Node id="108" bw="34" op_0_bw="13">
<![CDATA[
.split.2:8 %hash_table_4_load_2 = load i13 %hash_table_4_addr_3

]]></Node>
<StgValue><ssdm name="hash_table_4_load_2"/></StgValue>
</operation>

<operation id="126" st_id="4" stage="1" lat="1">
<core>NULL</core>
<MemPortIdVec></MemPortIdVec>
<condition id="-1">
<or_exp><and_exp><literal name="icmp_ln16" val="0"/>
<literal name="icmp_ln16_1" val="0"/>
</and_exp></or_exp>
</condition>

<Node id="109" bw="64" op_0_bw="34">
<![CDATA[
.split.2:9 %zext_ln16_22 = zext i34 %hash_table_4_load_2

]]></Node>
<StgValue><ssdm name="zext_ln16_22"/></StgValue>
</operation>

<operation id="127" st_id="4" stage="1" lat="2">
<core>RAM</core>
<MemPortIdVec></MemPortIdVec>
<condition id="-1">
<or_exp><and_exp><literal name="icmp_ln16" val="0"/>
<literal name="icmp_ln16_1" val="0"/>
</and_exp></or_exp>
</condition>

<Node id="110" bw="34" op_0_bw="13">
<![CDATA[
.split.2:10 %hash_table_5_load_2 = load i13 %hash_table_5_addr_3

]]></Node>
<StgValue><ssdm name="hash_table_5_load_2"/></StgValue>
</operation>

<operation id="128" st_id="4" stage="1" lat="1">
<core>NULL</core>
<MemPortIdVec></MemPortIdVec>
<condition id="-1">
<or_exp><and_exp><literal name="icmp_ln16" val="0"/>
<literal name="icmp_ln16_1" val="0"/>
</and_exp></or_exp>
</condition>

<Node id="111" bw="64" op_0_bw="34">
<![CDATA[
.split.2:11 %zext_ln16_23 = zext i34 %hash_table_5_load_2

]]></Node>
<StgValue><ssdm name="zext_ln16_23"/></StgValue>
</operation>

<operation id="129" st_id="4" stage="1" lat="2">
<core>RAM</core>
<MemPortIdVec></MemPortIdVec>
<condition id="-1">
<or_exp><and_exp><literal name="icmp_ln16" val="0"/>
<literal name="icmp_ln16_1" val="0"/>
</and_exp></or_exp>
</condition>

<Node id="112" bw="34" op_0_bw="13">
<![CDATA[
.split.2:12 %hash_table_6_load_2 = load i13 %hash_table_6_addr_3

]]></Node>
<StgValue><ssdm name="hash_table_6_load_2"/></StgValue>
</operation>

<operation id="130" st_id="4" stage="1" lat="1">
<core>NULL</core>
<MemPortIdVec></MemPortIdVec>
<condition id="-1">
<or_exp><and_exp><literal name="icmp_ln16" val="0"/>
<literal name="icmp_ln16_1" val="0"/>
</and_exp></or_exp>
</condition>

<Node id="113" bw="64" op_0_bw="34">
<![CDATA[
.split.2:13 %zext_ln16_24 = zext i34 %hash_table_6_load_2

]]></Node>
<StgValue><ssdm name="zext_ln16_24"/></StgValue>
</operation>

<operation id="131" st_id="4" stage="1" lat="2">
<core>RAM</core>
<MemPortIdVec></MemPortIdVec>
<condition id="-1">
<or_exp><and_exp><literal name="icmp_ln16" val="0"/>
<literal name="icmp_ln16_1" val="0"/>
</and_exp></or_exp>
</condition>

<Node id="114" bw="34" op_0_bw="13">
<![CDATA[
.split.2:14 %hash_table_7_load_2 = load i13 %hash_table_7_addr_3

]]></Node>
<StgValue><ssdm name="hash_table_7_load_2"/></StgValue>
</operation>

<operation id="132" st_id="4" stage="1" lat="1">
<core>NULL</core>
<MemPortIdVec></MemPortIdVec>
<condition id="-1">
<or_exp><and_exp><literal name="icmp_ln16" val="0"/>
<literal name="icmp_ln16_1" val="0"/>
</and_exp></or_exp>
</condition>

<Node id="115" bw="64" op_0_bw="34">
<![CDATA[
.split.2:15 %zext_ln16_25 = zext i34 %hash_table_7_load_2

]]></Node>
<StgValue><ssdm name="zext_ln16_25"/></StgValue>
</operation>

<operation id="133" st_id="4" stage="1" lat="1">
<core>Multiplexer</core>
<MemPortIdVec></MemPortIdVec>
<condition id="-1">
<or_exp><and_exp><literal name="icmp_ln16" val="0"/>
<literal name="icmp_ln16_1" val="0"/>
</and_exp></or_exp>
</condition>

<Node id="116" bw="64" op_0_bw="64" op_1_bw="64" op_2_bw="64" op_3_bw="64" op_4_bw="64" op_5_bw="64" op_6_bw="64" op_7_bw="64" op_8_bw="64" op_9_bw="32">
<![CDATA[
.split.2:16 %tmp_3 = mux i64 @_ssdm_op_Mux.ap_auto.8i64.i32, i64 %zext_ln16_18, i64 %zext_ln16_19, i64 %zext_ln16_20, i64 %zext_ln16_21, i64 %zext_ln16_22, i64 %zext_ln16_23, i64 %zext_ln16_24, i64 %zext_ln16_25, i32 %zext_ln16

]]></Node>
<StgValue><ssdm name="tmp_3"/></StgValue>
</operation>

<operation id="134" st_id="4" stage="1" lat="1">
<core>Cmp</core>
<MemPortIdVec></MemPortIdVec>
<condition id="-1">
<or_exp><and_exp><literal name="icmp_ln16" val="0"/>
<literal name="icmp_ln16_1" val="0"/>
</and_exp></or_exp>
</condition>

<Node id="117" bw="1" op_0_bw="64" op_1_bw="64">
<![CDATA[
.split.2:17 %icmp_ln16_2 = icmp_eq  i64 %tmp_3, i64 0

]]></Node>
<StgValue><ssdm name="icmp_ln16_2"/></StgValue>
</operation>

<operation id="135" st_id="4" stage="1" lat="1">
<core>NULL</core>
<MemPortIdVec></MemPortIdVec>
<condition id="-1">
<or_exp><and_exp><literal name="icmp_ln16" val="0"/>
<literal name="icmp_ln16_1" val="0"/>
</and_exp></or_exp>
</condition>

<Node id="118" bw="0" op_0_bw="1" op_1_bw="0" op_2_bw="0">
<![CDATA[
.split.2:18 %br_ln16 = br i1 %icmp_ln16_2, void %.split.3, void

]]></Node>
<StgValue><ssdm name="br_ln16"/></StgValue>
</operation>

<operation id="136" st_id="4" stage="2" lat="2">
<core>RAM</core>
<MemPortIdVec></MemPortIdVec>
<condition id="-1">
<or_exp><and_exp><literal name="icmp_ln16" val="0"/>
<literal name="icmp_ln16_1" val="0"/>
<literal name="icmp_ln16_2" val="0"/>
</and_exp></or_exp>
</condition>

<Node id="120" bw="34" op_0_bw="13">
<![CDATA[
.split.3:0 %hash_table_0_load_3 = load i13 %hash_table_0_addr_4

]]></Node>
<StgValue><ssdm name="hash_table_0_load_3"/></StgValue>
</operation>

<operation id="137" st_id="4" stage="2" lat="2">
<core>RAM</core>
<MemPortIdVec></MemPortIdVec>
<condition id="-1">
<or_exp><and_exp><literal name="icmp_ln16" val="0"/>
<literal name="icmp_ln16_1" val="0"/>
<literal name="icmp_ln16_2" val="0"/>
</and_exp></or_exp>
</condition>

<Node id="122" bw="34" op_0_bw="13">
<![CDATA[
.split.3:2 %hash_table_1_load_3 = load i13 %hash_table_1_addr_4

]]></Node>
<StgValue><ssdm name="hash_table_1_load_3"/></StgValue>
</operation>

<operation id="138" st_id="4" stage="2" lat="2">
<core>RAM</core>
<MemPortIdVec></MemPortIdVec>
<condition id="-1">
<or_exp><and_exp><literal name="icmp_ln16" val="0"/>
<literal name="icmp_ln16_1" val="0"/>
<literal name="icmp_ln16_2" val="0"/>
</and_exp></or_exp>
</condition>

<Node id="124" bw="34" op_0_bw="13">
<![CDATA[
.split.3:4 %hash_table_2_load_3 = load i13 %hash_table_2_addr_4

]]></Node>
<StgValue><ssdm name="hash_table_2_load_3"/></StgValue>
</operation>

<operation id="139" st_id="4" stage="2" lat="2">
<core>RAM</core>
<MemPortIdVec></MemPortIdVec>
<condition id="-1">
<or_exp><and_exp><literal name="icmp_ln16" val="0"/>
<literal name="icmp_ln16_1" val="0"/>
<literal name="icmp_ln16_2" val="0"/>
</and_exp></or_exp>
</condition>

<Node id="126" bw="34" op_0_bw="13">
<![CDATA[
.split.3:6 %hash_table_3_load_3 = load i13 %hash_table_3_addr_4

]]></Node>
<StgValue><ssdm name="hash_table_3_load_3"/></StgValue>
</operation>

<operation id="140" st_id="4" stage="2" lat="2">
<core>RAM</core>
<MemPortIdVec></MemPortIdVec>
<condition id="-1">
<or_exp><and_exp><literal name="icmp_ln16" val="0"/>
<literal name="icmp_ln16_1" val="0"/>
<literal name="icmp_ln16_2" val="0"/>
</and_exp></or_exp>
</condition>

<Node id="128" bw="34" op_0_bw="13">
<![CDATA[
.split.3:8 %hash_table_4_load_3 = load i13 %hash_table_4_addr_4

]]></Node>
<StgValue><ssdm name="hash_table_4_load_3"/></StgValue>
</operation>

<operation id="141" st_id="4" stage="2" lat="2">
<core>RAM</core>
<MemPortIdVec></MemPortIdVec>
<condition id="-1">
<or_exp><and_exp><literal name="icmp_ln16" val="0"/>
<literal name="icmp_ln16_1" val="0"/>
<literal name="icmp_ln16_2" val="0"/>
</and_exp></or_exp>
</condition>

<Node id="130" bw="34" op_0_bw="13">
<![CDATA[
.split.3:10 %hash_table_5_load_3 = load i13 %hash_table_5_addr_4

]]></Node>
<StgValue><ssdm name="hash_table_5_load_3"/></StgValue>
</operation>

<operation id="142" st_id="4" stage="2" lat="2">
<core>RAM</core>
<MemPortIdVec></MemPortIdVec>
<condition id="-1">
<or_exp><and_exp><literal name="icmp_ln16" val="0"/>
<literal name="icmp_ln16_1" val="0"/>
<literal name="icmp_ln16_2" val="0"/>
</and_exp></or_exp>
</condition>

<Node id="132" bw="34" op_0_bw="13">
<![CDATA[
.split.3:12 %hash_table_6_load_3 = load i13 %hash_table_6_addr_4

]]></Node>
<StgValue><ssdm name="hash_table_6_load_3"/></StgValue>
</operation>

<operation id="143" st_id="4" stage="2" lat="2">
<core>RAM</core>
<MemPortIdVec></MemPortIdVec>
<condition id="-1">
<or_exp><and_exp><literal name="icmp_ln16" val="0"/>
<literal name="icmp_ln16_1" val="0"/>
<literal name="icmp_ln16_2" val="0"/>
</and_exp></or_exp>
</condition>

<Node id="134" bw="34" op_0_bw="13">
<![CDATA[
.split.3:14 %hash_table_7_load_3 = load i13 %hash_table_7_addr_4

]]></Node>
<StgValue><ssdm name="hash_table_7_load_3"/></StgValue>
</operation>
</state>

<state id="5" st_id="5">

<operation id="144" st_id="5" stage="1" lat="2">
<core>RAM</core>
<MemPortIdVec></MemPortIdVec>
<condition id="-1">
<or_exp><and_exp><literal name="icmp_ln16" val="0"/>
<literal name="icmp_ln16_1" val="0"/>
<literal name="icmp_ln16_2" val="0"/>
</and_exp></or_exp>
</condition>

<Node id="120" bw="34" op_0_bw="13">
<![CDATA[
.split.3:0 %hash_table_0_load_3 = load i13 %hash_table_0_addr_4

]]></Node>
<StgValue><ssdm name="hash_table_0_load_3"/></StgValue>
</operation>

<operation id="145" st_id="5" stage="1" lat="1">
<core>NULL</core>
<MemPortIdVec></MemPortIdVec>
<condition id="-1">
<or_exp><and_exp><literal name="icmp_ln16" val="0"/>
<literal name="icmp_ln16_1" val="0"/>
<literal name="icmp_ln16_2" val="0"/>
</and_exp></or_exp>
</condition>

<Node id="121" bw="64" op_0_bw="34">
<![CDATA[
.split.3:1 %zext_ln16_26 = zext i34 %hash_table_0_load_3

]]></Node>
<StgValue><ssdm name="zext_ln16_26"/></StgValue>
</operation>

<operation id="146" st_id="5" stage="1" lat="2">
<core>RAM</core>
<MemPortIdVec></MemPortIdVec>
<condition id="-1">
<or_exp><and_exp><literal name="icmp_ln16" val="0"/>
<literal name="icmp_ln16_1" val="0"/>
<literal name="icmp_ln16_2" val="0"/>
</and_exp></or_exp>
</condition>

<Node id="122" bw="34" op_0_bw="13">
<![CDATA[
.split.3:2 %hash_table_1_load_3 = load i13 %hash_table_1_addr_4

]]></Node>
<StgValue><ssdm name="hash_table_1_load_3"/></StgValue>
</operation>

<operation id="147" st_id="5" stage="1" lat="1">
<core>NULL</core>
<MemPortIdVec></MemPortIdVec>
<condition id="-1">
<or_exp><and_exp><literal name="icmp_ln16" val="0"/>
<literal name="icmp_ln16_1" val="0"/>
<literal name="icmp_ln16_2" val="0"/>
</and_exp></or_exp>
</condition>

<Node id="123" bw="64" op_0_bw="34">
<![CDATA[
.split.3:3 %zext_ln16_27 = zext i34 %hash_table_1_load_3

]]></Node>
<StgValue><ssdm name="zext_ln16_27"/></StgValue>
</operation>

<operation id="148" st_id="5" stage="1" lat="2">
<core>RAM</core>
<MemPortIdVec></MemPortIdVec>
<condition id="-1">
<or_exp><and_exp><literal name="icmp_ln16" val="0"/>
<literal name="icmp_ln16_1" val="0"/>
<literal name="icmp_ln16_2" val="0"/>
</and_exp></or_exp>
</condition>

<Node id="124" bw="34" op_0_bw="13">
<![CDATA[
.split.3:4 %hash_table_2_load_3 = load i13 %hash_table_2_addr_4

]]></Node>
<StgValue><ssdm name="hash_table_2_load_3"/></StgValue>
</operation>

<operation id="149" st_id="5" stage="1" lat="1">
<core>NULL</core>
<MemPortIdVec></MemPortIdVec>
<condition id="-1">
<or_exp><and_exp><literal name="icmp_ln16" val="0"/>
<literal name="icmp_ln16_1" val="0"/>
<literal name="icmp_ln16_2" val="0"/>
</and_exp></or_exp>
</condition>

<Node id="125" bw="64" op_0_bw="34">
<![CDATA[
.split.3:5 %zext_ln16_28 = zext i34 %hash_table_2_load_3

]]></Node>
<StgValue><ssdm name="zext_ln16_28"/></StgValue>
</operation>

<operation id="150" st_id="5" stage="1" lat="2">
<core>RAM</core>
<MemPortIdVec></MemPortIdVec>
<condition id="-1">
<or_exp><and_exp><literal name="icmp_ln16" val="0"/>
<literal name="icmp_ln16_1" val="0"/>
<literal name="icmp_ln16_2" val="0"/>
</and_exp></or_exp>
</condition>

<Node id="126" bw="34" op_0_bw="13">
<![CDATA[
.split.3:6 %hash_table_3_load_3 = load i13 %hash_table_3_addr_4

]]></Node>
<StgValue><ssdm name="hash_table_3_load_3"/></StgValue>
</operation>

<operation id="151" st_id="5" stage="1" lat="1">
<core>NULL</core>
<MemPortIdVec></MemPortIdVec>
<condition id="-1">
<or_exp><and_exp><literal name="icmp_ln16" val="0"/>
<literal name="icmp_ln16_1" val="0"/>
<literal name="icmp_ln16_2" val="0"/>
</and_exp></or_exp>
</condition>

<Node id="127" bw="64" op_0_bw="34">
<![CDATA[
.split.3:7 %zext_ln16_29 = zext i34 %hash_table_3_load_3

]]></Node>
<StgValue><ssdm name="zext_ln16_29"/></StgValue>
</operation>

<operation id="152" st_id="5" stage="1" lat="2">
<core>RAM</core>
<MemPortIdVec></MemPortIdVec>
<condition id="-1">
<or_exp><and_exp><literal name="icmp_ln16" val="0"/>
<literal name="icmp_ln16_1" val="0"/>
<literal name="icmp_ln16_2" val="0"/>
</and_exp></or_exp>
</condition>

<Node id="128" bw="34" op_0_bw="13">
<![CDATA[
.split.3:8 %hash_table_4_load_3 = load i13 %hash_table_4_addr_4

]]></Node>
<StgValue><ssdm name="hash_table_4_load_3"/></StgValue>
</operation>

<operation id="153" st_id="5" stage="1" lat="1">
<core>NULL</core>
<MemPortIdVec></MemPortIdVec>
<condition id="-1">
<or_exp><and_exp><literal name="icmp_ln16" val="0"/>
<literal name="icmp_ln16_1" val="0"/>
<literal name="icmp_ln16_2" val="0"/>
</and_exp></or_exp>
</condition>

<Node id="129" bw="64" op_0_bw="34">
<![CDATA[
.split.3:9 %zext_ln16_30 = zext i34 %hash_table_4_load_3

]]></Node>
<StgValue><ssdm name="zext_ln16_30"/></StgValue>
</operation>

<operation id="154" st_id="5" stage="1" lat="2">
<core>RAM</core>
<MemPortIdVec></MemPortIdVec>
<condition id="-1">
<or_exp><and_exp><literal name="icmp_ln16" val="0"/>
<literal name="icmp_ln16_1" val="0"/>
<literal name="icmp_ln16_2" val="0"/>
</and_exp></or_exp>
</condition>

<Node id="130" bw="34" op_0_bw="13">
<![CDATA[
.split.3:10 %hash_table_5_load_3 = load i13 %hash_table_5_addr_4

]]></Node>
<StgValue><ssdm name="hash_table_5_load_3"/></StgValue>
</operation>

<operation id="155" st_id="5" stage="1" lat="1">
<core>NULL</core>
<MemPortIdVec></MemPortIdVec>
<condition id="-1">
<or_exp><and_exp><literal name="icmp_ln16" val="0"/>
<literal name="icmp_ln16_1" val="0"/>
<literal name="icmp_ln16_2" val="0"/>
</and_exp></or_exp>
</condition>

<Node id="131" bw="64" op_0_bw="34">
<![CDATA[
.split.3:11 %zext_ln16_31 = zext i34 %hash_table_5_load_3

]]></Node>
<StgValue><ssdm name="zext_ln16_31"/></StgValue>
</operation>

<operation id="156" st_id="5" stage="1" lat="2">
<core>RAM</core>
<MemPortIdVec></MemPortIdVec>
<condition id="-1">
<or_exp><and_exp><literal name="icmp_ln16" val="0"/>
<literal name="icmp_ln16_1" val="0"/>
<literal name="icmp_ln16_2" val="0"/>
</and_exp></or_exp>
</condition>

<Node id="132" bw="34" op_0_bw="13">
<![CDATA[
.split.3:12 %hash_table_6_load_3 = load i13 %hash_table_6_addr_4

]]></Node>
<StgValue><ssdm name="hash_table_6_load_3"/></StgValue>
</operation>

<operation id="157" st_id="5" stage="1" lat="1">
<core>NULL</core>
<MemPortIdVec></MemPortIdVec>
<condition id="-1">
<or_exp><and_exp><literal name="icmp_ln16" val="0"/>
<literal name="icmp_ln16_1" val="0"/>
<literal name="icmp_ln16_2" val="0"/>
</and_exp></or_exp>
</condition>

<Node id="133" bw="64" op_0_bw="34">
<![CDATA[
.split.3:13 %zext_ln16_32 = zext i34 %hash_table_6_load_3

]]></Node>
<StgValue><ssdm name="zext_ln16_32"/></StgValue>
</operation>

<operation id="158" st_id="5" stage="1" lat="2">
<core>RAM</core>
<MemPortIdVec></MemPortIdVec>
<condition id="-1">
<or_exp><and_exp><literal name="icmp_ln16" val="0"/>
<literal name="icmp_ln16_1" val="0"/>
<literal name="icmp_ln16_2" val="0"/>
</and_exp></or_exp>
</condition>

<Node id="134" bw="34" op_0_bw="13">
<![CDATA[
.split.3:14 %hash_table_7_load_3 = load i13 %hash_table_7_addr_4

]]></Node>
<StgValue><ssdm name="hash_table_7_load_3"/></StgValue>
</operation>

<operation id="159" st_id="5" stage="1" lat="1">
<core>NULL</core>
<MemPortIdVec></MemPortIdVec>
<condition id="-1">
<or_exp><and_exp><literal name="icmp_ln16" val="0"/>
<literal name="icmp_ln16_1" val="0"/>
<literal name="icmp_ln16_2" val="0"/>
</and_exp></or_exp>
</condition>

<Node id="135" bw="64" op_0_bw="34">
<![CDATA[
.split.3:15 %zext_ln16_33 = zext i34 %hash_table_7_load_3

]]></Node>
<StgValue><ssdm name="zext_ln16_33"/></StgValue>
</operation>

<operation id="160" st_id="5" stage="1" lat="1">
<core>Multiplexer</core>
<MemPortIdVec></MemPortIdVec>
<condition id="-1">
<or_exp><and_exp><literal name="icmp_ln16" val="0"/>
<literal name="icmp_ln16_1" val="0"/>
<literal name="icmp_ln16_2" val="0"/>
</and_exp></or_exp>
</condition>

<Node id="136" bw="64" op_0_bw="64" op_1_bw="64" op_2_bw="64" op_3_bw="64" op_4_bw="64" op_5_bw="64" op_6_bw="64" op_7_bw="64" op_8_bw="64" op_9_bw="32">
<![CDATA[
.split.3:16 %tmp_4 = mux i64 @_ssdm_op_Mux.ap_auto.8i64.i32, i64 %zext_ln16_26, i64 %zext_ln16_27, i64 %zext_ln16_28, i64 %zext_ln16_29, i64 %zext_ln16_30, i64 %zext_ln16_31, i64 %zext_ln16_32, i64 %zext_ln16_33, i32 %zext_ln16

]]></Node>
<StgValue><ssdm name="tmp_4"/></StgValue>
</operation>

<operation id="161" st_id="5" stage="1" lat="1">
<core>Cmp</core>
<MemPortIdVec></MemPortIdVec>
<condition id="-1">
<or_exp><and_exp><literal name="icmp_ln16" val="0"/>
<literal name="icmp_ln16_1" val="0"/>
<literal name="icmp_ln16_2" val="0"/>
</and_exp></or_exp>
</condition>

<Node id="137" bw="1" op_0_bw="64" op_1_bw="64">
<![CDATA[
.split.3:17 %icmp_ln16_3 = icmp_eq  i64 %tmp_4, i64 0

]]></Node>
<StgValue><ssdm name="icmp_ln16_3"/></StgValue>
</operation>

<operation id="162" st_id="5" stage="1" lat="1">
<core>NULL</core>
<MemPortIdVec></MemPortIdVec>
<condition id="-1">
<or_exp><and_exp><literal name="icmp_ln16" val="0"/>
<literal name="icmp_ln16_1" val="0"/>
<literal name="icmp_ln16_2" val="0"/>
</and_exp></or_exp>
</condition>

<Node id="138" bw="0" op_0_bw="1" op_1_bw="0" op_2_bw="0">
<![CDATA[
.split.3:18 %br_ln16 = br i1 %icmp_ln16_3, void %.loopexit, void

]]></Node>
<StgValue><ssdm name="br_ln16"/></StgValue>
</operation>
</state>

<state id="6" st_id="6">

<operation id="163" st_id="6" stage="1" lat="1">
<core>NULL</core>
<MemPortIdVec></MemPortIdVec>
<condition id="-1">
<or_exp><and_exp><literal name="icmp_ln16_3" val="1"/>
</and_exp><and_exp><literal name="icmp_ln16_2" val="1"/>
</and_exp><and_exp><literal name="icmp_ln16_1" val="1"/>
</and_exp><and_exp><literal name="icmp_ln16" val="1"/>
</and_exp></or_exp>
</condition>

<Node id="140" bw="2" op_0_bw="2" op_1_bw="0" op_2_bw="2" op_3_bw="0" op_4_bw="2" op_5_bw="0" op_6_bw="2" op_7_bw="0">
<![CDATA[
:0 %hash_table_addr1_lcssa4 = phi i2 0, void %.split.0, i2 1, void %.split.1, i2 2, void %.split.2, i2 3, void %.split.3

]]></Node>
<StgValue><ssdm name="hash_table_addr1_lcssa4"/></StgValue>
</operation>

<operation id="164" st_id="6" stage="1" lat="1">
<core>NULL</core>
<MemPortIdVec></MemPortIdVec>
<condition id="-1">
<or_exp><and_exp><literal name="icmp_ln16_3" val="1"/>
</and_exp><and_exp><literal name="icmp_ln16_2" val="1"/>
</and_exp><and_exp><literal name="icmp_ln16_1" val="1"/>
</and_exp><and_exp><literal name="icmp_ln16" val="1"/>
</and_exp></or_exp>
</condition>

<Node id="141" bw="13" op_0_bw="13" op_1_bw="6" op_2_bw="5" op_3_bw="2">
<![CDATA[
:1 %tmp_s = bitconcatenate i13 @_ssdm_op_BitConcatenate.i13.i6.i5.i2, i6 %trunc_ln12, i5 %tmp_5, i2 %hash_table_addr1_lcssa4

]]></Node>
<StgValue><ssdm name="tmp_s"/></StgValue>
</operation>

<operation id="165" st_id="6" stage="1" lat="1">
<core>NULL</core>
<MemPortIdVec></MemPortIdVec>
<condition id="-1">
<or_exp><and_exp><literal name="icmp_ln16_3" val="1"/>
</and_exp><and_exp><literal name="icmp_ln16_2" val="1"/>
</and_exp><and_exp><literal name="icmp_ln16_1" val="1"/>
</and_exp><and_exp><literal name="icmp_ln16" val="1"/>
</and_exp></or_exp>
</condition>

<Node id="142" bw="64" op_0_bw="13">
<![CDATA[
:2 %zext_ln16_34 = zext i13 %tmp_s

]]></Node>
<StgValue><ssdm name="zext_ln16_34"/></StgValue>
</operation>

<operation id="166" st_id="6" stage="1" lat="1">
<core>NULL</core>
<MemPortIdVec></MemPortIdVec>
<condition id="-1">
<or_exp><and_exp><literal name="icmp_ln16_3" val="1"/>
</and_exp><and_exp><literal name="icmp_ln16_2" val="1"/>
</and_exp><and_exp><literal name="icmp_ln16_1" val="1"/>
</and_exp><and_exp><literal name="icmp_ln16" val="1"/>
</and_exp></or_exp>
</condition>

<Node id="143" bw="13" op_0_bw="34" op_1_bw="64" op_2_bw="64">
<![CDATA[
:3 %hash_table_0_addr = getelementptr i34 %hash_table_0, i64 0, i64 %zext_ln16_34

]]></Node>
<StgValue><ssdm name="hash_table_0_addr"/></StgValue>
</operation>

<operation id="167" st_id="6" stage="1" lat="1">
<core>NULL</core>
<MemPortIdVec></MemPortIdVec>
<condition id="-1">
<or_exp><and_exp><literal name="icmp_ln16_3" val="1"/>
</and_exp><and_exp><literal name="icmp_ln16_2" val="1"/>
</and_exp><and_exp><literal name="icmp_ln16_1" val="1"/>
</and_exp><and_exp><literal name="icmp_ln16" val="1"/>
</and_exp></or_exp>
</condition>

<Node id="144" bw="13" op_0_bw="34" op_1_bw="64" op_2_bw="64">
<![CDATA[
:4 %hash_table_1_addr = getelementptr i34 %hash_table_1, i64 0, i64 %zext_ln16_34

]]></Node>
<StgValue><ssdm name="hash_table_1_addr"/></StgValue>
</operation>

<operation id="168" st_id="6" stage="1" lat="1">
<core>NULL</core>
<MemPortIdVec></MemPortIdVec>
<condition id="-1">
<or_exp><and_exp><literal name="icmp_ln16_3" val="1"/>
</and_exp><and_exp><literal name="icmp_ln16_2" val="1"/>
</and_exp><and_exp><literal name="icmp_ln16_1" val="1"/>
</and_exp><and_exp><literal name="icmp_ln16" val="1"/>
</and_exp></or_exp>
</condition>

<Node id="145" bw="13" op_0_bw="34" op_1_bw="64" op_2_bw="64">
<![CDATA[
:5 %hash_table_2_addr = getelementptr i34 %hash_table_2, i64 0, i64 %zext_ln16_34

]]></Node>
<StgValue><ssdm name="hash_table_2_addr"/></StgValue>
</operation>

<operation id="169" st_id="6" stage="1" lat="1">
<core>NULL</core>
<MemPortIdVec></MemPortIdVec>
<condition id="-1">
<or_exp><and_exp><literal name="icmp_ln16_3" val="1"/>
</and_exp><and_exp><literal name="icmp_ln16_2" val="1"/>
</and_exp><and_exp><literal name="icmp_ln16_1" val="1"/>
</and_exp><and_exp><literal name="icmp_ln16" val="1"/>
</and_exp></or_exp>
</condition>

<Node id="146" bw="13" op_0_bw="34" op_1_bw="64" op_2_bw="64">
<![CDATA[
:6 %hash_table_3_addr = getelementptr i34 %hash_table_3, i64 0, i64 %zext_ln16_34

]]></Node>
<StgValue><ssdm name="hash_table_3_addr"/></StgValue>
</operation>

<operation id="170" st_id="6" stage="1" lat="1">
<core>NULL</core>
<MemPortIdVec></MemPortIdVec>
<condition id="-1">
<or_exp><and_exp><literal name="icmp_ln16_3" val="1"/>
</and_exp><and_exp><literal name="icmp_ln16_2" val="1"/>
</and_exp><and_exp><literal name="icmp_ln16_1" val="1"/>
</and_exp><and_exp><literal name="icmp_ln16" val="1"/>
</and_exp></or_exp>
</condition>

<Node id="147" bw="13" op_0_bw="34" op_1_bw="64" op_2_bw="64">
<![CDATA[
:7 %hash_table_4_addr = getelementptr i34 %hash_table_4, i64 0, i64 %zext_ln16_34

]]></Node>
<StgValue><ssdm name="hash_table_4_addr"/></StgValue>
</operation>

<operation id="171" st_id="6" stage="1" lat="1">
<core>NULL</core>
<MemPortIdVec></MemPortIdVec>
<condition id="-1">
<or_exp><and_exp><literal name="icmp_ln16_3" val="1"/>
</and_exp><and_exp><literal name="icmp_ln16_2" val="1"/>
</and_exp><and_exp><literal name="icmp_ln16_1" val="1"/>
</and_exp><and_exp><literal name="icmp_ln16" val="1"/>
</and_exp></or_exp>
</condition>

<Node id="148" bw="13" op_0_bw="34" op_1_bw="64" op_2_bw="64">
<![CDATA[
:8 %hash_table_5_addr = getelementptr i34 %hash_table_5, i64 0, i64 %zext_ln16_34

]]></Node>
<StgValue><ssdm name="hash_table_5_addr"/></StgValue>
</operation>

<operation id="172" st_id="6" stage="1" lat="1">
<core>NULL</core>
<MemPortIdVec></MemPortIdVec>
<condition id="-1">
<or_exp><and_exp><literal name="icmp_ln16_3" val="1"/>
</and_exp><and_exp><literal name="icmp_ln16_2" val="1"/>
</and_exp><and_exp><literal name="icmp_ln16_1" val="1"/>
</and_exp><and_exp><literal name="icmp_ln16" val="1"/>
</and_exp></or_exp>
</condition>

<Node id="149" bw="13" op_0_bw="34" op_1_bw="64" op_2_bw="64">
<![CDATA[
:9 %hash_table_6_addr = getelementptr i34 %hash_table_6, i64 0, i64 %zext_ln16_34

]]></Node>
<StgValue><ssdm name="hash_table_6_addr"/></StgValue>
</operation>

<operation id="173" st_id="6" stage="1" lat="1">
<core>NULL</core>
<MemPortIdVec></MemPortIdVec>
<condition id="-1">
<or_exp><and_exp><literal name="icmp_ln16_3" val="1"/>
</and_exp><and_exp><literal name="icmp_ln16_2" val="1"/>
</and_exp><and_exp><literal name="icmp_ln16_1" val="1"/>
</and_exp><and_exp><literal name="icmp_ln16" val="1"/>
</and_exp></or_exp>
</condition>

<Node id="150" bw="13" op_0_bw="34" op_1_bw="64" op_2_bw="64">
<![CDATA[
:10 %hash_table_7_addr = getelementptr i34 %hash_table_7, i64 0, i64 %zext_ln16_34

]]></Node>
<StgValue><ssdm name="hash_table_7_addr"/></StgValue>
</operation>

<operation id="174" st_id="6" stage="1" lat="1">
<core>NULL</core>
<MemPortIdVec></MemPortIdVec>
<condition id="-1">
<or_exp><and_exp><literal name="icmp_ln16_3" val="1"/>
</and_exp><and_exp><literal name="icmp_ln16_2" val="1"/>
</and_exp><and_exp><literal name="icmp_ln16_1" val="1"/>
</and_exp><and_exp><literal name="icmp_ln16" val="1"/>
</and_exp></or_exp>
</condition>

<Node id="151" bw="0" op_0_bw="3" op_1_bw="0" op_2_bw="3" op_3_bw="0" op_4_bw="3" op_5_bw="0" op_6_bw="3" op_7_bw="0" op_8_bw="3" op_9_bw="0" op_10_bw="3" op_11_bw="0" op_12_bw="3" op_13_bw="0" op_14_bw="3" op_15_bw="0">
<![CDATA[
:11 %switch_ln17 = switch i3 %trunc_ln16, void %branch7, i3 0, void %branch0, i3 1, void %branch1, i3 2, void %branch2, i3 3, void %branch3, i3 4, void %branch4, i3 5, void %branch5, i3 6, void %branch6

]]></Node>
<StgValue><ssdm name="switch_ln17"/></StgValue>
</operation>

<operation id="175" st_id="6" stage="1" lat="1">
<core>RAM</core>
<MemPortIdVec></MemPortIdVec>
<condition id="-1">
<or_exp><and_exp><literal name="icmp_ln16_3" val="1"/>
<literal name="trunc_ln16" val="-2"/>
</and_exp><and_exp><literal name="icmp_ln16_2" val="1"/>
<literal name="trunc_ln16" val="-2"/>
</and_exp><and_exp><literal name="icmp_ln16_1" val="1"/>
<literal name="trunc_ln16" val="-2"/>
</and_exp><and_exp><literal name="icmp_ln16" val="1"/>
<literal name="trunc_ln16" val="-2"/>
</and_exp></or_exp>
</condition>

<Node id="153" bw="0" op_0_bw="34" op_1_bw="13" op_2_bw="0" op_3_bw="0" op_4_bw="0" op_5_bw="0">
<![CDATA[
branch6:0 %store_ln17 = store i34 %tmp, i13 %hash_table_6_addr

]]></Node>
<StgValue><ssdm name="store_ln17"/></StgValue>
</operation>

<operation id="176" st_id="6" stage="1" lat="1">
<core>NULL</core>
<MemPortIdVec></MemPortIdVec>
<condition id="-1">
<or_exp><and_exp><literal name="icmp_ln16_3" val="1"/>
<literal name="trunc_ln16" val="-2"/>
</and_exp><and_exp><literal name="icmp_ln16_2" val="1"/>
<literal name="trunc_ln16" val="-2"/>
</and_exp><and_exp><literal name="icmp_ln16_1" val="1"/>
<literal name="trunc_ln16" val="-2"/>
</and_exp><and_exp><literal name="icmp_ln16" val="1"/>
<literal name="trunc_ln16" val="-2"/>
</and_exp></or_exp>
</condition>

<Node id="154" bw="0" op_0_bw="0">
<![CDATA[
branch6:1 %br_ln17 = br void

]]></Node>
<StgValue><ssdm name="br_ln17"/></StgValue>
</operation>

<operation id="177" st_id="6" stage="1" lat="1">
<core>RAM</core>
<MemPortIdVec></MemPortIdVec>
<condition id="-1">
<or_exp><and_exp><literal name="icmp_ln16_3" val="1"/>
<literal name="trunc_ln16" val="-3"/>
</and_exp><and_exp><literal name="icmp_ln16_2" val="1"/>
<literal name="trunc_ln16" val="-3"/>
</and_exp><and_exp><literal name="icmp_ln16_1" val="1"/>
<literal name="trunc_ln16" val="-3"/>
</and_exp><and_exp><literal name="icmp_ln16" val="1"/>
<literal name="trunc_ln16" val="-3"/>
</and_exp></or_exp>
</condition>

<Node id="156" bw="0" op_0_bw="34" op_1_bw="13" op_2_bw="0" op_3_bw="0" op_4_bw="0" op_5_bw="0">
<![CDATA[
branch5:0 %store_ln17 = store i34 %tmp, i13 %hash_table_5_addr

]]></Node>
<StgValue><ssdm name="store_ln17"/></StgValue>
</operation>

<operation id="178" st_id="6" stage="1" lat="1">
<core>NULL</core>
<MemPortIdVec></MemPortIdVec>
<condition id="-1">
<or_exp><and_exp><literal name="icmp_ln16_3" val="1"/>
<literal name="trunc_ln16" val="-3"/>
</and_exp><and_exp><literal name="icmp_ln16_2" val="1"/>
<literal name="trunc_ln16" val="-3"/>
</and_exp><and_exp><literal name="icmp_ln16_1" val="1"/>
<literal name="trunc_ln16" val="-3"/>
</and_exp><and_exp><literal name="icmp_ln16" val="1"/>
<literal name="trunc_ln16" val="-3"/>
</and_exp></or_exp>
</condition>

<Node id="157" bw="0" op_0_bw="0">
<![CDATA[
branch5:1 %br_ln17 = br void

]]></Node>
<StgValue><ssdm name="br_ln17"/></StgValue>
</operation>

<operation id="179" st_id="6" stage="1" lat="1">
<core>RAM</core>
<MemPortIdVec></MemPortIdVec>
<condition id="-1">
<or_exp><and_exp><literal name="icmp_ln16_3" val="1"/>
<literal name="trunc_ln16" val="-4"/>
</and_exp><and_exp><literal name="icmp_ln16_2" val="1"/>
<literal name="trunc_ln16" val="-4"/>
</and_exp><and_exp><literal name="icmp_ln16_1" val="1"/>
<literal name="trunc_ln16" val="-4"/>
</and_exp><and_exp><literal name="icmp_ln16" val="1"/>
<literal name="trunc_ln16" val="-4"/>
</and_exp></or_exp>
</condition>

<Node id="159" bw="0" op_0_bw="34" op_1_bw="13" op_2_bw="0" op_3_bw="0" op_4_bw="0" op_5_bw="0">
<![CDATA[
branch4:0 %store_ln17 = store i34 %tmp, i13 %hash_table_4_addr

]]></Node>
<StgValue><ssdm name="store_ln17"/></StgValue>
</operation>

<operation id="180" st_id="6" stage="1" lat="1">
<core>NULL</core>
<MemPortIdVec></MemPortIdVec>
<condition id="-1">
<or_exp><and_exp><literal name="icmp_ln16_3" val="1"/>
<literal name="trunc_ln16" val="-4"/>
</and_exp><and_exp><literal name="icmp_ln16_2" val="1"/>
<literal name="trunc_ln16" val="-4"/>
</and_exp><and_exp><literal name="icmp_ln16_1" val="1"/>
<literal name="trunc_ln16" val="-4"/>
</and_exp><and_exp><literal name="icmp_ln16" val="1"/>
<literal name="trunc_ln16" val="-4"/>
</and_exp></or_exp>
</condition>

<Node id="160" bw="0" op_0_bw="0">
<![CDATA[
branch4:1 %br_ln17 = br void

]]></Node>
<StgValue><ssdm name="br_ln17"/></StgValue>
</operation>

<operation id="181" st_id="6" stage="1" lat="1">
<core>RAM</core>
<MemPortIdVec></MemPortIdVec>
<condition id="-1">
<or_exp><and_exp><literal name="icmp_ln16_3" val="1"/>
<literal name="trunc_ln16" val="3"/>
</and_exp><and_exp><literal name="icmp_ln16_2" val="1"/>
<literal name="trunc_ln16" val="3"/>
</and_exp><and_exp><literal name="icmp_ln16_1" val="1"/>
<literal name="trunc_ln16" val="3"/>
</and_exp><and_exp><literal name="icmp_ln16" val="1"/>
<literal name="trunc_ln16" val="3"/>
</and_exp></or_exp>
</condition>

<Node id="162" bw="0" op_0_bw="34" op_1_bw="13" op_2_bw="0" op_3_bw="0" op_4_bw="0" op_5_bw="0">
<![CDATA[
branch3:0 %store_ln17 = store i34 %tmp, i13 %hash_table_3_addr

]]></Node>
<StgValue><ssdm name="store_ln17"/></StgValue>
</operation>

<operation id="182" st_id="6" stage="1" lat="1">
<core>NULL</core>
<MemPortIdVec></MemPortIdVec>
<condition id="-1">
<or_exp><and_exp><literal name="icmp_ln16_3" val="1"/>
<literal name="trunc_ln16" val="3"/>
</and_exp><and_exp><literal name="icmp_ln16_2" val="1"/>
<literal name="trunc_ln16" val="3"/>
</and_exp><and_exp><literal name="icmp_ln16_1" val="1"/>
<literal name="trunc_ln16" val="3"/>
</and_exp><and_exp><literal name="icmp_ln16" val="1"/>
<literal name="trunc_ln16" val="3"/>
</and_exp></or_exp>
</condition>

<Node id="163" bw="0" op_0_bw="0">
<![CDATA[
branch3:1 %br_ln17 = br void

]]></Node>
<StgValue><ssdm name="br_ln17"/></StgValue>
</operation>

<operation id="183" st_id="6" stage="1" lat="1">
<core>RAM</core>
<MemPortIdVec></MemPortIdVec>
<condition id="-1">
<or_exp><and_exp><literal name="icmp_ln16_3" val="1"/>
<literal name="trunc_ln16" val="2"/>
</and_exp><and_exp><literal name="icmp_ln16_2" val="1"/>
<literal name="trunc_ln16" val="2"/>
</and_exp><and_exp><literal name="icmp_ln16_1" val="1"/>
<literal name="trunc_ln16" val="2"/>
</and_exp><and_exp><literal name="icmp_ln16" val="1"/>
<literal name="trunc_ln16" val="2"/>
</and_exp></or_exp>
</condition>

<Node id="165" bw="0" op_0_bw="34" op_1_bw="13" op_2_bw="0" op_3_bw="0" op_4_bw="0" op_5_bw="0">
<![CDATA[
branch2:0 %store_ln17 = store i34 %tmp, i13 %hash_table_2_addr

]]></Node>
<StgValue><ssdm name="store_ln17"/></StgValue>
</operation>

<operation id="184" st_id="6" stage="1" lat="1">
<core>NULL</core>
<MemPortIdVec></MemPortIdVec>
<condition id="-1">
<or_exp><and_exp><literal name="icmp_ln16_3" val="1"/>
<literal name="trunc_ln16" val="2"/>
</and_exp><and_exp><literal name="icmp_ln16_2" val="1"/>
<literal name="trunc_ln16" val="2"/>
</and_exp><and_exp><literal name="icmp_ln16_1" val="1"/>
<literal name="trunc_ln16" val="2"/>
</and_exp><and_exp><literal name="icmp_ln16" val="1"/>
<literal name="trunc_ln16" val="2"/>
</and_exp></or_exp>
</condition>

<Node id="166" bw="0" op_0_bw="0">
<![CDATA[
branch2:1 %br_ln17 = br void

]]></Node>
<StgValue><ssdm name="br_ln17"/></StgValue>
</operation>

<operation id="185" st_id="6" stage="1" lat="1">
<core>RAM</core>
<MemPortIdVec></MemPortIdVec>
<condition id="-1">
<or_exp><and_exp><literal name="icmp_ln16_3" val="1"/>
<literal name="trunc_ln16" val="1"/>
</and_exp><and_exp><literal name="icmp_ln16_2" val="1"/>
<literal name="trunc_ln16" val="1"/>
</and_exp><and_exp><literal name="icmp_ln16_1" val="1"/>
<literal name="trunc_ln16" val="1"/>
</and_exp><and_exp><literal name="icmp_ln16" val="1"/>
<literal name="trunc_ln16" val="1"/>
</and_exp></or_exp>
</condition>

<Node id="168" bw="0" op_0_bw="34" op_1_bw="13" op_2_bw="0" op_3_bw="0" op_4_bw="0" op_5_bw="0">
<![CDATA[
branch1:0 %store_ln17 = store i34 %tmp, i13 %hash_table_1_addr

]]></Node>
<StgValue><ssdm name="store_ln17"/></StgValue>
</operation>

<operation id="186" st_id="6" stage="1" lat="1">
<core>NULL</core>
<MemPortIdVec></MemPortIdVec>
<condition id="-1">
<or_exp><and_exp><literal name="icmp_ln16_3" val="1"/>
<literal name="trunc_ln16" val="1"/>
</and_exp><and_exp><literal name="icmp_ln16_2" val="1"/>
<literal name="trunc_ln16" val="1"/>
</and_exp><and_exp><literal name="icmp_ln16_1" val="1"/>
<literal name="trunc_ln16" val="1"/>
</and_exp><and_exp><literal name="icmp_ln16" val="1"/>
<literal name="trunc_ln16" val="1"/>
</and_exp></or_exp>
</condition>

<Node id="169" bw="0" op_0_bw="0">
<![CDATA[
branch1:1 %br_ln17 = br void

]]></Node>
<StgValue><ssdm name="br_ln17"/></StgValue>
</operation>

<operation id="187" st_id="6" stage="1" lat="1">
<core>RAM</core>
<MemPortIdVec></MemPortIdVec>
<condition id="-1">
<or_exp><and_exp><literal name="icmp_ln16_3" val="1"/>
<literal name="trunc_ln16" val="0"/>
</and_exp><and_exp><literal name="icmp_ln16_2" val="1"/>
<literal name="trunc_ln16" val="0"/>
</and_exp><and_exp><literal name="icmp_ln16_1" val="1"/>
<literal name="trunc_ln16" val="0"/>
</and_exp><and_exp><literal name="icmp_ln16" val="1"/>
<literal name="trunc_ln16" val="0"/>
</and_exp></or_exp>
</condition>

<Node id="171" bw="0" op_0_bw="34" op_1_bw="13" op_2_bw="0" op_3_bw="0" op_4_bw="0" op_5_bw="0">
<![CDATA[
branch0:0 %store_ln17 = store i34 %tmp, i13 %hash_table_0_addr

]]></Node>
<StgValue><ssdm name="store_ln17"/></StgValue>
</operation>

<operation id="188" st_id="6" stage="1" lat="1">
<core>NULL</core>
<MemPortIdVec></MemPortIdVec>
<condition id="-1">
<or_exp><and_exp><literal name="icmp_ln16_3" val="1"/>
<literal name="trunc_ln16" val="0"/>
</and_exp><and_exp><literal name="icmp_ln16_2" val="1"/>
<literal name="trunc_ln16" val="0"/>
</and_exp><and_exp><literal name="icmp_ln16_1" val="1"/>
<literal name="trunc_ln16" val="0"/>
</and_exp><and_exp><literal name="icmp_ln16" val="1"/>
<literal name="trunc_ln16" val="0"/>
</and_exp></or_exp>
</condition>

<Node id="172" bw="0" op_0_bw="0">
<![CDATA[
branch0:1 %br_ln17 = br void

]]></Node>
<StgValue><ssdm name="br_ln17"/></StgValue>
</operation>

<operation id="189" st_id="6" stage="1" lat="1">
<core>RAM</core>
<MemPortIdVec></MemPortIdVec>
<condition id="-1">
<or_exp><and_exp><literal name="icmp_ln16_3" val="1"/>
<literal name="trunc_ln16" val="-1"/>
</and_exp><and_exp><literal name="icmp_ln16_2" val="1"/>
<literal name="trunc_ln16" val="-1"/>
</and_exp><and_exp><literal name="icmp_ln16_1" val="1"/>
<literal name="trunc_ln16" val="-1"/>
</and_exp><and_exp><literal name="icmp_ln16" val="1"/>
<literal name="trunc_ln16" val="-1"/>
</and_exp></or_exp>
</condition>

<Node id="174" bw="0" op_0_bw="34" op_1_bw="13" op_2_bw="0" op_3_bw="0" op_4_bw="0" op_5_bw="0">
<![CDATA[
branch7:0 %store_ln17 = store i34 %tmp, i13 %hash_table_7_addr

]]></Node>
<StgValue><ssdm name="store_ln17"/></StgValue>
</operation>

<operation id="190" st_id="6" stage="1" lat="1">
<core>NULL</core>
<MemPortIdVec></MemPortIdVec>
<condition id="-1">
<or_exp><and_exp><literal name="icmp_ln16_3" val="1"/>
<literal name="trunc_ln16" val="-1"/>
</and_exp><and_exp><literal name="icmp_ln16_2" val="1"/>
<literal name="trunc_ln16" val="-1"/>
</and_exp><and_exp><literal name="icmp_ln16_1" val="1"/>
<literal name="trunc_ln16" val="-1"/>
</and_exp><and_exp><literal name="icmp_ln16" val="1"/>
<literal name="trunc_ln16" val="-1"/>
</and_exp></or_exp>
</condition>

<Node id="175" bw="0" op_0_bw="0">
<![CDATA[
branch7:1 %br_ln17 = br void

]]></Node>
<StgValue><ssdm name="br_ln17"/></StgValue>
</operation>

<operation id="191" st_id="6" stage="1" lat="1">
<core>NULL</core>
<MemPortIdVec></MemPortIdVec>
<condition id="-1">
<or_exp><and_exp><literal name="icmp_ln16_3" val="1"/>
</and_exp><and_exp><literal name="icmp_ln16_2" val="1"/>
</and_exp><and_exp><literal name="icmp_ln16_1" val="1"/>
</and_exp><and_exp><literal name="icmp_ln16" val="1"/>
</and_exp></or_exp>
</condition>

<Node id="177" bw="0" op_0_bw="0">
<![CDATA[
:0 %br_ln18 = br void %.loopexit

]]></Node>
<StgValue><ssdm name="br_ln18"/></StgValue>
</operation>

<operation id="192" st_id="6" stage="1" lat="1">
<core>NULL</core>
<MemPortIdVec></MemPortIdVec>
<condition id="-1">
<or_exp><and_exp></and_exp></or_exp>
</condition>

<Node id="179" bw="0">
<![CDATA[
.loopexit:0 %ret_ln21 = ret

]]></Node>
<StgValue><ssdm name="ret_ln21"/></StgValue>
</operation>
</state>
</state_list>


<ports>
</ports>


<dataflows>
</dataflows>


</stg>
