{
  "Top": "lzw_hw_streams",
  "RtlTop": "lzw_hw_streams",
  "RtlPrefix": "",
  "RtlSubPrefix": "lzw_hw_streams_",
  "SourceLanguage": "cpp",
  "HostMachineBits": "64",
  "FunctionProtocol": "ap_ctrl_chain",
  "ResetStyle": "control",
  "Target": {
    "Family": "zynquplus",
    "Device": "xczu3eg",
    "Package": "-sbva484",
    "Speed": "-1-i",
    "Triple": "fpga64-xilinx-none"
  },
  "Args": {
    "input_chunk": {
      "index": "0",
      "direction": "in",
      "srcType": "unsigned char*",
      "srcSize": "8",
      "hwRefs": [
        {
          "type": "interface",
          "interface": "m_axi_p0",
          "name": "",
          "usage": "data",
          "direction": "out"
        },
        {
          "type": "register",
          "interface": "s_axi_control",
          "name": "input_chunk_1",
          "usage": "address",
          "direction": "in"
        },
        {
          "type": "register",
          "interface": "s_axi_control",
          "name": "input_chunk_2",
          "usage": "address",
          "direction": "in"
        }
      ]
    },
    "chunkSize": {
      "index": "1",
      "direction": "in",
      "srcType": "int",
      "srcSize": "32",
      "hwRefs": [{
          "type": "register",
          "interface": "s_axi_control",
          "name": "chunkSize",
          "usage": "data",
          "direction": "in"
        }]
    },
    "output": {
      "index": "2",
      "direction": "out",
      "srcType": "unsigned char*",
      "srcSize": "8",
      "hwRefs": [
        {
          "type": "interface",
          "interface": "m_axi_p1",
          "name": "",
          "usage": "data",
          "direction": "out"
        },
        {
          "type": "register",
          "interface": "s_axi_control",
          "name": "output_r_1",
          "usage": "address",
          "direction": "in"
        },
        {
          "type": "register",
          "interface": "s_axi_control",
          "name": "output_r_2",
          "usage": "address",
          "direction": "in"
        }
      ]
    }
  },
  "HlsSolution": {
    "FlowTarget": "vitis",
    "ConfigTcl": [
      "config_interface -m_axi_latency=64",
      "config_interface -m_axi_alignment_byte_size=64",
      "config_interface -m_axi_max_widen_bitwidth=512",
      "config_interface -default_interface=kernel",
      "config_interface -m_axi_offset=slave",
      "config_rtl -register_reset_num=3",
      "config_export -format=xo",
      "config_export -output=\/home1\/b\/bashista\/ese532_code\/lzw_hw\/lzw_HW\/lzw_hw_streams.xo",
      "config_export -rtl=verilog"
    ],
    "DirectiveTcl": [
      "set_directive_top lzw_hw_streams -name lzw_hw_streams",
      "set_directive_top lzw_hw_streams -name lzw_hw_streams",
      "set_directive_top lzw_hw_streams -name lzw_hw_streams"
    ],
    "ProfileOption": "0",
    "ProfileType": "none",
    "KernelName": "lzw_hw_streams"
  },
  "ClockInfo": {
    "ClockName": "ap_clk",
    "ClockPeriod": "6.667",
    "Uncertainty": "1.80009",
    "IsCombinational": "0",
    "II": "x",
    "Latency": "undef"
  },
  "Xdc": {"OocClocks": ["create_clock -name ap_clk -period 6.667 [get_ports ap_clk]"]},
  "Ipx": {
    "Vendor": "xilinx.com",
    "Library": "hls",
    "Name": "lzw_hw_streams",
    "Version": "1.0",
    "DisplayName": "Lzw_hw_streams",
    "Revision": "",
    "Description": "An IP generated by Vitis HLS",
    "Taxonomy": "\/VITIS_HLS_IP",
    "AutoFamilySupport": "",
    "ZipFile": "xilinx_com_hls_lzw_hw_streams_1_0.zip"
  },
  "Files": {
    "CSource": [
      "..\/..\/LZW\/lzw_hw.cpp",
      "..\/..\/LZW\/lzw.cpp",
      "..\/..\/LZW\/hashtable.cpp"
    ],
    "Vhdl": [
      "impl\/vhdl\/lzw_hw_streams_control_s_axi.vhd",
      "impl\/vhdl\/lzw_hw_streams_fifo_w8_d8192_A.vhd",
      "impl\/vhdl\/lzw_hw_streams_fifo_w16_d8192_A.vhd",
      "impl\/vhdl\/lzw_hw_streams_fifo_w16_d13316_A.vhd",
      "impl\/vhdl\/lzw_hw_streams_fifo_w32_d2_S.vhd",
      "impl\/vhdl\/lzw_hw_streams_fifo_w64_d4_S.vhd",
      "impl\/vhdl\/lzw_hw_streams_lzw_hw_bitpack.vhd",
      "impl\/vhdl\/lzw_hw_streams_lzw_hw_compute.vhd",
      "impl\/vhdl\/lzw_hw_streams_lzw_hw_compute_hash_table_0.vhd",
      "impl\/vhdl\/lzw_hw_streams_lzw_hw_load5.vhd",
      "impl\/vhdl\/lzw_hw_streams_lzw_hw_store.vhd",
      "impl\/vhdl\/lzw_hw_streams_mux_832_64_1_1.vhd",
      "impl\/vhdl\/lzw_hw_streams_p0_m_axi.vhd",
      "impl\/vhdl\/lzw_hw_streams_p1_m_axi.vhd",
      "impl\/vhdl\/lzw_hw_streams_put.vhd",
      "impl\/vhdl\/lzw_hw_streams_start_for_lzw_hw_bitpack_U0.vhd",
      "impl\/vhdl\/lzw_hw_streams_start_for_lzw_hw_compute_U0.vhd",
      "impl\/vhdl\/lzw_hw_streams_start_for_lzw_hw_store_U0.vhd",
      "impl\/vhdl\/lzw_hw_streams.vhd"
    ],
    "Verilog": [
      "impl\/verilog\/lzw_hw_streams_control_s_axi.v",
      "impl\/verilog\/lzw_hw_streams_fifo_w8_d8192_A.v",
      "impl\/verilog\/lzw_hw_streams_fifo_w16_d8192_A.v",
      "impl\/verilog\/lzw_hw_streams_fifo_w16_d13316_A.v",
      "impl\/verilog\/lzw_hw_streams_fifo_w32_d2_S.v",
      "impl\/verilog\/lzw_hw_streams_fifo_w64_d4_S.v",
      "impl\/verilog\/lzw_hw_streams_lzw_hw_bitpack.v",
      "impl\/verilog\/lzw_hw_streams_lzw_hw_compute.v",
      "impl\/verilog\/lzw_hw_streams_lzw_hw_compute_hash_table_0.v",
      "impl\/verilog\/lzw_hw_streams_lzw_hw_load5.v",
      "impl\/verilog\/lzw_hw_streams_lzw_hw_store.v",
      "impl\/verilog\/lzw_hw_streams_mux_832_64_1_1.v",
      "impl\/verilog\/lzw_hw_streams_p0_m_axi.v",
      "impl\/verilog\/lzw_hw_streams_p1_m_axi.v",
      "impl\/verilog\/lzw_hw_streams_put.v",
      "impl\/verilog\/lzw_hw_streams_start_for_lzw_hw_bitpack_U0.v",
      "impl\/verilog\/lzw_hw_streams_start_for_lzw_hw_compute_U0.v",
      "impl\/verilog\/lzw_hw_streams_start_for_lzw_hw_store_U0.v",
      "impl\/verilog\/lzw_hw_streams.v"
    ],
    "SwDriver": [
      "impl\/misc\/drivers\/lzw_hw_streams_v1_0\/data\/lzw_hw_streams.mdd",
      "impl\/misc\/drivers\/lzw_hw_streams_v1_0\/data\/lzw_hw_streams.tcl",
      "impl\/misc\/drivers\/lzw_hw_streams_v1_0\/src\/Makefile",
      "impl\/misc\/drivers\/lzw_hw_streams_v1_0\/src\/xlzw_hw_streams.c",
      "impl\/misc\/drivers\/lzw_hw_streams_v1_0\/src\/xlzw_hw_streams.h",
      "impl\/misc\/drivers\/lzw_hw_streams_v1_0\/src\/xlzw_hw_streams_hw.h",
      "impl\/misc\/drivers\/lzw_hw_streams_v1_0\/src\/xlzw_hw_streams_linux.c",
      "impl\/misc\/drivers\/lzw_hw_streams_v1_0\/src\/xlzw_hw_streams_sinit.c"
    ],
    "IpMisc": ["impl\/misc\/logo.png"],
    "DesignXml": ".autopilot\/db\/lzw_hw_streams.design.xml",
    "DebugDir": ".debug",
    "ProtoInst": ["\/mnt\/castor\/seas_home\/b\/bashista\/ese532_code\/lzw_hw\/lzw_HW\/LZW_HW_New\/solution1\/.debug\/lzw_hw_streams.protoinst"]
  },
  "SubcoreInfo": {
    "HasXpmMemory": false,
    "HasClockedDsp": false,
    "Ip": []
  },
  "Interfaces": {
    "ap_clk": {
      "type": "clock",
      "busTypeName": "clock",
      "mode": "slave",
      "busParams": {
        "ASSOCIATED_BUSIF": "s_axi_control:m_axi_p0:m_axi_p1",
        "ASSOCIATED_RESET": "ap_rst_n"
      },
      "portMap": {"ap_clk": "CLK"},
      "ports": ["ap_clk"]
    },
    "ap_rst_n": {
      "type": "reset",
      "busTypeName": "reset",
      "mode": "slave",
      "busParams": {"POLARITY": "ACTIVE_LOW"},
      "portMap": {"ap_rst_n": "RST"},
      "ports": ["ap_rst_n"]
    },
    "interrupt": {
      "type": "interrupt",
      "busTypeName": "interrupt",
      "mode": "master",
      "dataWidth": "1",
      "busParams": {"SENSITIVITY": "LEVEL_HIGH"},
      "portMap": {"interrupt": "INTERRUPT"},
      "ports": ["interrupt"]
    },
    "m_axi_p0": {
      "type": "axi4full",
      "busTypeName": "aximm",
      "mode": "master",
      "dataWidth": "32",
      "addrWidth": "64",
      "portPrefix": "m_axi_p0_",
      "paramPrefix": "C_M_AXI_P0_",
      "offsetSlaveName": "s_axi_control",
      "preferredUsageValue": "MEMORY",
      "busParams": {
        "NUM_READ_OUTSTANDING": "16",
        "NUM_WRITE_OUTSTANDING": "16",
        "MAX_READ_BURST_LENGTH": "16",
        "MAX_WRITE_BURST_LENGTH": "16",
        "MAX_BURST_LENGTH": "256",
        "PROTOCOL": "AXI4",
        "READ_WRITE_MODE": "READ_WRITE",
        "HAS_BURST": "0",
        "SUPPORTS_NARROW_BURST": "0"
      },
      "ports": [
        "m_axi_p0_ARADDR",
        "m_axi_p0_ARBURST",
        "m_axi_p0_ARCACHE",
        "m_axi_p0_ARID",
        "m_axi_p0_ARLEN",
        "m_axi_p0_ARLOCK",
        "m_axi_p0_ARPROT",
        "m_axi_p0_ARQOS",
        "m_axi_p0_ARREADY",
        "m_axi_p0_ARREGION",
        "m_axi_p0_ARSIZE",
        "m_axi_p0_ARUSER",
        "m_axi_p0_ARVALID",
        "m_axi_p0_AWADDR",
        "m_axi_p0_AWBURST",
        "m_axi_p0_AWCACHE",
        "m_axi_p0_AWID",
        "m_axi_p0_AWLEN",
        "m_axi_p0_AWLOCK",
        "m_axi_p0_AWPROT",
        "m_axi_p0_AWQOS",
        "m_axi_p0_AWREADY",
        "m_axi_p0_AWREGION",
        "m_axi_p0_AWSIZE",
        "m_axi_p0_AWUSER",
        "m_axi_p0_AWVALID",
        "m_axi_p0_BID",
        "m_axi_p0_BREADY",
        "m_axi_p0_BRESP",
        "m_axi_p0_BUSER",
        "m_axi_p0_BVALID",
        "m_axi_p0_RDATA",
        "m_axi_p0_RID",
        "m_axi_p0_RLAST",
        "m_axi_p0_RREADY",
        "m_axi_p0_RRESP",
        "m_axi_p0_RUSER",
        "m_axi_p0_RVALID",
        "m_axi_p0_WDATA",
        "m_axi_p0_WID",
        "m_axi_p0_WLAST",
        "m_axi_p0_WREADY",
        "m_axi_p0_WSTRB",
        "m_axi_p0_WUSER",
        "m_axi_p0_WVALID"
      ],
      "constraints": [
        {
          "constraint_type": "pragma interface",
          "mode": "m_axi",
          "register_option": "0",
          "offset": "slave",
          "latency": "64",
          "num_read_outstanding": "16",
          "num_write_outstanding": "16",
          "max_read_burst_length": "16",
          "max_write_burst_length": "16",
          "max_widen_bitwidth": "512",
          "argName": "input_chunk"
        },
        {
          "constraint_type": "bitwidth",
          "orig_bitwidth": "8",
          "final_bitwidth": "8",
          "argName": "input_chunk"
        }
      ]
    },
    "m_axi_p1": {
      "type": "axi4full",
      "busTypeName": "aximm",
      "mode": "master",
      "dataWidth": "32",
      "addrWidth": "64",
      "portPrefix": "m_axi_p1_",
      "paramPrefix": "C_M_AXI_P1_",
      "offsetSlaveName": "s_axi_control",
      "preferredUsageValue": "MEMORY",
      "busParams": {
        "NUM_READ_OUTSTANDING": "16",
        "NUM_WRITE_OUTSTANDING": "16",
        "MAX_READ_BURST_LENGTH": "16",
        "MAX_WRITE_BURST_LENGTH": "16",
        "MAX_BURST_LENGTH": "256",
        "PROTOCOL": "AXI4",
        "READ_WRITE_MODE": "READ_WRITE",
        "HAS_BURST": "0",
        "SUPPORTS_NARROW_BURST": "0"
      },
      "ports": [
        "m_axi_p1_ARADDR",
        "m_axi_p1_ARBURST",
        "m_axi_p1_ARCACHE",
        "m_axi_p1_ARID",
        "m_axi_p1_ARLEN",
        "m_axi_p1_ARLOCK",
        "m_axi_p1_ARPROT",
        "m_axi_p1_ARQOS",
        "m_axi_p1_ARREADY",
        "m_axi_p1_ARREGION",
        "m_axi_p1_ARSIZE",
        "m_axi_p1_ARUSER",
        "m_axi_p1_ARVALID",
        "m_axi_p1_AWADDR",
        "m_axi_p1_AWBURST",
        "m_axi_p1_AWCACHE",
        "m_axi_p1_AWID",
        "m_axi_p1_AWLEN",
        "m_axi_p1_AWLOCK",
        "m_axi_p1_AWPROT",
        "m_axi_p1_AWQOS",
        "m_axi_p1_AWREADY",
        "m_axi_p1_AWREGION",
        "m_axi_p1_AWSIZE",
        "m_axi_p1_AWUSER",
        "m_axi_p1_AWVALID",
        "m_axi_p1_BID",
        "m_axi_p1_BREADY",
        "m_axi_p1_BRESP",
        "m_axi_p1_BUSER",
        "m_axi_p1_BVALID",
        "m_axi_p1_RDATA",
        "m_axi_p1_RID",
        "m_axi_p1_RLAST",
        "m_axi_p1_RREADY",
        "m_axi_p1_RRESP",
        "m_axi_p1_RUSER",
        "m_axi_p1_RVALID",
        "m_axi_p1_WDATA",
        "m_axi_p1_WID",
        "m_axi_p1_WLAST",
        "m_axi_p1_WREADY",
        "m_axi_p1_WSTRB",
        "m_axi_p1_WUSER",
        "m_axi_p1_WVALID"
      ],
      "constraints": [
        {
          "constraint_type": "pragma interface",
          "mode": "m_axi",
          "register_option": "0",
          "offset": "slave",
          "latency": "64",
          "num_read_outstanding": "16",
          "num_write_outstanding": "16",
          "max_read_burst_length": "16",
          "max_write_burst_length": "16",
          "max_widen_bitwidth": "512",
          "argName": "output"
        },
        {
          "constraint_type": "bitwidth",
          "orig_bitwidth": "8",
          "final_bitwidth": "32",
          "argName": "output"
        }
      ]
    },
    "s_axi_control": {
      "type": "axi4lite",
      "busTypeName": "aximm",
      "mode": "slave",
      "dataWidth": "32",
      "addrWidth": "6",
      "portPrefix": "s_axi_control_",
      "paramPrefix": "C_S_AXI_CONTROL_",
      "offsetMasterName": "m_axi_p1",
      "ports": [
        "s_axi_control_ARADDR",
        "s_axi_control_ARREADY",
        "s_axi_control_ARVALID",
        "s_axi_control_AWADDR",
        "s_axi_control_AWREADY",
        "s_axi_control_AWVALID",
        "s_axi_control_BREADY",
        "s_axi_control_BRESP",
        "s_axi_control_BVALID",
        "s_axi_control_RDATA",
        "s_axi_control_RREADY",
        "s_axi_control_RRESP",
        "s_axi_control_RVALID",
        "s_axi_control_WDATA",
        "s_axi_control_WREADY",
        "s_axi_control_WSTRB",
        "s_axi_control_WVALID"
      ],
      "registers": [
        {
          "offset": "0x00",
          "name": "CTRL",
          "access": "RW",
          "resetValue": "0x0",
          "description": "Control signals",
          "range": "32",
          "fields": [
            {
              "offset": "0",
              "width": "1",
              "name": "AP_START",
              "access": "RW",
              "resetValue": "0",
              "description": "Control signal Register for 'ap_start'."
            },
            {
              "offset": "1",
              "width": "1",
              "name": "AP_DONE",
              "access": "R",
              "resetValue": "0",
              "description": "Control signal Register for 'ap_done'."
            },
            {
              "offset": "2",
              "width": "1",
              "name": "AP_IDLE",
              "access": "R",
              "resetValue": "0",
              "description": "Control signal Register for 'ap_idle'."
            },
            {
              "offset": "3",
              "width": "1",
              "name": "AP_READY",
              "access": "R",
              "resetValue": "0",
              "description": "Control signal Register for 'ap_ready'."
            },
            {
              "offset": "4",
              "width": "1",
              "name": "AP_CONTINUE",
              "access": "R",
              "resetValue": "0",
              "description": "Control signal Register for 'ap_continue'."
            },
            {
              "offset": "5",
              "width": "2",
              "name": "RESERVED_1",
              "access": "R",
              "resetValue": "0",
              "description": "Reserved.  0s on read."
            },
            {
              "offset": "7",
              "width": "1",
              "name": "AUTO_RESTART",
              "access": "RW",
              "resetValue": "0",
              "description": "Control signal Register for 'auto_restart'."
            },
            {
              "offset": "8",
              "width": "24",
              "name": "RESERVED_2",
              "access": "R",
              "resetValue": "0",
              "description": "Reserved.  0s on read."
            }
          ]
        },
        {
          "offset": "0x04",
          "name": "GIER",
          "access": "RW",
          "resetValue": "0x0",
          "description": "Global Interrupt Enable Register",
          "range": "32",
          "fields": [
            {
              "offset": "0",
              "width": "1",
              "name": "Enable",
              "access": "RW",
              "resetValue": "0",
              "description": "Master enable for the device interrupt output to the system interrupt controller: 0 = Disabled, 1 = Enabled"
            },
            {
              "offset": "1",
              "width": "31",
              "name": "RESERVED",
              "access": "R",
              "resetValue": "0",
              "description": "Reserved.  0s on read."
            }
          ]
        },
        {
          "offset": "0x08",
          "name": "IP_IER",
          "access": "RW",
          "resetValue": "0x0",
          "description": "IP Interrupt Enable Register",
          "range": "32",
          "fields": [
            {
              "offset": "0",
              "width": "1",
              "name": "CHAN0_INT_EN",
              "access": "RW",
              "resetValue": "0",
              "description": "Enable Channel 0 (ap_done) Interrupt.  0 = Disabled, 1 = Enabled."
            },
            {
              "offset": "1",
              "width": "1",
              "name": "CHAN1_INT_EN",
              "access": "RW",
              "resetValue": "0",
              "description": "Enable Channel 1 (ap_ready) Interrupt.  0 = Disabled, 1 = Enabled."
            },
            {
              "offset": "2",
              "width": "30",
              "name": "RESERVED",
              "access": "R",
              "resetValue": "0",
              "description": "Reserved.  0s on read."
            }
          ]
        },
        {
          "offset": "0x0c",
          "name": "IP_ISR",
          "access": "RW",
          "resetValue": "0x0",
          "description": "IP Interrupt Status Register",
          "range": "32",
          "fields": [
            {
              "offset": "0",
              "width": "1",
              "name": "CHAN0_INT_ST",
              "access": "RTOW",
              "resetValue": "0",
              "description": "Channel 0 (ap_done) Interrupt Status. 0 = No Channel 0 input interrupt, 1 = Channel 0 input interrup"
            },
            {
              "offset": "1",
              "width": "1",
              "name": "CHAN1_INT_ST",
              "access": "RTOW",
              "resetValue": "0",
              "description": "Channel 1 (ap_ready) Interrupt Status. 0 = No Channel 1 input interrupt, 1 = Channel 1 input interrup"
            },
            {
              "offset": "2",
              "width": "30",
              "name": "RESERVED",
              "access": "R",
              "resetValue": "0",
              "description": "Reserved.  0s on read."
            }
          ]
        },
        {
          "offset": "0x10",
          "name": "input_chunk_1",
          "access": "W",
          "resetValue": "0x0",
          "description": "Data signal of input_chunk",
          "range": "32",
          "fields": [{
              "offset": "0",
              "width": "32",
              "name": "input_chunk",
              "access": "W",
              "resetValue": "0",
              "description": "Bit 31 to 0 of input_chunk"
            }]
        },
        {
          "offset": "0x14",
          "name": "input_chunk_2",
          "access": "W",
          "resetValue": "0x0",
          "description": "Data signal of input_chunk",
          "range": "32",
          "fields": [{
              "offset": "0",
              "width": "32",
              "name": "input_chunk",
              "access": "W",
              "resetValue": "0",
              "description": "Bit 63 to 32 of input_chunk"
            }]
        },
        {
          "offset": "0x1c",
          "name": "chunkSize",
          "access": "W",
          "resetValue": "0x0",
          "description": "Data signal of chunkSize",
          "range": "32",
          "fields": [{
              "offset": "0",
              "width": "32",
              "name": "chunkSize",
              "access": "W",
              "resetValue": "0",
              "description": "Bit 31 to 0 of chunkSize"
            }]
        },
        {
          "offset": "0x24",
          "name": "output_r_1",
          "access": "W",
          "resetValue": "0x0",
          "description": "Data signal of output_r",
          "range": "32",
          "fields": [{
              "offset": "0",
              "width": "32",
              "name": "output_r",
              "access": "W",
              "resetValue": "0",
              "description": "Bit 31 to 0 of output_r"
            }]
        },
        {
          "offset": "0x28",
          "name": "output_r_2",
          "access": "W",
          "resetValue": "0x0",
          "description": "Data signal of output_r",
          "range": "32",
          "fields": [{
              "offset": "0",
              "width": "32",
              "name": "output_r",
              "access": "W",
              "resetValue": "0",
              "description": "Bit 63 to 32 of output_r"
            }]
        }
      ],
      "constraints": [{
          "constraint_type": "pragma interface",
          "mode": "s_axilite",
          "register_option": "0",
          "offset": "16",
          "argName": "input_chunk"
        }]
    }
  },
  "RtlPorts": {
    "s_axi_control_AWVALID": {
      "dir": "in",
      "width": "1"
    },
    "s_axi_control_AWREADY": {
      "dir": "out",
      "width": "1"
    },
    "s_axi_control_AWADDR": {
      "dir": "in",
      "width": "6"
    },
    "s_axi_control_WVALID": {
      "dir": "in",
      "width": "1"
    },
    "s_axi_control_WREADY": {
      "dir": "out",
      "width": "1"
    },
    "s_axi_control_WDATA": {
      "dir": "in",
      "width": "32"
    },
    "s_axi_control_WSTRB": {
      "dir": "in",
      "width": "4"
    },
    "s_axi_control_ARVALID": {
      "dir": "in",
      "width": "1"
    },
    "s_axi_control_ARREADY": {
      "dir": "out",
      "width": "1"
    },
    "s_axi_control_ARADDR": {
      "dir": "in",
      "width": "6"
    },
    "s_axi_control_RVALID": {
      "dir": "out",
      "width": "1"
    },
    "s_axi_control_RREADY": {
      "dir": "in",
      "width": "1"
    },
    "s_axi_control_RDATA": {
      "dir": "out",
      "width": "32"
    },
    "s_axi_control_RRESP": {
      "dir": "out",
      "width": "2"
    },
    "s_axi_control_BVALID": {
      "dir": "out",
      "width": "1"
    },
    "s_axi_control_BREADY": {
      "dir": "in",
      "width": "1"
    },
    "s_axi_control_BRESP": {
      "dir": "out",
      "width": "2"
    },
    "ap_clk": {
      "dir": "in",
      "width": "1"
    },
    "ap_rst_n": {
      "dir": "in",
      "width": "1"
    },
    "interrupt": {
      "dir": "out",
      "width": "1"
    },
    "m_axi_p0_AWVALID": {
      "dir": "out",
      "width": "1"
    },
    "m_axi_p0_AWREADY": {
      "dir": "in",
      "width": "1"
    },
    "m_axi_p0_AWADDR": {
      "dir": "out",
      "width": "64"
    },
    "m_axi_p0_AWID": {
      "dir": "out",
      "width": "1",
      "isVector": "true"
    },
    "m_axi_p0_AWLEN": {
      "dir": "out",
      "width": "8"
    },
    "m_axi_p0_AWSIZE": {
      "dir": "out",
      "width": "3"
    },
    "m_axi_p0_AWBURST": {
      "dir": "out",
      "width": "2"
    },
    "m_axi_p0_AWLOCK": {
      "dir": "out",
      "width": "2"
    },
    "m_axi_p0_AWCACHE": {
      "dir": "out",
      "width": "4"
    },
    "m_axi_p0_AWPROT": {
      "dir": "out",
      "width": "3"
    },
    "m_axi_p0_AWQOS": {
      "dir": "out",
      "width": "4"
    },
    "m_axi_p0_AWREGION": {
      "dir": "out",
      "width": "4"
    },
    "m_axi_p0_AWUSER": {
      "dir": "out",
      "width": "1",
      "isVector": "true"
    },
    "m_axi_p0_WVALID": {
      "dir": "out",
      "width": "1"
    },
    "m_axi_p0_WREADY": {
      "dir": "in",
      "width": "1"
    },
    "m_axi_p0_WDATA": {
      "dir": "out",
      "width": "32"
    },
    "m_axi_p0_WSTRB": {
      "dir": "out",
      "width": "4"
    },
    "m_axi_p0_WLAST": {
      "dir": "out",
      "width": "1"
    },
    "m_axi_p0_WID": {
      "dir": "out",
      "width": "1",
      "isVector": "true"
    },
    "m_axi_p0_WUSER": {
      "dir": "out",
      "width": "1",
      "isVector": "true"
    },
    "m_axi_p0_ARVALID": {
      "dir": "out",
      "width": "1"
    },
    "m_axi_p0_ARREADY": {
      "dir": "in",
      "width": "1"
    },
    "m_axi_p0_ARADDR": {
      "dir": "out",
      "width": "64"
    },
    "m_axi_p0_ARID": {
      "dir": "out",
      "width": "1",
      "isVector": "true"
    },
    "m_axi_p0_ARLEN": {
      "dir": "out",
      "width": "8"
    },
    "m_axi_p0_ARSIZE": {
      "dir": "out",
      "width": "3"
    },
    "m_axi_p0_ARBURST": {
      "dir": "out",
      "width": "2"
    },
    "m_axi_p0_ARLOCK": {
      "dir": "out",
      "width": "2"
    },
    "m_axi_p0_ARCACHE": {
      "dir": "out",
      "width": "4"
    },
    "m_axi_p0_ARPROT": {
      "dir": "out",
      "width": "3"
    },
    "m_axi_p0_ARQOS": {
      "dir": "out",
      "width": "4"
    },
    "m_axi_p0_ARREGION": {
      "dir": "out",
      "width": "4"
    },
    "m_axi_p0_ARUSER": {
      "dir": "out",
      "width": "1",
      "isVector": "true"
    },
    "m_axi_p0_RVALID": {
      "dir": "in",
      "width": "1"
    },
    "m_axi_p0_RREADY": {
      "dir": "out",
      "width": "1"
    },
    "m_axi_p0_RDATA": {
      "dir": "in",
      "width": "32"
    },
    "m_axi_p0_RLAST": {
      "dir": "in",
      "width": "1"
    },
    "m_axi_p0_RID": {
      "dir": "in",
      "width": "1",
      "isVector": "true"
    },
    "m_axi_p0_RUSER": {
      "dir": "in",
      "width": "1",
      "isVector": "true"
    },
    "m_axi_p0_RRESP": {
      "dir": "in",
      "width": "2"
    },
    "m_axi_p0_BVALID": {
      "dir": "in",
      "width": "1"
    },
    "m_axi_p0_BREADY": {
      "dir": "out",
      "width": "1"
    },
    "m_axi_p0_BRESP": {
      "dir": "in",
      "width": "2"
    },
    "m_axi_p0_BID": {
      "dir": "in",
      "width": "1",
      "isVector": "true"
    },
    "m_axi_p0_BUSER": {
      "dir": "in",
      "width": "1",
      "isVector": "true"
    },
    "m_axi_p1_AWVALID": {
      "dir": "out",
      "width": "1"
    },
    "m_axi_p1_AWREADY": {
      "dir": "in",
      "width": "1"
    },
    "m_axi_p1_AWADDR": {
      "dir": "out",
      "width": "64"
    },
    "m_axi_p1_AWID": {
      "dir": "out",
      "width": "1",
      "isVector": "true"
    },
    "m_axi_p1_AWLEN": {
      "dir": "out",
      "width": "8"
    },
    "m_axi_p1_AWSIZE": {
      "dir": "out",
      "width": "3"
    },
    "m_axi_p1_AWBURST": {
      "dir": "out",
      "width": "2"
    },
    "m_axi_p1_AWLOCK": {
      "dir": "out",
      "width": "2"
    },
    "m_axi_p1_AWCACHE": {
      "dir": "out",
      "width": "4"
    },
    "m_axi_p1_AWPROT": {
      "dir": "out",
      "width": "3"
    },
    "m_axi_p1_AWQOS": {
      "dir": "out",
      "width": "4"
    },
    "m_axi_p1_AWREGION": {
      "dir": "out",
      "width": "4"
    },
    "m_axi_p1_AWUSER": {
      "dir": "out",
      "width": "1",
      "isVector": "true"
    },
    "m_axi_p1_WVALID": {
      "dir": "out",
      "width": "1"
    },
    "m_axi_p1_WREADY": {
      "dir": "in",
      "width": "1"
    },
    "m_axi_p1_WDATA": {
      "dir": "out",
      "width": "32"
    },
    "m_axi_p1_WSTRB": {
      "dir": "out",
      "width": "4"
    },
    "m_axi_p1_WLAST": {
      "dir": "out",
      "width": "1"
    },
    "m_axi_p1_WID": {
      "dir": "out",
      "width": "1",
      "isVector": "true"
    },
    "m_axi_p1_WUSER": {
      "dir": "out",
      "width": "1",
      "isVector": "true"
    },
    "m_axi_p1_ARVALID": {
      "dir": "out",
      "width": "1"
    },
    "m_axi_p1_ARREADY": {
      "dir": "in",
      "width": "1"
    },
    "m_axi_p1_ARADDR": {
      "dir": "out",
      "width": "64"
    },
    "m_axi_p1_ARID": {
      "dir": "out",
      "width": "1",
      "isVector": "true"
    },
    "m_axi_p1_ARLEN": {
      "dir": "out",
      "width": "8"
    },
    "m_axi_p1_ARSIZE": {
      "dir": "out",
      "width": "3"
    },
    "m_axi_p1_ARBURST": {
      "dir": "out",
      "width": "2"
    },
    "m_axi_p1_ARLOCK": {
      "dir": "out",
      "width": "2"
    },
    "m_axi_p1_ARCACHE": {
      "dir": "out",
      "width": "4"
    },
    "m_axi_p1_ARPROT": {
      "dir": "out",
      "width": "3"
    },
    "m_axi_p1_ARQOS": {
      "dir": "out",
      "width": "4"
    },
    "m_axi_p1_ARREGION": {
      "dir": "out",
      "width": "4"
    },
    "m_axi_p1_ARUSER": {
      "dir": "out",
      "width": "1",
      "isVector": "true"
    },
    "m_axi_p1_RVALID": {
      "dir": "in",
      "width": "1"
    },
    "m_axi_p1_RREADY": {
      "dir": "out",
      "width": "1"
    },
    "m_axi_p1_RDATA": {
      "dir": "in",
      "width": "32"
    },
    "m_axi_p1_RLAST": {
      "dir": "in",
      "width": "1"
    },
    "m_axi_p1_RID": {
      "dir": "in",
      "width": "1",
      "isVector": "true"
    },
    "m_axi_p1_RUSER": {
      "dir": "in",
      "width": "1",
      "isVector": "true"
    },
    "m_axi_p1_RRESP": {
      "dir": "in",
      "width": "2"
    },
    "m_axi_p1_BVALID": {
      "dir": "in",
      "width": "1"
    },
    "m_axi_p1_BREADY": {
      "dir": "out",
      "width": "1"
    },
    "m_axi_p1_BRESP": {
      "dir": "in",
      "width": "2"
    },
    "m_axi_p1_BID": {
      "dir": "in",
      "width": "1",
      "isVector": "true"
    },
    "m_axi_p1_BUSER": {
      "dir": "in",
      "width": "1",
      "isVector": "true"
    }
  },
  "ModuleInfo": {
    "Hierarchy": {
      "ModuleName": "lzw_hw_streams",
      "Instances": [
        {
          "ModuleName": "lzw_hw_compute",
          "InstanceName": "lzw_hw_compute_U0",
          "Instances": [{
              "ModuleName": "put",
              "InstanceName": "grp_put_fu_1955"
            }]
        },
        {
          "ModuleName": "lzw_hw_store",
          "InstanceName": "lzw_hw_store_U0"
        },
        {
          "ModuleName": "lzw_hw_bitpack",
          "InstanceName": "lzw_hw_bitpack_U0"
        },
        {
          "ModuleName": "lzw_hw_load5",
          "InstanceName": "lzw_hw_load5_U0"
        }
      ]
    },
    "Info": {
      "lzw_hw_load5": {
        "FunctionProtocol": "ap_ctrl_hs",
        "isTaskLevelControl": "0",
        "isPipelined": "0",
        "isCombinational": "0",
        "isOneStateSeq": "0"
      },
      "put": {
        "FunctionProtocol": "ap_ctrl_hs",
        "isTaskLevelControl": "0",
        "isPipelined": "0",
        "isCombinational": "0",
        "isOneStateSeq": "0"
      },
      "lzw_hw_compute": {
        "FunctionProtocol": "ap_ctrl_hs",
        "isTaskLevelControl": "0",
        "isPipelined": "0",
        "isCombinational": "0",
        "isOneStateSeq": "0"
      },
      "lzw_hw_bitpack": {
        "FunctionProtocol": "ap_ctrl_hs",
        "isTaskLevelControl": "0",
        "isPipelined": "0",
        "isCombinational": "0",
        "isOneStateSeq": "0"
      },
      "lzw_hw_store": {
        "FunctionProtocol": "ap_ctrl_hs",
        "isTaskLevelControl": "0",
        "isPipelined": "0",
        "isCombinational": "0",
        "isOneStateSeq": "0"
      },
      "lzw_hw_streams": {
        "FunctionProtocol": "ap_ctrl_chain",
        "isTaskLevelControl": "0",
        "isPipelined": "1",
        "isCombinational": "0",
        "isOneStateSeq": "0"
      }
    },
    "Metrics": {
      "lzw_hw_load5": {
        "Latency": {
          "LatencyBest": "2",
          "LatencyAvg": "",
          "LatencyWorst": "",
          "PipelineIIMin": "2",
          "PipelineIIMax": "-1",
          "PipelineII": "2 ~ -1",
          "PipelineDepth": "",
          "PipelineType": "none"
        },
        "Timing": {
          "Target": "6.67",
          "Uncertainty": "1.80",
          "Estimate": "4.867"
        },
        "Loops": [{
            "Name": "VITIS_LOOP_93_1",
            "TripCount": "",
            "LatencyMin": "2",
            "LatencyMax": "?",
            "Latency": "2 ~ ?",
            "PipelineII": "1",
            "PipelineDepth": "3"
          }],
        "Area": {
          "FF": "151",
          "AVAIL_FF": "141120",
          "UTIL_FF": "~0",
          "LUT": "570",
          "AVAIL_LUT": "70560",
          "UTIL_LUT": "~0",
          "BRAM_18K": "0",
          "AVAIL_BRAM": "432",
          "UTIL_BRAM": "0",
          "DSP": "0",
          "AVAIL_DSP": "360",
          "UTIL_DSP": "0",
          "URAM": "0",
          "AVAIL_URAM": "0",
          "UTIL_URAM": "0"
        }
      },
      "put": {
        "Latency": {
          "LatencyBest": "5",
          "LatencyAvg": "5",
          "LatencyWorst": "5",
          "PipelineII": "6",
          "PipelineDepth": "6",
          "PipelineType": "yes"
        },
        "Timing": {
          "Target": "6.67",
          "Uncertainty": "1.80",
          "Estimate": "4.275"
        },
        "Area": {
          "FF": "284",
          "AVAIL_FF": "141120",
          "UTIL_FF": "~0",
          "LUT": "638",
          "AVAIL_LUT": "70560",
          "UTIL_LUT": "~0",
          "BRAM_18K": "0",
          "AVAIL_BRAM": "432",
          "UTIL_BRAM": "0",
          "DSP": "0",
          "AVAIL_DSP": "360",
          "UTIL_DSP": "0",
          "URAM": "0",
          "AVAIL_URAM": "0",
          "UTIL_URAM": "0"
        }
      },
      "lzw_hw_compute": {
        "Latency": {
          "LatencyBest": "",
          "LatencyAvg": "",
          "LatencyWorst": "",
          "PipelineII": "",
          "PipelineDepth": "",
          "PipelineType": "none"
        },
        "Timing": {
          "Target": "6.67",
          "Uncertainty": "1.80",
          "Estimate": "4.867"
        },
        "Loops": [
          {
            "Name": "VITIS_LOOP_42_1",
            "TripCount": "2048",
            "Latency": "4096",
            "PipelineII": "2",
            "PipelineDepth": "2"
          },
          {
            "Name": "VITIS_LOOP_26_1",
            "TripCount": "",
            "LatencyMin": "3",
            "LatencyMax": "9",
            "Latency": "3 ~ 9",
            "PipelineII": "2",
            "PipelineDepth": "2"
          },
          {
            "Name": "VITIS_LOOP_65_4",
            "TripCount": "",
            "Latency": "",
            "PipelineII": "10",
            "PipelineDepth": "11"
          },
          {
            "Name": "VITIS_LOOP_26_1",
            "TripCount": "",
            "LatencyMin": "3",
            "LatencyMax": "9",
            "Latency": "3 ~ 9",
            "PipelineII": "2",
            "PipelineDepth": "2"
          }
        ],
        "Area": {
          "BRAM_18K": "128",
          "AVAIL_BRAM": "432",
          "UTIL_BRAM": "29",
          "FF": "2909",
          "AVAIL_FF": "141120",
          "UTIL_FF": "2",
          "LUT": "7969",
          "AVAIL_LUT": "70560",
          "UTIL_LUT": "11",
          "DSP": "0",
          "AVAIL_DSP": "360",
          "UTIL_DSP": "0",
          "URAM": "0",
          "AVAIL_URAM": "0",
          "UTIL_URAM": "0"
        }
      },
      "lzw_hw_bitpack": {
        "Latency": {
          "LatencyBest": "7",
          "LatencyAvg": "8198",
          "LatencyWorst": "16390",
          "PipelineIIMin": "7",
          "PipelineIIMax": "16390",
          "PipelineII": "7 ~ 16390",
          "PipelineDepth": "",
          "PipelineType": "none"
        },
        "Timing": {
          "Target": "6.67",
          "Uncertainty": "1.80",
          "Estimate": "3.301"
        },
        "Loops": [{
            "Name": "VITIS_LOOP_104_1",
            "TripCount": "",
            "LatencyMin": "4",
            "LatencyMax": "16386",
            "Latency": "4 ~ 16386",
            "PipelineII": "2",
            "PipelineDepth": "3"
          }],
        "Area": {
          "FF": "101",
          "AVAIL_FF": "141120",
          "UTIL_FF": "~0",
          "LUT": "376",
          "AVAIL_LUT": "70560",
          "UTIL_LUT": "~0",
          "BRAM_18K": "0",
          "AVAIL_BRAM": "432",
          "UTIL_BRAM": "0",
          "DSP": "0",
          "AVAIL_DSP": "360",
          "UTIL_DSP": "0",
          "URAM": "0",
          "AVAIL_URAM": "0",
          "UTIL_URAM": "0"
        }
      },
      "lzw_hw_store": {
        "Latency": {
          "LatencyBest": "141",
          "LatencyAvg": "6796",
          "LatencyWorst": "13452",
          "PipelineIIMin": "141",
          "PipelineIIMax": "13452",
          "PipelineII": "141 ~ 13452",
          "PipelineDepth": "",
          "PipelineType": "none"
        },
        "Timing": {
          "Target": "6.67",
          "Uncertainty": "1.80",
          "Estimate": "4.867"
        },
        "Loops": [{
            "Name": "VITIS_LOOP_184_1",
            "TripCount": "",
            "LatencyMin": "70",
            "LatencyMax": "13381",
            "Latency": "70 ~ 13381",
            "PipelineII": "1",
            "PipelineDepth": "71"
          }],
        "Area": {
          "FF": "492",
          "AVAIL_FF": "141120",
          "UTIL_FF": "~0",
          "LUT": "864",
          "AVAIL_LUT": "70560",
          "UTIL_LUT": "1",
          "BRAM_18K": "0",
          "AVAIL_BRAM": "432",
          "UTIL_BRAM": "0",
          "DSP": "0",
          "AVAIL_DSP": "360",
          "UTIL_DSP": "0",
          "URAM": "0",
          "AVAIL_URAM": "0",
          "UTIL_URAM": "0"
        }
      },
      "lzw_hw_streams": {
        "Latency": {
          "LatencyBest": "",
          "LatencyAvg": "",
          "LatencyWorst": "",
          "PipelineII": "",
          "PipelineDepth": "",
          "PipelineType": "dataflow"
        },
        "Timing": {
          "Target": "6.67",
          "Uncertainty": "1.80",
          "Estimate": "4.867"
        },
        "Area": {
          "BRAM_18K": "158",
          "AVAIL_BRAM": "432",
          "UTIL_BRAM": "36",
          "FF": "5617",
          "AVAIL_FF": "141120",
          "UTIL_FF": "3",
          "LUT": "11746",
          "AVAIL_LUT": "70560",
          "UTIL_LUT": "16",
          "DSP": "0",
          "AVAIL_DSP": "360",
          "UTIL_DSP": "0",
          "URAM": "0",
          "AVAIL_URAM": "0",
          "UTIL_URAM": "0"
        }
      }
    }
  },
  "GenerateBdFiles": "0",
  "GenData": {
    "DataVersion": "0.2",
    "Time": "2022-12-01 13:13:12 EST",
    "ToolName": "vivado_hls",
    "ToolVersion": "2020.2"
  }
}
