<?xml version="1.0" encoding="utf-8"?>
<xd:acceleratorMap xmlns:xd="http://www.xilinx.com/xidane" xd:functionName="lzw_hw_streams" xd:componentRef="lzw_hw_streams" xd:initiationInterval="x" xd:clockPeriod="6.667" xd:sequential="true" xd:hostMachine="64" xd:reset="control">
  <xd:controlReg xd:name="control" xd:interfaceRef="s_axi_control" xd:busTypeRef="axilite" xd:type="generic_axi_lite" xd:offset="0x0"/>
  <xd:arg xd:name="*(input_chunk)" xd:originalName="input_chunk" xd:direction="inout" xd:interfaceRef="m_axi_p0" xd:busTypeRef="aximm" xd:dataWidth="1" xd:bufferDirection="in"/>
  <xd:arg xd:name="*(output)" xd:originalName="output" xd:direction="inout" xd:interfaceRef="m_axi_p1" xd:busTypeRef="aximm" xd:dataWidth="1" xd:bufferDirection="out"/>
  <xd:arg xd:name="input_chunk" xd:originalName="input_chunk" xd:direction="in" xd:interfaceRef="s_axi_control" xd:busTypeRef="axilite" xd:aximmInterfaceRef="m_axi_p0" xd:dataWidth="64" xd:offset="0x10" xd:handshakeRef="ap_none"/>
  <xd:arg xd:name="chunkSize" xd:originalName="chunkSize" xd:direction="in" xd:interfaceRef="s_axi_control" xd:busTypeRef="axilite" xd:dataWidth="1" xd:offset="0x1C" xd:handshakeRef="ap_none"/>
  <xd:arg xd:name="output_r" xd:originalName="output_r" xd:direction="in" xd:interfaceRef="s_axi_control" xd:busTypeRef="axilite" xd:aximmInterfaceRef="m_axi_p1" xd:dataWidth="64" xd:offset="0x24" xd:handshakeRef="ap_none"/>
  <xd:latencyEstimates xd:best-case="undef" xd:worst-case="undef" xd:average-case="undef"/>
  <xd:resourceEstimates xd:LUT="11746" xd:FF="5617" xd:BRAM="158" xd:DSP="0"/>
</xd:acceleratorMap>
