<?xml version="1.0" encoding="utf-8"?>
<Messages>
	<Message severity="INFO" prefix="[HLS 200-111]" key="HLS_111_966" tag="RUNTIME" content="Finished File checks and directory preparation: CPU user time: 0 seconds. CPU system time: 0 seconds. Elapsed time: 0.01 seconds; current allocated memory: 208.274 MB." resolution=""/>
	<Message severity="INFO" prefix="[HLS 200-10]" key="HLS_10_1312" tag="" content="Analyzing design file &apos;LZW/lzw_hw.cpp&apos; ..." resolution=""/>
	<Message severity="INFO" prefix="[HLS 200-10]" key="HLS_10_1312" tag="" content="Analyzing design file &apos;LZW/lzw.cpp&apos; ..." resolution=""/>
	<Message severity="INFO" prefix="[HLS 200-10]" key="HLS_10_1312" tag="" content="Analyzing design file &apos;LZW/hashtable.cpp&apos; ..." resolution=""/>
	<Message severity="INFO" prefix="[HLS 200-111]" key="HLS_111_966" tag="RUNTIME" content="Finished Source Code Analysis and Preprocessing: CPU user time: 1.02 seconds. CPU system time: 0.62 seconds. Elapsed time: 5.51 seconds; current allocated memory: 209.831 MB." resolution=""/>
	<Message severity="INFO" prefix="[HLS 200-777]" key="HLS 200-777" tag="" content="Using interface defaults for &apos;Vitis&apos; flow target." resolution=""/>
	<Message severity="INFO" prefix="[HLS 214-131]" key="HLS 214-131" tag="" content="Inlining function &apos;hls::stream&lt;unsigned char, 0&gt;::stream()&apos; into &apos;hls::stream&lt;unsigned char, 8192&gt;::stream()&apos; (/mnt/pollux/software/xilinx/2020.2/Vitis_HLS/2020.2/common/technology/autopilot/hls_stream_39.h:195:43)" resolution=""/>
	<Message severity="INFO" prefix="[HLS 214-131]" key="HLS 214-131" tag="" content="Inlining function &apos;hls::stream&lt;unsigned short, 0&gt;::stream()&apos; into &apos;hls::stream&lt;unsigned short, 8192&gt;::stream()&apos; (/mnt/pollux/software/xilinx/2020.2/Vitis_HLS/2020.2/common/technology/autopilot/hls_stream_39.h:195:43)" resolution=""/>
	<Message severity="INFO" prefix="[HLS 214-131]" key="HLS 214-131" tag="" content="Inlining function &apos;hls::stream&lt;unsigned short, 0&gt;::stream()&apos; into &apos;hls::stream&lt;unsigned short, 13316&gt;::stream()&apos; (/mnt/pollux/software/xilinx/2020.2/Vitis_HLS/2020.2/common/technology/autopilot/hls_stream_39.h:195:43)" resolution=""/>
	<Message severity="INFO" prefix="[HLS 214-131]" key="HLS 214-131" tag="" content="Inlining function &apos;hls::stream&lt;unsigned char, 0&gt;::write(unsigned char const&amp;)&apos; into &apos;lzw_hw_load(unsigned char*, int, hls::stream&lt;unsigned char, 0&gt;&amp;)&apos; (LZW/lzw_hw.cpp:94:12)" resolution=""/>
	<Message severity="INFO" prefix="[HLS 214-131]" key="HLS 214-131" tag="" content="Inlining function &apos;hls::stream&lt;unsigned char, 0&gt;::read(unsigned char&amp;)&apos; into &apos;hls::stream&lt;unsigned char, 0&gt;::read()&apos; (/mnt/pollux/software/xilinx/2020.2/Vitis_HLS/2020.2/common/technology/autopilot/hls_stream_39.h:156:9)" resolution=""/>
	<Message severity="INFO" prefix="[HLS 214-131]" key="HLS 214-131" tag="" content="Inlining function &apos;hls::stream&lt;unsigned char, 0&gt;::read()&apos; into &apos;lzw_hw_compute(hls::stream&lt;unsigned char, 0&gt;&amp;, int, hls::stream&lt;unsigned short, 0&gt;&amp;)&apos; (LZW/lzw_hw.cpp:59:35)" resolution=""/>
	<Message severity="INFO" prefix="[HLS 214-131]" key="HLS 214-131" tag="" content="Inlining function &apos;hls::stream&lt;unsigned short, 0&gt;::write(unsigned short const&amp;)&apos; into &apos;lzw_hw_compute(hls::stream&lt;unsigned char, 0&gt;&amp;, int, hls::stream&lt;unsigned short, 0&gt;&amp;)&apos; (LZW/lzw_hw.cpp:89:15)" resolution=""/>
	<Message severity="INFO" prefix="[HLS 214-131]" key="HLS 214-131" tag="" content="Inlining function &apos;hls::stream&lt;unsigned short, 0&gt;::write(unsigned short const&amp;)&apos; into &apos;lzw_hw_compute(hls::stream&lt;unsigned char, 0&gt;&amp;, int, hls::stream&lt;unsigned short, 0&gt;&amp;)&apos; (LZW/lzw_hw.cpp:85:19)" resolution=""/>
	<Message severity="INFO" prefix="[HLS 214-131]" key="HLS 214-131" tag="" content="Inlining function &apos;hls::stream&lt;unsigned char, 0&gt;::read()&apos; into &apos;lzw_hw_compute(hls::stream&lt;unsigned char, 0&gt;&amp;, int, hls::stream&lt;unsigned short, 0&gt;&amp;)&apos; (LZW/lzw_hw.cpp:66:30)" resolution=""/>
	<Message severity="INFO" prefix="[HLS 214-131]" key="HLS 214-131" tag="" content="Inlining function &apos;hls::stream&lt;unsigned short, 0&gt;::write(unsigned short const&amp;)&apos; into &apos;lzw_hw_compute(hls::stream&lt;unsigned char, 0&gt;&amp;, int, hls::stream&lt;unsigned short, 0&gt;&amp;)&apos; (LZW/lzw_hw.cpp:73:23)" resolution=""/>
	<Message severity="INFO" prefix="[HLS 214-131]" key="HLS 214-131" tag="" content="Inlining function &apos;hls::stream&lt;unsigned short, 0&gt;::read(unsigned short&amp;)&apos; into &apos;hls::stream&lt;unsigned short, 0&gt;::read()&apos; (/mnt/pollux/software/xilinx/2020.2/Vitis_HLS/2020.2/common/technology/autopilot/hls_stream_39.h:156:9)" resolution=""/>
	<Message severity="INFO" prefix="[HLS 214-131]" key="HLS 214-131" tag="" content="Inlining function &apos;hls::stream&lt;unsigned short, 0&gt;::read()&apos; into &apos;lzw_hw_bitpack(hls::stream&lt;unsigned short, 0&gt;&amp;, hls::stream&lt;unsigned short, 0&gt;&amp;)&apos; (LZW/lzw_hw.cpp:100:28)" resolution=""/>
	<Message severity="INFO" prefix="[HLS 214-131]" key="HLS 214-131" tag="" content="Inlining function &apos;hls::stream&lt;unsigned short, 0&gt;::write(unsigned short const&amp;)&apos; into &apos;lzw_hw_bitpack(hls::stream&lt;unsigned short, 0&gt;&amp;, hls::stream&lt;unsigned short, 0&gt;&amp;)&apos; (LZW/lzw_hw.cpp:178:12)" resolution=""/>
	<Message severity="INFO" prefix="[HLS 214-131]" key="HLS 214-131" tag="" content="Inlining function &apos;hls::stream&lt;unsigned short, 0&gt;::write(unsigned short const&amp;)&apos; into &apos;lzw_hw_bitpack(hls::stream&lt;unsigned short, 0&gt;&amp;, hls::stream&lt;unsigned short, 0&gt;&amp;)&apos; (LZW/lzw_hw.cpp:175:13)" resolution=""/>
	<Message severity="INFO" prefix="[HLS 214-131]" key="HLS 214-131" tag="" content="Inlining function &apos;hls::stream&lt;unsigned short, 0&gt;::read()&apos; into &apos;lzw_hw_bitpack(hls::stream&lt;unsigned short, 0&gt;&amp;, hls::stream&lt;unsigned short, 0&gt;&amp;)&apos; (LZW/lzw_hw.cpp:168:24)" resolution=""/>
	<Message severity="INFO" prefix="[HLS 214-131]" key="HLS 214-131" tag="" content="Inlining function &apos;hls::stream&lt;unsigned short, 0&gt;::write(unsigned short const&amp;)&apos; into &apos;lzw_hw_bitpack(hls::stream&lt;unsigned short, 0&gt;&amp;, hls::stream&lt;unsigned short, 0&gt;&amp;)&apos; (LZW/lzw_hw.cpp:164:15)" resolution=""/>
	<Message severity="INFO" prefix="[HLS 214-131]" key="HLS 214-131" tag="" content="Inlining function &apos;hls::stream&lt;unsigned short, 0&gt;::write(unsigned short const&amp;)&apos; into &apos;lzw_hw_bitpack(hls::stream&lt;unsigned short, 0&gt;&amp;, hls::stream&lt;unsigned short, 0&gt;&amp;)&apos; (LZW/lzw_hw.cpp:163:15)" resolution=""/>
	<Message severity="INFO" prefix="[HLS 214-131]" key="HLS 214-131" tag="" content="Inlining function &apos;hls::stream&lt;unsigned short, 0&gt;::write(unsigned short const&amp;)&apos; into &apos;lzw_hw_bitpack(hls::stream&lt;unsigned short, 0&gt;&amp;, hls::stream&lt;unsigned short, 0&gt;&amp;)&apos; (LZW/lzw_hw.cpp:157:18)" resolution=""/>
	<Message severity="INFO" prefix="[HLS 214-131]" key="HLS 214-131" tag="" content="Inlining function &apos;hls::stream&lt;unsigned short, 0&gt;::write(unsigned short const&amp;)&apos; into &apos;lzw_hw_bitpack(hls::stream&lt;unsigned short, 0&gt;&amp;, hls::stream&lt;unsigned short, 0&gt;&amp;)&apos; (LZW/lzw_hw.cpp:156:18)" resolution=""/>
	<Message severity="INFO" prefix="[HLS 214-131]" key="HLS 214-131" tag="" content="Inlining function &apos;hls::stream&lt;unsigned short, 0&gt;::write(unsigned short const&amp;)&apos; into &apos;lzw_hw_bitpack(hls::stream&lt;unsigned short, 0&gt;&amp;, hls::stream&lt;unsigned short, 0&gt;&amp;)&apos; (LZW/lzw_hw.cpp:149:18)" resolution=""/>
	<Message severity="INFO" prefix="[HLS 214-131]" key="HLS 214-131" tag="" content="Inlining function &apos;hls::stream&lt;unsigned short, 0&gt;::write(unsigned short const&amp;)&apos; into &apos;lzw_hw_bitpack(hls::stream&lt;unsigned short, 0&gt;&amp;, hls::stream&lt;unsigned short, 0&gt;&amp;)&apos; (LZW/lzw_hw.cpp:142:18)" resolution=""/>
	<Message severity="INFO" prefix="[HLS 214-131]" key="HLS 214-131" tag="" content="Inlining function &apos;hls::stream&lt;unsigned short, 0&gt;::write(unsigned short const&amp;)&apos; into &apos;lzw_hw_bitpack(hls::stream&lt;unsigned short, 0&gt;&amp;, hls::stream&lt;unsigned short, 0&gt;&amp;)&apos; (LZW/lzw_hw.cpp:141:18)" resolution=""/>
	<Message severity="INFO" prefix="[HLS 214-131]" key="HLS 214-131" tag="" content="Inlining function &apos;hls::stream&lt;unsigned short, 0&gt;::write(unsigned short const&amp;)&apos; into &apos;lzw_hw_bitpack(hls::stream&lt;unsigned short, 0&gt;&amp;, hls::stream&lt;unsigned short, 0&gt;&amp;)&apos; (LZW/lzw_hw.cpp:134:18)" resolution=""/>
	<Message severity="INFO" prefix="[HLS 214-131]" key="HLS 214-131" tag="" content="Inlining function &apos;hls::stream&lt;unsigned short, 0&gt;::write(unsigned short const&amp;)&apos; into &apos;lzw_hw_bitpack(hls::stream&lt;unsigned short, 0&gt;&amp;, hls::stream&lt;unsigned short, 0&gt;&amp;)&apos; (LZW/lzw_hw.cpp:133:18)" resolution=""/>
	<Message severity="INFO" prefix="[HLS 214-131]" key="HLS 214-131" tag="" content="Inlining function &apos;hls::stream&lt;unsigned short, 0&gt;::write(unsigned short const&amp;)&apos; into &apos;lzw_hw_bitpack(hls::stream&lt;unsigned short, 0&gt;&amp;, hls::stream&lt;unsigned short, 0&gt;&amp;)&apos; (LZW/lzw_hw.cpp:126:18)" resolution=""/>
	<Message severity="INFO" prefix="[HLS 214-131]" key="HLS 214-131" tag="" content="Inlining function &apos;hls::stream&lt;unsigned short, 0&gt;::write(unsigned short const&amp;)&apos; into &apos;lzw_hw_bitpack(hls::stream&lt;unsigned short, 0&gt;&amp;, hls::stream&lt;unsigned short, 0&gt;&amp;)&apos; (LZW/lzw_hw.cpp:119:18)" resolution=""/>
	<Message severity="INFO" prefix="[HLS 214-131]" key="HLS 214-131" tag="" content="Inlining function &apos;hls::stream&lt;unsigned short, 0&gt;::write(unsigned short const&amp;)&apos; into &apos;lzw_hw_bitpack(hls::stream&lt;unsigned short, 0&gt;&amp;, hls::stream&lt;unsigned short, 0&gt;&amp;)&apos; (LZW/lzw_hw.cpp:118:18)" resolution=""/>
	<Message severity="INFO" prefix="[HLS 214-131]" key="HLS 214-131" tag="" content="Inlining function &apos;hls::stream&lt;unsigned short, 0&gt;::write(unsigned short const&amp;)&apos; into &apos;lzw_hw_bitpack(hls::stream&lt;unsigned short, 0&gt;&amp;, hls::stream&lt;unsigned short, 0&gt;&amp;)&apos; (LZW/lzw_hw.cpp:111:18)" resolution=""/>
	<Message severity="INFO" prefix="[HLS 214-131]" key="HLS 214-131" tag="" content="Inlining function &apos;hls::stream&lt;unsigned short, 0&gt;::read()&apos; into &apos;lzw_hw_store(hls::stream&lt;unsigned short, 0&gt;&amp;, unsigned char*)&apos; (LZW/lzw_hw.cpp:185:20)" resolution=""/>
	<Message severity="INFO" prefix="[HLS 214-131]" key="HLS 214-131" tag="" content="Inlining function &apos;hls::stream&lt;unsigned char, 8192&gt;::stream()&apos; into &apos;lzw_hw_streams(unsigned char*, int, unsigned char*)&apos; (LZW/lzw_hw.cpp:203:35)" resolution=""/>
	<Message severity="INFO" prefix="[HLS 214-131]" key="HLS 214-131" tag="" content="Inlining function &apos;hls::stream&lt;unsigned short, 8192&gt;::stream()&apos; into &apos;lzw_hw_streams(unsigned char*, int, unsigned char*)&apos; (LZW/lzw_hw.cpp:204:32)" resolution=""/>
	<Message severity="INFO" prefix="[HLS 214-131]" key="HLS 214-131" tag="" content="Inlining function &apos;hls::stream&lt;unsigned short, 13316&gt;::stream()&apos; into &apos;lzw_hw_streams(unsigned char*, int, unsigned char*)&apos; (LZW/lzw_hw.cpp:205:33)" resolution=""/>
	<Message severity="INFO" prefix="[HLS 214-186]" key="HLS 214-186" tag="" content="Unrolling loop &apos;VITIS_LOOP_52_3&apos; (LZW/lzw_hw.cpp:52:22) in function &apos;lzw_hw_compute&apos; completely with a factor of 256 (LZW/lzw_hw.cpp:52:22)" resolution=""/>
	<Message severity="INFO" prefix="[HLS 214-188]" key="HLS 214-188" tag="" content="Unrolling loop &apos;VITIS_LOOP_42_1&apos; (LZW/lzw_hw.cpp:42:19) in function &apos;lzw_hw_compute&apos; partially with a factor of 8 (LZW/lzw_hw.cpp:42:19)" resolution=""/>
	<Message severity="INFO" prefix="[HLS 214-178]" key="HLS 214-178" tag="" content="Inlining function &apos;get(unsigned long (*) [4], unsigned short, unsigned char)&apos; into &apos;lzw_hw_compute(hls::stream&lt;unsigned char, 0&gt;&amp;, int, hls::stream&lt;unsigned short, 0&gt;&amp;)&apos; (LZW/lzw_hw.cpp:34:0)" resolution=""/>
	<Message severity="INFO" prefix="[HLS 214-115]" key="HLS 214-115" tag="VITIS_INTERFACE" content="Multiple burst reads of variable length and bit width 8 in loop &apos;VITIS_LOOP_93_1&apos;(LZW/lzw_hw.cpp:93:19) has been inferred on port &apos;p0&apos; (LZW/lzw_hw.cpp:93:19)" resolution=""/>
	<Message severity="INFO" prefix="[HLS 200-111]" key="HLS_111_966" tag="RUNTIME" content="Finished Compiling Optimization and Transform: CPU user time: 3.71 seconds. CPU system time: 0.49 seconds. Elapsed time: 6.27 seconds; current allocated memory: 211.913 MB." resolution=""/>
	<Message severity="INFO" prefix="[HLS 200-111]" key="HLS_111_966" tag="RUNTIME" content="Finished Checking Pragmas: CPU user time: 0 seconds. CPU system time: 0 seconds. Elapsed time: 0 seconds; current allocated memory: 211.915 MB." resolution=""/>
	<Message severity="INFO" prefix="[HLS 200-10]" key="HLS_10_1467" tag="" content="Starting code transformations ..." resolution=""/>
	<Message severity="INFO" prefix="[HLS 200-111]" key="HLS_111_966" tag="RUNTIME" content="Finished Standard Transforms: CPU user time: 0.15 seconds. CPU system time: 0.02 seconds. Elapsed time: 0.45 seconds; current allocated memory: 214.071 MB." resolution=""/>
	<Message severity="INFO" prefix="[HLS 200-10]" key="HLS_10_1472" tag="" content="Checking synthesizability ..." resolution=""/>
	<Message severity="INFO" prefix="[HLS 200-111]" key="HLS_111_966" tag="RUNTIME" content="Finished Checking Synthesizability: CPU user time: 0.2 seconds. CPU system time: 0 seconds. Elapsed time: 0.22 seconds; current allocated memory: 213.975 MB." resolution=""/>
	<Message severity="INFO" prefix="[XFORM 203-510]" key="XFORM_AUTO_PIPELINE_STATUS_244" tag="" content="Pipelining loop &apos;VITIS_LOOP_42_1&apos; (LZW/lzw_hw.cpp:42) in function &apos;lzw_hw_compute&apos; automatically." resolution=""/>
	<Message severity="INFO" prefix="[XFORM 203-510]" key="XFORM_AUTO_PIPELINE_STATUS_244" tag="" content="Pipelining loop &apos;VITIS_LOOP_26_1&apos; (LZW/lzw_hw.cpp:26) in function &apos;lzw_hw_compute&apos; automatically." resolution=""/>
	<Message severity="INFO" prefix="[XFORM 203-510]" key="XFORM_AUTO_PIPELINE_STATUS_244" tag="" content="Pipelining loop &apos;VITIS_LOOP_65_4&apos; (LZW/lzw_hw.cpp:61) in function &apos;lzw_hw_compute&apos; automatically." resolution=""/>
	<Message severity="INFO" prefix="[XFORM 203-510]" key="XFORM_AUTO_PIPELINE_STATUS_244" tag="" content="Pipelining loop &apos;VITIS_LOOP_26_1&apos; (LZW/lzw_hw.cpp:26) in function &apos;lzw_hw_compute&apos; automatically." resolution=""/>
	<Message severity="INFO" prefix="[XFORM 203-510]" key="XFORM_AUTO_PIPELINE_STATUS_244" tag="" content="Pipelining loop &apos;VITIS_LOOP_93_1&apos; (LZW/lzw_hw.cpp:93) in function &apos;lzw_hw_load&apos; automatically." resolution=""/>
	<Message severity="INFO" prefix="[XFORM 203-510]" key="XFORM_AUTO_PIPELINE_STATUS_244" tag="" content="Pipelining loop &apos;VITIS_LOOP_184_1&apos; (/mnt/pollux/software/xilinx/2020.2/Vitis_HLS/2020.2/common/technology/autopilot/hls_stream_39.h:0) in function &apos;lzw_hw_store&apos; automatically." resolution=""/>
	<Message severity="INFO" prefix="[XFORM 203-502]" key="XFORM_AUTO_UNROLL_STATUS_246" tag="" content="Unrolling all sub-loops inside loop &apos;VITIS_LOOP_42_1&apos; (LZW/lzw_hw.cpp:42) in function &apos;lzw_hw_compute&apos; for pipelining." resolution=""/>
	<Message severity="INFO" prefix="[XFORM 203-502]" key="XFORM_AUTO_UNROLL_STATUS_246" tag="" content="Unrolling all sub-loops inside loop &apos;VITIS_LOOP_65_4&apos; (LZW/lzw_hw.cpp:61) in function &apos;lzw_hw_compute&apos; for pipelining." resolution=""/>
	<Message severity="INFO" prefix="[XFORM 203-502]" key="XFORM_AUTO_UNROLL_STATUS_250" tag="" content="Unrolling all loops for pipelining in function &apos;put&apos; (LZW/lzw_hw.cpp:11)." resolution=""/>
	<Message severity="INFO" prefix="[HLS 200-489]" key="HLS 200-489" tag="" content="Unrolling loop &apos;VITIS_LOOP_44_2&apos; (LZW/lzw_hw.cpp:44) in function &apos;lzw_hw_compute&apos; completely with a factor of 4." resolution=""/>
	<Message severity="INFO" prefix="[HLS 200-489]" key="HLS 200-489" tag="" content="Unrolling loop &apos;VITIS_LOOP_26_1&apos; (LZW/lzw_hw.cpp:26) in function &apos;lzw_hw_compute&apos; completely with a factor of 4." resolution=""/>
	<Message severity="INFO" prefix="[HLS 200-489]" key="HLS 200-489" tag="" content="Unrolling loop &apos;VITIS_LOOP_15_1&apos; (LZW/lzw_hw.cpp:15) in function &apos;put&apos; completely with a factor of 4." resolution=""/>
	<Message severity="INFO" prefix="[XFORM 203-101]" key="XFORM_PARTITION_STATUS_109" tag="" content="Partitioning array &apos;hash_table&apos; (LZW/lzw_hw.cpp:38) in dimension 1 with a cyclic factor 8." resolution=""/>
	<Message severity="INFO" prefix="[XFORM 203-712]" key="XFORM_DATAFLOW_TRANSFORM_230" tag="DATAFLOW" content="Applying dataflow to function &apos;lzw_hw_streams&apos; (LZW/lzw_hw.cpp:200), detected/extracted 4 process function(s): 
	 &apos;lzw_hw_load5&apos;
	 &apos;lzw_hw_compute&apos;
	 &apos;lzw_hw_bitpack&apos;
	 &apos;lzw_hw_store&apos;." resolution=""/>
	<Message severity="INFO" prefix="[XFORM 203-401]" key="XFORM_IFCONV_STATUS_239" tag="" content="Performing if-conversion on hyperblock from (LZW/lzw_hw.cpp:61:14) to (LZW/lzw_hw.cpp:68:13) in function &apos;lzw_hw_compute&apos;... converting 6 basic blocks." resolution=""/>
	<Message severity="INFO" prefix="[HLS 200-111]" key="HLS_111_966" tag="RUNTIME" content="Finished Loop, function and other optimizations: CPU user time: 1.16 seconds. CPU system time: 0 seconds. Elapsed time: 1.27 seconds; current allocated memory: 236.804 MB." resolution=""/>
	<Message severity="INFO" prefix="[HLS 200-472]" key="HLS 200-472" tag="" content="Inferring partial write operation for &apos;hash_table[0]&apos; (LZW/lzw_hw.cpp:17:33)" resolution=""/>
	<Message severity="INFO" prefix="[HLS 200-472]" key="HLS 200-472" tag="" content="Inferring partial write operation for &apos;hash_table[0]&apos; (LZW/lzw_hw.cpp:45:30)" resolution=""/>
	<Message severity="INFO" prefix="[HLS 200-111]" key="HLS_111_966" tag="RUNTIME" content="Finished Architecture Synthesis: CPU user time: 2.89 seconds. CPU system time: 0.04 seconds. Elapsed time: 2.98 seconds; current allocated memory: 326.982 MB." resolution=""/>
	<Message severity="INFO" prefix="[HLS 200-10]" key="HLS_10_1317" tag="" content="Starting hardware synthesis ..." resolution=""/>
	<Message severity="INFO" prefix="[HLS 200-10]" key="HLS_10_1385" tag="" content="Synthesizing &apos;lzw_hw_streams&apos; ..." resolution=""/>
	<Message severity="WARNING" prefix="[SYN 201-107]" key="SYN_PORT_NAME_ILLEGAL_593" tag="" content="Renaming port name &apos;lzw_hw_streams/output&apos; to &apos;lzw_hw_streams/output_r&apos; to avoid the conflict with HDL keywords or other object names." resolution=""/>
	<Message severity="INFO" prefix="[HLS 200-10]" key="HLS_10_1477" tag="" content="----------------------------------------------------------------" resolution=""/>
	<Message severity="INFO" prefix="[HLS 200-42]" key="HLS_42_1438" tag="" content="-- Implementing module &apos;lzw_hw_load5&apos;" resolution=""/>
	<Message severity="INFO" prefix="[HLS 200-10]" key="HLS_10_1478" tag="" content="----------------------------------------------------------------" resolution=""/>
	<Message severity="INFO" prefix="[SCHED 204-11]" key="SCHED_SCHED_STATUS_597" tag="" content="Starting scheduling ..." resolution=""/>
	<Message severity="INFO" prefix="[SCHED 204-61]" key="SCHED_PIPELINING_STATUS_41" tag="" content="Pipelining loop &apos;VITIS_LOOP_93_1&apos;." resolution=""/>
	<Message severity="INFO" prefix="[HLS 200-1470]" key="HLS 200-1470" tag="SCHEDULE,VITIS_THROUGHPUT" content="Pipelining result : Target II = 1, Final II = 1, Depth = 3, loop &apos;VITIS_LOOP_93_1&apos;" resolution=""/>
	<Message severity="INFO" prefix="[SCHED 204-11]" key="SCHED_SCHED_STATUS_596" tag="" content="Finished scheduling." resolution=""/>
	<Message severity="INFO" prefix="[HLS 200-111]" key="HLS_111_966" tag="RUNTIME" content="Finished Scheduling: CPU user time: 0.15 seconds. CPU system time: 0.01 seconds. Elapsed time: 0.3 seconds; current allocated memory: 328.371 MB." resolution=""/>
	<Message severity="INFO" prefix="[BIND 205-100]" key="BIND_100_926" tag="" content="Starting micro-architecture generation ..." resolution=""/>
	<Message severity="INFO" prefix="[BIND 205-101]" key="BIND_101_698" tag="" content="Performing variable lifetime analysis." resolution=""/>
	<Message severity="INFO" prefix="[BIND 205-101]" key="BIND_101_697" tag="" content="Exploring resource sharing." resolution=""/>
	<Message severity="INFO" prefix="[BIND 205-101]" key="BIND_101_693" tag="" content="Binding ..." resolution=""/>
	<Message severity="INFO" prefix="[BIND 205-100]" key="BIND_100_925" tag="" content="Finished micro-architecture generation." resolution=""/>
	<Message severity="INFO" prefix="[HLS 200-111]" key="HLS_111_966" tag="RUNTIME" content="Finished Binding: CPU user time: 0.29 seconds. CPU system time: 0 seconds. Elapsed time: 0.36 seconds; current allocated memory: 328.805 MB." resolution=""/>
	<Message severity="INFO" prefix="[HLS 200-10]" key="HLS_10_1477" tag="" content="----------------------------------------------------------------" resolution=""/>
	<Message severity="INFO" prefix="[HLS 200-42]" key="HLS_42_1438" tag="" content="-- Implementing module &apos;put&apos;" resolution=""/>
	<Message severity="INFO" prefix="[HLS 200-10]" key="HLS_10_1478" tag="" content="----------------------------------------------------------------" resolution=""/>
	<Message severity="INFO" prefix="[SCHED 204-11]" key="SCHED_SCHED_STATUS_597" tag="" content="Starting scheduling ..." resolution=""/>
	<Message severity="INFO" prefix="[SCHED 204-61]" key="SCHED_PIPELINING_STATUS_46" tag="" content="Pipelining function &apos;put&apos;." resolution=""/>
	<Message severity="WARNING" prefix="[HLS 200-880]" key="HLS 200-880" tag="LOOP,SCHEDULE,VITIS_THROUGHPUT" content="The II Violation in module &apos;put&apos; (function &apos;put&apos;): Unable to enforce a carried dependence constraint (II = 1, distance = 1, offset = 1) between &apos;store&apos; operation (&apos;hash_table_0_addr_write_ln17&apos;, LZW/lzw_hw.cpp:17) of variable &apos;tmp&apos;, LZW/lzw_hw.cpp:14 on array &apos;hash_table_0&apos; and &apos;load&apos; operation (&apos;hash_table_0_load&apos;, LZW/lzw_hw.cpp:16) on array &apos;hash_table_0&apos;." resolution="http://www.xilinx.com/cgi-bin/docs/rdoc?v=2020.2;t=hls+guidance;d=200-880.html"/>
	<Message severity="WARNING" prefix="[HLS 200-880]" key="HLS 200-880" tag="LOOP,SCHEDULE,VITIS_THROUGHPUT" content="The II Violation in module &apos;put&apos; (function &apos;put&apos;): Unable to enforce a carried dependence constraint (II = 2, distance = 1, offset = 1) between &apos;store&apos; operation (&apos;hash_table_0_addr_write_ln17&apos;, LZW/lzw_hw.cpp:17) of variable &apos;tmp&apos;, LZW/lzw_hw.cpp:14 on array &apos;hash_table_0&apos; and &apos;load&apos; operation (&apos;hash_table_0_load&apos;, LZW/lzw_hw.cpp:16) on array &apos;hash_table_0&apos;." resolution="http://www.xilinx.com/cgi-bin/docs/rdoc?v=2020.2;t=hls+guidance;d=200-880.html"/>
	<Message severity="WARNING" prefix="[HLS 200-880]" key="HLS 200-880" tag="LOOP,SCHEDULE,VITIS_THROUGHPUT" content="The II Violation in module &apos;put&apos; (function &apos;put&apos;): Unable to enforce a carried dependence constraint (II = 3, distance = 1, offset = 1) between &apos;store&apos; operation (&apos;hash_table_0_addr_write_ln17&apos;, LZW/lzw_hw.cpp:17) of variable &apos;tmp&apos;, LZW/lzw_hw.cpp:14 on array &apos;hash_table_0&apos; and &apos;load&apos; operation (&apos;hash_table_0_load&apos;, LZW/lzw_hw.cpp:16) on array &apos;hash_table_0&apos;." resolution="http://www.xilinx.com/cgi-bin/docs/rdoc?v=2020.2;t=hls+guidance;d=200-880.html"/>
	<Message severity="WARNING" prefix="[HLS 200-880]" key="HLS 200-880" tag="LOOP,SCHEDULE,VITIS_THROUGHPUT" content="The II Violation in module &apos;put&apos; (function &apos;put&apos;): Unable to enforce a carried dependence constraint (II = 4, distance = 1, offset = 1) between &apos;store&apos; operation (&apos;hash_table_0_addr_write_ln17&apos;, LZW/lzw_hw.cpp:17) of variable &apos;tmp&apos;, LZW/lzw_hw.cpp:14 on array &apos;hash_table_0&apos; and &apos;load&apos; operation (&apos;hash_table_0_load&apos;, LZW/lzw_hw.cpp:16) on array &apos;hash_table_0&apos;." resolution="http://www.xilinx.com/cgi-bin/docs/rdoc?v=2020.2;t=hls+guidance;d=200-880.html"/>
	<Message severity="WARNING" prefix="[HLS 200-880]" key="HLS 200-880" tag="LOOP,SCHEDULE,VITIS_THROUGHPUT" content="The II Violation in module &apos;put&apos; (function &apos;put&apos;): Unable to enforce a carried dependence constraint (II = 5, distance = 1, offset = 1) between &apos;store&apos; operation (&apos;hash_table_0_addr_write_ln17&apos;, LZW/lzw_hw.cpp:17) of variable &apos;tmp&apos;, LZW/lzw_hw.cpp:14 on array &apos;hash_table_0&apos; and &apos;load&apos; operation (&apos;hash_table_0_load&apos;, LZW/lzw_hw.cpp:16) on array &apos;hash_table_0&apos;." resolution="http://www.xilinx.com/cgi-bin/docs/rdoc?v=2020.2;t=hls+guidance;d=200-880.html"/>
	<Message severity="INFO" prefix="[HLS 200-1470]" key="HLS 200-1470" tag="SCHEDULE,VITIS_THROUGHPUT" content="Pipelining result : Target II = 1, Final II = 6, Depth = 6, function &apos;put&apos;" resolution=""/>
	<Message severity="INFO" prefix="[SCHED 204-11]" key="SCHED_SCHED_STATUS_596" tag="" content="Finished scheduling." resolution=""/>
	<Message severity="INFO" prefix="[HLS 200-111]" key="HLS_111_966" tag="RUNTIME" content="Finished Scheduling: CPU user time: 0.18 seconds. CPU system time: 0.01 seconds. Elapsed time: 0.28 seconds; current allocated memory: 329.310 MB." resolution=""/>
	<Message severity="INFO" prefix="[BIND 205-100]" key="BIND_100_926" tag="" content="Starting micro-architecture generation ..." resolution=""/>
	<Message severity="INFO" prefix="[BIND 205-101]" key="BIND_101_698" tag="" content="Performing variable lifetime analysis." resolution=""/>
	<Message severity="INFO" prefix="[BIND 205-101]" key="BIND_101_697" tag="" content="Exploring resource sharing." resolution=""/>
	<Message severity="INFO" prefix="[BIND 205-101]" key="BIND_101_693" tag="" content="Binding ..." resolution=""/>
	<Message severity="INFO" prefix="[BIND 205-100]" key="BIND_100_925" tag="" content="Finished micro-architecture generation." resolution=""/>
	<Message severity="INFO" prefix="[HLS 200-111]" key="HLS_111_966" tag="RUNTIME" content="Finished Binding: CPU user time: 0.11 seconds. CPU system time: 0.01 seconds. Elapsed time: 0.17 seconds; current allocated memory: 329.952 MB." resolution=""/>
	<Message severity="INFO" prefix="[HLS 200-10]" key="HLS_10_1477" tag="" content="----------------------------------------------------------------" resolution=""/>
	<Message severity="INFO" prefix="[HLS 200-42]" key="HLS_42_1438" tag="" content="-- Implementing module &apos;lzw_hw_compute&apos;" resolution=""/>
	<Message severity="INFO" prefix="[HLS 200-10]" key="HLS_10_1478" tag="" content="----------------------------------------------------------------" resolution=""/>
	<Message severity="INFO" prefix="[SCHED 204-11]" key="SCHED_SCHED_STATUS_597" tag="" content="Starting scheduling ..." resolution=""/>
	<Message severity="INFO" prefix="[SCHED 204-61]" key="SCHED_PIPELINING_STATUS_41" tag="" content="Pipelining loop &apos;VITIS_LOOP_42_1&apos;." resolution=""/>
	<Message severity="WARNING" prefix="[HLS 200-885]" key="HLS 200-885" tag="SCHEDULE,VITIS_KERNEL" content="Unable to schedule &apos;store&apos; operation (&apos;hash_table_0_addr_2_write_ln45&apos;, LZW/lzw_hw.cpp:45-&gt;LZW/lzw_hw.cpp:200) of constant 0 on array &apos;hash_table[0]&apos;, LZW/lzw_hw.cpp:38-&gt;LZW/lzw_hw.cpp:200 due to limited memory ports. Please consider using a memory core with more ports or partitioning the array &apos;hash_table_0&apos;." resolution="http://www.xilinx.com/cgi-bin/docs/rdoc?v=2020.2;t=hls+guidance;d=200-885.html"/>
	<Message severity="INFO" prefix="[HLS 200-1470]" key="HLS 200-1470" tag="SCHEDULE,VITIS_THROUGHPUT" content="Pipelining result : Target II = 1, Final II = 2, Depth = 2, loop &apos;VITIS_LOOP_42_1&apos;" resolution=""/>
	<Message severity="INFO" prefix="[SCHED 204-61]" key="SCHED_PIPELINING_STATUS_41" tag="" content="Pipelining loop &apos;VITIS_LOOP_26_1&apos;." resolution=""/>
	<Message severity="WARNING" prefix="[HLS 200-878]" key="HLS 200-878" tag="LOOP,SCHEDULE,VITIS_THROUGHPUT" content="Unable to schedule the loop exit test (&apos;icmp&apos; operation (&apos;icmp_ln27&apos;, LZW/lzw_hw.cpp:27)) in the first pipeline iteration (II = 1 cycles)." resolution="http://www.xilinx.com/cgi-bin/docs/rdoc?v=2020.2;t=hls+guidance;d=200-878.html"/>
	<Message severity="INFO" prefix="[HLS 200-1470]" key="HLS 200-1470" tag="SCHEDULE,VITIS_THROUGHPUT" content="Pipelining result : Target II = 1, Final II = 2, Depth = 2, loop &apos;VITIS_LOOP_26_1&apos;" resolution=""/>
	<Message severity="INFO" prefix="[SCHED 204-61]" key="SCHED_PIPELINING_STATUS_41" tag="" content="Pipelining loop &apos;VITIS_LOOP_65_4&apos;." resolution=""/>
	<Message severity="WARNING" prefix="[HLS 200-880]" key="HLS 200-880" tag="LOOP,SCHEDULE,VITIS_THROUGHPUT" content="The II Violation in module &apos;lzw_hw_compute&apos; (loop &apos;VITIS_LOOP_65_4&apos;): Unable to enforce a carried dependence constraint (II = 6, distance = 1, offset = 1) between &apos;call&apos; operation (&apos;_ln76&apos;, LZW/lzw_hw.cpp:76-&gt;LZW/lzw_hw.cpp:200) to &apos;put&apos; and &apos;load&apos; operation (&apos;hash_table_0_load_4&apos;, LZW/lzw_hw.cpp:27) on array &apos;hash_table[0]&apos;, LZW/lzw_hw.cpp:38-&gt;LZW/lzw_hw.cpp:200." resolution="http://www.xilinx.com/cgi-bin/docs/rdoc?v=2020.2;t=hls+guidance;d=200-880.html"/>
	<Message severity="WARNING" prefix="[HLS 200-880]" key="HLS 200-880" tag="LOOP,SCHEDULE,VITIS_THROUGHPUT" content="The II Violation in module &apos;lzw_hw_compute&apos; (loop &apos;VITIS_LOOP_65_4&apos;): Unable to enforce a carried dependence constraint (II = 7, distance = 1, offset = 1) between &apos;call&apos; operation (&apos;_ln76&apos;, LZW/lzw_hw.cpp:76-&gt;LZW/lzw_hw.cpp:200) to &apos;put&apos; and &apos;load&apos; operation (&apos;hash_table_0_load_4&apos;, LZW/lzw_hw.cpp:27) on array &apos;hash_table[0]&apos;, LZW/lzw_hw.cpp:38-&gt;LZW/lzw_hw.cpp:200." resolution="http://www.xilinx.com/cgi-bin/docs/rdoc?v=2020.2;t=hls+guidance;d=200-880.html"/>
	<Message severity="WARNING" prefix="[HLS 200-880]" key="HLS 200-880" tag="LOOP,SCHEDULE,VITIS_THROUGHPUT" content="The II Violation in module &apos;lzw_hw_compute&apos; (loop &apos;VITIS_LOOP_65_4&apos;): Unable to enforce a carried dependence constraint (II = 8, distance = 1, offset = 1) between &apos;call&apos; operation (&apos;_ln76&apos;, LZW/lzw_hw.cpp:76-&gt;LZW/lzw_hw.cpp:200) to &apos;put&apos; and &apos;load&apos; operation (&apos;hash_table_0_load_4&apos;, LZW/lzw_hw.cpp:27) on array &apos;hash_table[0]&apos;, LZW/lzw_hw.cpp:38-&gt;LZW/lzw_hw.cpp:200." resolution="http://www.xilinx.com/cgi-bin/docs/rdoc?v=2020.2;t=hls+guidance;d=200-880.html"/>
	<Message severity="WARNING" prefix="[HLS 200-885]" key="HLS 200-885" tag="SCHEDULE,VITIS_KERNEL" content="Unable to schedule &apos;load&apos; operation (&apos;hash_table_0_load_5&apos;, LZW/lzw_hw.cpp:27) on array &apos;hash_table[0]&apos;, LZW/lzw_hw.cpp:38-&gt;LZW/lzw_hw.cpp:200 due to limited memory ports. Please consider using a memory core with more ports or partitioning the array &apos;hash_table_0&apos;." resolution="http://www.xilinx.com/cgi-bin/docs/rdoc?v=2020.2;t=hls+guidance;d=200-885.html"/>
	<Message severity="INFO" prefix="[HLS 200-1470]" key="HLS 200-1470" tag="SCHEDULE,VITIS_THROUGHPUT" content="Pipelining result : Target II = 1, Final II = 10, Depth = 11, loop &apos;VITIS_LOOP_65_4&apos;" resolution=""/>
	<Message severity="INFO" prefix="[SCHED 204-61]" key="SCHED_PIPELINING_STATUS_41" tag="" content="Pipelining loop &apos;VITIS_LOOP_26_1&apos;." resolution=""/>
	<Message severity="WARNING" prefix="[HLS 200-878]" key="HLS 200-878" tag="LOOP,SCHEDULE,VITIS_THROUGHPUT" content="Unable to schedule the loop exit test (&apos;icmp&apos; operation (&apos;icmp_ln27_5&apos;, LZW/lzw_hw.cpp:27)) in the first pipeline iteration (II = 1 cycles)." resolution="http://www.xilinx.com/cgi-bin/docs/rdoc?v=2020.2;t=hls+guidance;d=200-878.html"/>
	<Message severity="INFO" prefix="[HLS 200-1470]" key="HLS 200-1470" tag="SCHEDULE,VITIS_THROUGHPUT" content="Pipelining result : Target II = 1, Final II = 2, Depth = 2, loop &apos;VITIS_LOOP_26_1&apos;" resolution=""/>
	<Message severity="INFO" prefix="[SCHED 204-11]" key="SCHED_SCHED_STATUS_596" tag="" content="Finished scheduling." resolution=""/>
	<Message severity="INFO" prefix="[HLS 200-111]" key="HLS_111_966" tag="RUNTIME" content="Finished Scheduling: CPU user time: 3.25 seconds. CPU system time: 0.01 seconds. Elapsed time: 3.43 seconds; current allocated memory: 334.574 MB." resolution=""/>
	<Message severity="INFO" prefix="[BIND 205-100]" key="BIND_100_926" tag="" content="Starting micro-architecture generation ..." resolution=""/>
	<Message severity="INFO" prefix="[BIND 205-101]" key="BIND_101_698" tag="" content="Performing variable lifetime analysis." resolution=""/>
	<Message severity="INFO" prefix="[BIND 205-101]" key="BIND_101_697" tag="" content="Exploring resource sharing." resolution=""/>
	<Message severity="INFO" prefix="[BIND 205-101]" key="BIND_101_693" tag="" content="Binding ..." resolution=""/>
	<Message severity="INFO" prefix="[BIND 205-100]" key="BIND_100_925" tag="" content="Finished micro-architecture generation." resolution=""/>
	<Message severity="INFO" prefix="[HLS 200-111]" key="HLS_111_966" tag="RUNTIME" content="Finished Binding: CPU user time: 7.2 seconds. CPU system time: 0.01 seconds. Elapsed time: 7.3 seconds; current allocated memory: 354.765 MB." resolution=""/>
	<Message severity="INFO" prefix="[HLS 200-10]" key="HLS_10_1477" tag="" content="----------------------------------------------------------------" resolution=""/>
	<Message severity="INFO" prefix="[HLS 200-42]" key="HLS_42_1438" tag="" content="-- Implementing module &apos;lzw_hw_bitpack&apos;" resolution=""/>
	<Message severity="INFO" prefix="[HLS 200-10]" key="HLS_10_1478" tag="" content="----------------------------------------------------------------" resolution=""/>
	<Message severity="INFO" prefix="[SCHED 204-11]" key="SCHED_SCHED_STATUS_597" tag="" content="Starting scheduling ..." resolution=""/>
	<Message severity="INFO" prefix="[SCHED 204-61]" key="SCHED_PIPELINING_STATUS_41" tag="" content="Pipelining loop &apos;VITIS_LOOP_104_1&apos;." resolution=""/>
	<Message severity="WARNING" prefix="[HLS 200-880]" key="HLS 200-880" tag="LOOP,SCHEDULE,VITIS_THROUGHPUT" content="The II Violation in module &apos;lzw_hw_bitpack&apos; (loop &apos;VITIS_LOOP_104_1&apos;): Unable to enforce a carried dependence constraint (II = 1, distance = 1, offset = 1) between fifo write on port &apos;outstream&apos; (/mnt/pollux/software/xilinx/2020.2/Vitis_HLS/2020.2/common/technology/autopilot/hls_stream_39.h:174) and fifo write on port &apos;outstream&apos; (/mnt/pollux/software/xilinx/2020.2/Vitis_HLS/2020.2/common/technology/autopilot/hls_stream_39.h:174)." resolution="http://www.xilinx.com/cgi-bin/docs/rdoc?v=2020.2;t=hls+guidance;d=200-880.html"/>
	<Message severity="INFO" prefix="[HLS 200-1470]" key="HLS 200-1470" tag="SCHEDULE,VITIS_THROUGHPUT" content="Pipelining result : Target II = 1, Final II = 2, Depth = 3, loop &apos;VITIS_LOOP_104_1&apos;" resolution=""/>
	<Message severity="INFO" prefix="[SCHED 204-11]" key="SCHED_SCHED_STATUS_596" tag="" content="Finished scheduling." resolution=""/>
	<Message severity="INFO" prefix="[HLS 200-111]" key="HLS_111_966" tag="RUNTIME" content="Finished Scheduling: CPU user time: 0.99 seconds. CPU system time: 0.01 seconds. Elapsed time: 1.17 seconds; current allocated memory: 355.240 MB." resolution=""/>
	<Message severity="INFO" prefix="[BIND 205-100]" key="BIND_100_926" tag="" content="Starting micro-architecture generation ..." resolution=""/>
	<Message severity="INFO" prefix="[BIND 205-101]" key="BIND_101_698" tag="" content="Performing variable lifetime analysis." resolution=""/>
	<Message severity="INFO" prefix="[BIND 205-101]" key="BIND_101_697" tag="" content="Exploring resource sharing." resolution=""/>
	<Message severity="INFO" prefix="[BIND 205-101]" key="BIND_101_693" tag="" content="Binding ..." resolution=""/>
	<Message severity="INFO" prefix="[BIND 205-100]" key="BIND_100_925" tag="" content="Finished micro-architecture generation." resolution=""/>
	<Message severity="INFO" prefix="[HLS 200-111]" key="HLS_111_966" tag="RUNTIME" content="Finished Binding: CPU user time: 0.07 seconds. CPU system time: 0.01 seconds. Elapsed time: 0.14 seconds; current allocated memory: 356.855 MB." resolution=""/>
	<Message severity="INFO" prefix="[HLS 200-10]" key="HLS_10_1477" tag="" content="----------------------------------------------------------------" resolution=""/>
	<Message severity="INFO" prefix="[HLS 200-42]" key="HLS_42_1438" tag="" content="-- Implementing module &apos;lzw_hw_store&apos;" resolution=""/>
	<Message severity="INFO" prefix="[HLS 200-10]" key="HLS_10_1478" tag="" content="----------------------------------------------------------------" resolution=""/>
	<Message severity="INFO" prefix="[SCHED 204-11]" key="SCHED_SCHED_STATUS_597" tag="" content="Starting scheduling ..." resolution=""/>
	<Message severity="INFO" prefix="[SCHED 204-61]" key="SCHED_PIPELINING_STATUS_41" tag="" content="Pipelining loop &apos;VITIS_LOOP_184_1&apos;." resolution=""/>
	<Message severity="INFO" prefix="[HLS 200-1470]" key="HLS 200-1470" tag="SCHEDULE,VITIS_THROUGHPUT" content="Pipelining result : Target II = 1, Final II = 1, Depth = 71, loop &apos;VITIS_LOOP_184_1&apos;" resolution=""/>
	<Message severity="INFO" prefix="[SCHED 204-11]" key="SCHED_SCHED_STATUS_596" tag="" content="Finished scheduling." resolution=""/>
	<Message severity="INFO" prefix="[HLS 200-111]" key="HLS_111_966" tag="RUNTIME" content="Finished Scheduling: CPU user time: 0.24 seconds. CPU system time: 0.01 seconds. Elapsed time: 0.33 seconds; current allocated memory: 357.296 MB." resolution=""/>
	<Message severity="INFO" prefix="[BIND 205-100]" key="BIND_100_926" tag="" content="Starting micro-architecture generation ..." resolution=""/>
	<Message severity="INFO" prefix="[BIND 205-101]" key="BIND_101_698" tag="" content="Performing variable lifetime analysis." resolution=""/>
	<Message severity="INFO" prefix="[BIND 205-101]" key="BIND_101_697" tag="" content="Exploring resource sharing." resolution=""/>
	<Message severity="INFO" prefix="[BIND 205-101]" key="BIND_101_693" tag="" content="Binding ..." resolution=""/>
	<Message severity="INFO" prefix="[BIND 205-100]" key="BIND_100_925" tag="" content="Finished micro-architecture generation." resolution=""/>
	<Message severity="INFO" prefix="[HLS 200-111]" key="HLS_111_966" tag="RUNTIME" content="Finished Binding: CPU user time: 0.42 seconds. CPU system time: 0 seconds. Elapsed time: 0.47 seconds; current allocated memory: 357.905 MB." resolution=""/>
	<Message severity="INFO" prefix="[HLS 200-10]" key="HLS_10_1477" tag="" content="----------------------------------------------------------------" resolution=""/>
	<Message severity="INFO" prefix="[HLS 200-42]" key="HLS_42_1438" tag="" content="-- Implementing module &apos;lzw_hw_streams&apos;" resolution=""/>
	<Message severity="INFO" prefix="[HLS 200-10]" key="HLS_10_1478" tag="" content="----------------------------------------------------------------" resolution=""/>
	<Message severity="INFO" prefix="[SCHED 204-11]" key="SCHED_SCHED_STATUS_597" tag="" content="Starting scheduling ..." resolution=""/>
	<Message severity="INFO" prefix="[SCHED 204-11]" key="SCHED_SCHED_STATUS_596" tag="" content="Finished scheduling." resolution=""/>
	<Message severity="INFO" prefix="[HLS 200-111]" key="HLS_111_966" tag="RUNTIME" content="Finished Scheduling: CPU user time: 0.13 seconds. CPU system time: 0.02 seconds. Elapsed time: 0.19 seconds; current allocated memory: 358.058 MB." resolution=""/>
	<Message severity="INFO" prefix="[BIND 205-100]" key="BIND_100_926" tag="" content="Starting micro-architecture generation ..." resolution=""/>
	<Message severity="INFO" prefix="[BIND 205-101]" key="BIND_101_698" tag="" content="Performing variable lifetime analysis." resolution=""/>
	<Message severity="INFO" prefix="[BIND 205-101]" key="BIND_101_697" tag="" content="Exploring resource sharing." resolution=""/>
	<Message severity="INFO" prefix="[BIND 205-101]" key="BIND_101_693" tag="" content="Binding ..." resolution=""/>
	<Message severity="INFO" prefix="[BIND 205-100]" key="BIND_100_925" tag="" content="Finished micro-architecture generation." resolution=""/>
	<Message severity="INFO" prefix="[HLS 200-111]" key="HLS_111_966" tag="RUNTIME" content="Finished Binding: CPU user time: 0.18 seconds. CPU system time: 0 seconds. Elapsed time: 0.22 seconds; current allocated memory: 358.344 MB." resolution=""/>
	<Message severity="INFO" prefix="[HLS 200-10]" key="HLS_10_1483" tag="" content="----------------------------------------------------------------" resolution=""/>
	<Message severity="INFO" prefix="[HLS 200-10]" key="HLS_10_1484" tag="" content="-- Generating RTL for module &apos;lzw_hw_load5&apos;" resolution=""/>
	<Message severity="INFO" prefix="[HLS 200-10]" key="HLS_10_1485" tag="" content="----------------------------------------------------------------" resolution=""/>
	<Message severity="INFO" prefix="[RTGEN 206-100]" key="RTGEN_100_856" tag="" content="Finished creating RTL model for &apos;lzw_hw_load5&apos;." resolution=""/>
	<Message severity="INFO" prefix="[HLS 200-111]" key="HLS_111_966" tag="RUNTIME" content="Finished Creating RTL model: CPU user time: 0.16 seconds. CPU system time: 0 seconds. Elapsed time: 0.21 seconds; current allocated memory: 359.351 MB." resolution=""/>
	<Message severity="INFO" prefix="[HLS 200-10]" key="HLS_10_1483" tag="" content="----------------------------------------------------------------" resolution=""/>
	<Message severity="INFO" prefix="[HLS 200-10]" key="HLS_10_1484" tag="" content="-- Generating RTL for module &apos;put&apos;" resolution=""/>
	<Message severity="INFO" prefix="[HLS 200-10]" key="HLS_10_1485" tag="" content="----------------------------------------------------------------" resolution=""/>
	<Message severity="INFO" prefix="[RTGEN 206-100]" key="RTGEN_100_855" tag="" content="Generating core module &apos;mux_832_64_1_1&apos;: 4 instance(s)." resolution=""/>
	<Message severity="INFO" prefix="[RTGEN 206-100]" key="RTGEN_100_856" tag="" content="Finished creating RTL model for &apos;put&apos;." resolution=""/>
	<Message severity="INFO" prefix="[HLS 200-111]" key="HLS_111_966" tag="RUNTIME" content="Finished Creating RTL model: CPU user time: 0.15 seconds. CPU system time: 0.01 seconds. Elapsed time: 0.25 seconds; current allocated memory: 361.102 MB." resolution=""/>
	<Message severity="INFO" prefix="[HLS 200-10]" key="HLS_10_1483" tag="" content="----------------------------------------------------------------" resolution=""/>
	<Message severity="INFO" prefix="[HLS 200-10]" key="HLS_10_1484" tag="" content="-- Generating RTL for module &apos;lzw_hw_compute&apos;" resolution=""/>
	<Message severity="INFO" prefix="[HLS 200-10]" key="HLS_10_1485" tag="" content="----------------------------------------------------------------" resolution=""/>
	<Message severity="INFO" prefix="[RTGEN 206-100]" key="RTGEN_100_855" tag="" content="Generating core module &apos;mux_832_64_1_1&apos;: 6 instance(s)." resolution=""/>
	<Message severity="INFO" prefix="[RTGEN 206-100]" key="RTGEN_100_856" tag="" content="Finished creating RTL model for &apos;lzw_hw_compute&apos;." resolution=""/>
	<Message severity="INFO" prefix="[HLS 200-111]" key="HLS_111_966" tag="RUNTIME" content="Finished Creating RTL model: CPU user time: 18.09 seconds. CPU system time: 0.08 seconds. Elapsed time: 18.31 seconds; current allocated memory: 444.740 MB." resolution=""/>
	<Message severity="INFO" prefix="[HLS 200-10]" key="HLS_10_1483" tag="" content="----------------------------------------------------------------" resolution=""/>
	<Message severity="INFO" prefix="[HLS 200-10]" key="HLS_10_1484" tag="" content="-- Generating RTL for module &apos;lzw_hw_bitpack&apos;" resolution=""/>
	<Message severity="INFO" prefix="[HLS 200-10]" key="HLS_10_1485" tag="" content="----------------------------------------------------------------" resolution=""/>
	<Message severity="INFO" prefix="[RTGEN 206-100]" key="RTGEN_100_856" tag="" content="Finished creating RTL model for &apos;lzw_hw_bitpack&apos;." resolution=""/>
	<Message severity="INFO" prefix="[HLS 200-111]" key="HLS_111_966" tag="RUNTIME" content="Finished Creating RTL model: CPU user time: 1.76 seconds. CPU system time: 0.06 seconds. Elapsed time: 2.1 seconds; current allocated memory: 463.653 MB." resolution=""/>
	<Message severity="INFO" prefix="[HLS 200-10]" key="HLS_10_1483" tag="" content="----------------------------------------------------------------" resolution=""/>
	<Message severity="INFO" prefix="[HLS 200-10]" key="HLS_10_1484" tag="" content="-- Generating RTL for module &apos;lzw_hw_store&apos;" resolution=""/>
	<Message severity="INFO" prefix="[HLS 200-10]" key="HLS_10_1485" tag="" content="----------------------------------------------------------------" resolution=""/>
	<Message severity="INFO" prefix="[RTGEN 206-100]" key="RTGEN_100_856" tag="" content="Finished creating RTL model for &apos;lzw_hw_store&apos;." resolution=""/>
	<Message severity="INFO" prefix="[HLS 200-111]" key="HLS_111_966" tag="RUNTIME" content="Finished Creating RTL model: CPU user time: 0.25 seconds. CPU system time: 0.01 seconds. Elapsed time: 0.35 seconds; current allocated memory: 467.618 MB." resolution=""/>
	<Message severity="INFO" prefix="[HLS 200-10]" key="HLS_10_1483" tag="" content="----------------------------------------------------------------" resolution=""/>
	<Message severity="INFO" prefix="[HLS 200-10]" key="HLS_10_1484" tag="" content="-- Generating RTL for module &apos;lzw_hw_streams&apos;" resolution=""/>
	<Message severity="INFO" prefix="[HLS 200-10]" key="HLS_10_1485" tag="" content="----------------------------------------------------------------" resolution=""/>
	<Message severity="WARNING" prefix="[RTGEN 206-101]" key="RTGEN_101_918" tag="" content="Design contains AXI ports. Reset is fixed to synchronous and active low." resolution=""/>
	<Message severity="INFO" prefix="[RTGEN 206-500]" key="PREPROC_IO_COMP_CONFLICT_1950" tag="" content="Setting interface mode on port &apos;lzw_hw_streams/p0&apos; to &apos;m_axi&apos;." resolution=""/>
	<Message severity="INFO" prefix="[RTGEN 206-500]" key="PREPROC_IO_COMP_CONFLICT_1950" tag="" content="Setting interface mode on port &apos;lzw_hw_streams/p1&apos; to &apos;m_axi&apos;." resolution=""/>
	<Message severity="INFO" prefix="[RTGEN 206-500]" key="PREPROC_IO_COMP_CONFLICT_1950" tag="" content="Setting interface mode on port &apos;lzw_hw_streams/input_chunk&apos; to &apos;s_axilite &amp; ap_none&apos;." resolution=""/>
	<Message severity="INFO" prefix="[RTGEN 206-500]" key="PREPROC_IO_COMP_CONFLICT_1950" tag="" content="Setting interface mode on port &apos;lzw_hw_streams/chunkSize&apos; to &apos;s_axilite &amp; ap_none&apos;." resolution=""/>
	<Message severity="INFO" prefix="[RTGEN 206-500]" key="PREPROC_IO_COMP_CONFLICT_1950" tag="" content="Setting interface mode on port &apos;lzw_hw_streams/output_r&apos; to &apos;s_axilite &amp; ap_none&apos;." resolution=""/>
	<Message severity="INFO" prefix="[RTGEN 206-500]" key="PREPROC_IO_COMP_CONFLICT_1950" tag="" content="Setting interface mode on function &apos;lzw_hw_streams&apos; to &apos;s_axilite &amp; ap_ctrl_chain&apos;." resolution=""/>
	<Message severity="INFO" prefix="[RTGEN 206-100]" key="RTGEN_100_851" tag="" content="Bundling port &apos;input_chunk&apos;, &apos;chunkSize&apos;, &apos;output_r&apos; and &apos;return&apos; to AXI-Lite port control." resolution=""/>
	<Message severity="INFO" prefix="[RTGEN 206-100]" key="RTGEN_100_856" tag="" content="Finished creating RTL model for &apos;lzw_hw_streams&apos;." resolution=""/>
	<Message severity="INFO" prefix="[HLS 200-111]" key="HLS_111_966" tag="RUNTIME" content="Finished Creating RTL model: CPU user time: 0.26 seconds. CPU system time: 0.02 seconds. Elapsed time: 0.45 seconds; current allocated memory: 470.519 MB." resolution=""/>
	<Message severity="INFO" prefix="[RTMG 210-278]" key="RTMG_278_1790" tag="" content="Implementing memory &apos;lzw_hw_streams_lzw_hw_compute_hash_table_0_ram (RAM)&apos; using auto RAMs." resolution=""/>
	<Message severity="INFO" prefix="[RTMG 210-285]" key="RTMG_285_1799" tag="" content="Implementing FIFO &apos;instream_U(lzw_hw_streams_fifo_w8_d8192_A)&apos; using Vivado Default RAMs." resolution=""/>
	<Message severity="INFO" prefix="[RTMG 210-285]" key="RTMG_285_1799" tag="" content="Implementing FIFO &apos;chunkSize_c_U(lzw_hw_streams_fifo_w32_d2_S)&apos; using Shift Registers." resolution=""/>
	<Message severity="INFO" prefix="[RTMG 210-285]" key="RTMG_285_1799" tag="" content="Implementing FIFO &apos;output_c_U(lzw_hw_streams_fifo_w64_d4_S)&apos; using Shift Registers." resolution=""/>
	<Message severity="INFO" prefix="[RTMG 210-285]" key="RTMG_285_1799" tag="" content="Implementing FIFO &apos;midstream_U(lzw_hw_streams_fifo_w16_d8192_A)&apos; using Vivado Default RAMs." resolution=""/>
	<Message severity="INFO" prefix="[RTMG 210-285]" key="RTMG_285_1799" tag="" content="Implementing FIFO &apos;outstream_U(lzw_hw_streams_fifo_w16_d13316_A)&apos; using Vivado Default RAMs." resolution=""/>
	<Message severity="INFO" prefix="[RTMG 210-285]" key="RTMG_285_1799" tag="" content="Implementing FIFO &apos;start_for_lzw_hw_compute_U0_U(lzw_hw_streams_start_for_lzw_hw_compute_U0)&apos; using Shift Registers." resolution=""/>
	<Message severity="INFO" prefix="[RTMG 210-285]" key="RTMG_285_1799" tag="" content="Implementing FIFO &apos;start_for_lzw_hw_store_U0_U(lzw_hw_streams_start_for_lzw_hw_store_U0)&apos; using Shift Registers." resolution=""/>
	<Message severity="INFO" prefix="[RTMG 210-285]" key="RTMG_285_1799" tag="" content="Implementing FIFO &apos;start_for_lzw_hw_bitpack_U0_U(lzw_hw_streams_start_for_lzw_hw_bitpack_U0)&apos; using Shift Registers." resolution=""/>
	<Message severity="INFO" prefix="[HLS 200-111]" key="HLS_111_966" tag="RUNTIME" content="Finished Generating all RTL models: CPU user time: 2.39 seconds. CPU system time: 0.58 seconds. Elapsed time: 6.38 seconds; current allocated memory: 480.990 MB." resolution=""/>
	<Message severity="INFO" prefix="[VHDL 208-304]" key="VHDL_304_1066" tag="" content="Generating VHDL RTL for lzw_hw_streams." resolution=""/>
	<Message severity="INFO" prefix="[VLOG 209-307]" key="VLOG_307_1067" tag="" content="Generating Verilog RTL for lzw_hw_streams." resolution=""/>
	<Message severity="INFO" prefix="[HLS 200-1603]" key="HLS 200-1603" tag="VITIS_INTERFACE" content="Design has MAXI bursts and missed bursts, see Vitis HLS GUI synthesis summary report for detailed information." resolution=""/>
	<Message severity="INFO" prefix="[HLS 200-790]" key="HLS 200-790" tag="LOOP,VITIS_KERNEL" content="**** Loop Constraint Status: All loop constraints were NOT satisfied." resolution=""/>
	<Message severity="INFO" prefix="[HLS 200-789]" key="HLS 200-789" tag="THROUGHPUT,VITIS_KERNEL" content="**** Estimated Fmax: 205.47 MHz" resolution=""/>
	<Message severity="INFO" prefix="[HLS 200-111]" key="HLS_111_966" tag="RUNTIME" content="Finished Command csynth_design CPU user time: 45.62 seconds. CPU system time: 2.05 seconds. Elapsed time: 59.53 seconds; current allocated memory: 482.355 MB." resolution=""/>
</Messages>
