<profile>

<section name = "Vitis HLS Report for 'lzw_hw_store'" level="0">
<item name = "Date">Thu Dec  1 13:13:06 2022
</item>
<item name = "Version">2020.2 (Build 3064766 on Wed Nov 18 09:12:47 MST 2020)</item>
<item name = "Project">LZW_HW_New</item>
<item name = "Solution">solution1 (Vitis Kernel Flow Target)</item>
<item name = "Product family">zynquplus</item>
<item name = "Target device">xczu3eg-sbva484-1-i</item>
</section>

<section name = "Performance Estimates" level="0">
<item name = "Timing">
<section name = "" level="1">
<item name = "Summary"><table name="" hasTotal="0">
<keys size="4">Clock, Target, Estimated, Uncertainty</keys>
<column name="ap_clk">6.67 ns, 4.867 ns, 1.80 ns</column>
</table>
</item>
</section>
</item>
<item name = "Latency">
<section name = "" level="1">
<item name = "Summary"><table name="" hasTotal="0">
<keys size="8">, min, max, min, max, min, max, Type</keys>
<column name="">141, 13452, 0.940 us, 89.684 us, 141, 13452, none</column>
</table>
</item>
<item name = "Detail">
<section name = "" level="1">
<item name = "Instance"><table name="" hasTotal="0">
<keys size="9">Instance, Module, min, max, min, max, min, max, Type</keys>
</table>
</item>
<item name = "Loop"><table name="" hasTotal="0">
<keys size="8">Loop Name, min, max, Latency, achieved, target, Count, Pipelined</keys>
<column name="- VITIS_LOOP_184_1">70, 13381, 71, 1, 1, 1 ~ 13312, yes</column>
</table>
</item>
</section>
</item>
</section>
</item>
</section>

<section name = "Utilization Estimates" level="0">
<item name = "Summary"><table name="" hasTotal="1">
<keys size="6">Name, BRAM_18K, DSP, FF, LUT, URAM</keys>
<column name="DSP">-, -, -, -, -</column>
<column name="Expression">-, -, 0, 282, -</column>
<column name="FIFO">-, -, -, -, -</column>
<column name="Instance">-, -, -, -, -</column>
<column name="Memory">-, -, -, -, -</column>
<column name="Multiplexer">-, -, -, 518, -</column>
<column name="Register">-, -, 492, 64, -</column>
<specialColumn name="Available">432, 360, 141120, 70560, 0</specialColumn>
<specialColumn name="Utilization (%)">0, 0, ~0, 1, 0</specialColumn>
</table>
</item>
<item name = "Detail">
<section name = "" level="1">
<item name = "Instance"><table name="" hasTotal="1">
<keys size="7">Instance, Module, BRAM_18K, DSP, FF, LUT, URAM</keys>
</table>
</item>
<item name = "DSP"><table name="" hasTotal="0">
<keys size="3">Instance, Module, Expression</keys>
</table>
</item>
<item name = "Memory"><table name="" hasTotal="1">
<keys size="10">Memory, Module, BRAM_18K, FF, LUT, URAM, Words, Bits, Banks, W*Bits*Banks</keys>
</table>
</item>
<item name = "FIFO"><table name="" hasTotal="1">
<keys size="8">Name, BRAM_18K, FF, LUT, URAM, Depth, Bits, Size:D*B</keys>
</table>
</item>
<item name = "Expression"><table name="" hasTotal="1">
<keys size="7">Variable Name, Operation, DSP, FF, LUT, Bitwidth P0, Bitwidth P1</keys>
<column name="add_ln184_fu_226_p2">+, 0, 0, 21, 14, 1</column>
<column name="add_ln189_1_fu_201_p2">+, 0, 0, 9, 2, 2</column>
<column name="add_ln189_fu_196_p2">+, 0, 0, 71, 64, 64</column>
<column name="add_ln192_fu_261_p2">+, 0, 0, 21, 14, 4</column>
<column name="ap_block_state2_pp0_stage0_iter0">and, 0, 0, 2, 1, 1</column>
<column name="ap_block_state3_io">and, 0, 0, 2, 1, 1</column>
<column name="ap_block_state4_io">and, 0, 0, 2, 1, 1</column>
<column name="ap_block_state72_pp0_stage0_iter70">and, 0, 0, 2, 1, 1</column>
<column name="ap_predicate_op175_writereq_state3">and, 0, 0, 2, 1, 1</column>
<column name="ap_predicate_op176_write_state4">and, 0, 0, 2, 1, 1</column>
<column name="ap_predicate_op244_writeresp_state72">and, 0, 0, 2, 1, 1</column>
<column name="icmp_ln184_fu_172_p2">icmp, 0, 0, 12, 14, 13</column>
<column name="icmp_ln186_fu_182_p2">icmp, 0, 0, 13, 16, 2</column>
<column name="ap_block_pp0_stage0_01001">or, 0, 0, 2, 1, 1</column>
<column name="ap_block_pp0_stage0_11001">or, 0, 0, 2, 1, 1</column>
<column name="ap_block_state1">or, 0, 0, 2, 1, 1</column>
<column name="ap_predicate_tran2to73_state2">or, 0, 0, 2, 1, 1</column>
<column name="shl_ln189_2_fu_255_p2">shl, 0, 0, 100, 32, 32</column>
<column name="shl_ln189_fu_238_p2">shl, 0, 0, 9, 1, 4</column>
<column name="ap_enable_pp0">xor, 0, 0, 2, 1, 2</column>
<column name="ap_enable_reg_pp0_iter1">xor, 0, 0, 2, 2, 1</column>
</table>
</item>
<item name = "Multiplexer"><table name="" hasTotal="1">
<keys size="5">Name, LUT, Input Size, Bits, Total Bits</keys>
<column name="ap_NS_fsm">377, 73, 1, 73</column>
<column name="ap_done">9, 2, 1, 2</column>
<column name="ap_enable_reg_pp0_iter1">9, 2, 1, 2</column>
<column name="ap_enable_reg_pp0_iter70">9, 2, 1, 2</column>
<column name="ap_phi_mux_byte_count_phi_fu_149_p4">9, 2, 14, 28</column>
<column name="byte_count_1_reg_157">9, 2, 14, 28</column>
<column name="byte_count_reg_145">9, 2, 14, 28</column>
<column name="m_axi_p1_AWADDR">14, 3, 64, 192</column>
<column name="m_axi_p1_WDATA">14, 3, 32, 96</column>
<column name="m_axi_p1_WSTRB">14, 3, 4, 12</column>
<column name="output_r_blk_n">9, 2, 1, 2</column>
<column name="outstream_blk_n">9, 2, 1, 2</column>
<column name="p1_blk_n_AW">9, 2, 1, 2</column>
<column name="p1_blk_n_B">9, 2, 1, 2</column>
<column name="p1_blk_n_W">9, 2, 1, 2</column>
</table>
</item>
<item name = "Register"><table name="" hasTotal="1">
<keys size="5">Name, FF, LUT, Bits, Const Bits</keys>
<column name="add_ln184_reg_352">14, 0, 14, 0</column>
<column name="add_ln189_1_reg_340">2, 0, 2, 0</column>
<column name="ap_CS_fsm">72, 0, 72, 0</column>
<column name="ap_done_reg">1, 0, 1, 0</column>
<column name="ap_enable_reg_pp0_iter0">1, 0, 1, 0</column>
<column name="ap_enable_reg_pp0_iter1">1, 0, 1, 0</column>
<column name="ap_enable_reg_pp0_iter10">1, 0, 1, 0</column>
<column name="ap_enable_reg_pp0_iter11">1, 0, 1, 0</column>
<column name="ap_enable_reg_pp0_iter12">1, 0, 1, 0</column>
<column name="ap_enable_reg_pp0_iter13">1, 0, 1, 0</column>
<column name="ap_enable_reg_pp0_iter14">1, 0, 1, 0</column>
<column name="ap_enable_reg_pp0_iter15">1, 0, 1, 0</column>
<column name="ap_enable_reg_pp0_iter16">1, 0, 1, 0</column>
<column name="ap_enable_reg_pp0_iter17">1, 0, 1, 0</column>
<column name="ap_enable_reg_pp0_iter18">1, 0, 1, 0</column>
<column name="ap_enable_reg_pp0_iter19">1, 0, 1, 0</column>
<column name="ap_enable_reg_pp0_iter2">1, 0, 1, 0</column>
<column name="ap_enable_reg_pp0_iter20">1, 0, 1, 0</column>
<column name="ap_enable_reg_pp0_iter21">1, 0, 1, 0</column>
<column name="ap_enable_reg_pp0_iter22">1, 0, 1, 0</column>
<column name="ap_enable_reg_pp0_iter23">1, 0, 1, 0</column>
<column name="ap_enable_reg_pp0_iter24">1, 0, 1, 0</column>
<column name="ap_enable_reg_pp0_iter25">1, 0, 1, 0</column>
<column name="ap_enable_reg_pp0_iter26">1, 0, 1, 0</column>
<column name="ap_enable_reg_pp0_iter27">1, 0, 1, 0</column>
<column name="ap_enable_reg_pp0_iter28">1, 0, 1, 0</column>
<column name="ap_enable_reg_pp0_iter29">1, 0, 1, 0</column>
<column name="ap_enable_reg_pp0_iter3">1, 0, 1, 0</column>
<column name="ap_enable_reg_pp0_iter30">1, 0, 1, 0</column>
<column name="ap_enable_reg_pp0_iter31">1, 0, 1, 0</column>
<column name="ap_enable_reg_pp0_iter32">1, 0, 1, 0</column>
<column name="ap_enable_reg_pp0_iter33">1, 0, 1, 0</column>
<column name="ap_enable_reg_pp0_iter34">1, 0, 1, 0</column>
<column name="ap_enable_reg_pp0_iter35">1, 0, 1, 0</column>
<column name="ap_enable_reg_pp0_iter36">1, 0, 1, 0</column>
<column name="ap_enable_reg_pp0_iter37">1, 0, 1, 0</column>
<column name="ap_enable_reg_pp0_iter38">1, 0, 1, 0</column>
<column name="ap_enable_reg_pp0_iter39">1, 0, 1, 0</column>
<column name="ap_enable_reg_pp0_iter4">1, 0, 1, 0</column>
<column name="ap_enable_reg_pp0_iter40">1, 0, 1, 0</column>
<column name="ap_enable_reg_pp0_iter41">1, 0, 1, 0</column>
<column name="ap_enable_reg_pp0_iter42">1, 0, 1, 0</column>
<column name="ap_enable_reg_pp0_iter43">1, 0, 1, 0</column>
<column name="ap_enable_reg_pp0_iter44">1, 0, 1, 0</column>
<column name="ap_enable_reg_pp0_iter45">1, 0, 1, 0</column>
<column name="ap_enable_reg_pp0_iter46">1, 0, 1, 0</column>
<column name="ap_enable_reg_pp0_iter47">1, 0, 1, 0</column>
<column name="ap_enable_reg_pp0_iter48">1, 0, 1, 0</column>
<column name="ap_enable_reg_pp0_iter49">1, 0, 1, 0</column>
<column name="ap_enable_reg_pp0_iter5">1, 0, 1, 0</column>
<column name="ap_enable_reg_pp0_iter50">1, 0, 1, 0</column>
<column name="ap_enable_reg_pp0_iter51">1, 0, 1, 0</column>
<column name="ap_enable_reg_pp0_iter52">1, 0, 1, 0</column>
<column name="ap_enable_reg_pp0_iter53">1, 0, 1, 0</column>
<column name="ap_enable_reg_pp0_iter54">1, 0, 1, 0</column>
<column name="ap_enable_reg_pp0_iter55">1, 0, 1, 0</column>
<column name="ap_enable_reg_pp0_iter56">1, 0, 1, 0</column>
<column name="ap_enable_reg_pp0_iter57">1, 0, 1, 0</column>
<column name="ap_enable_reg_pp0_iter58">1, 0, 1, 0</column>
<column name="ap_enable_reg_pp0_iter59">1, 0, 1, 0</column>
<column name="ap_enable_reg_pp0_iter6">1, 0, 1, 0</column>
<column name="ap_enable_reg_pp0_iter60">1, 0, 1, 0</column>
<column name="ap_enable_reg_pp0_iter61">1, 0, 1, 0</column>
<column name="ap_enable_reg_pp0_iter62">1, 0, 1, 0</column>
<column name="ap_enable_reg_pp0_iter63">1, 0, 1, 0</column>
<column name="ap_enable_reg_pp0_iter64">1, 0, 1, 0</column>
<column name="ap_enable_reg_pp0_iter65">1, 0, 1, 0</column>
<column name="ap_enable_reg_pp0_iter66">1, 0, 1, 0</column>
<column name="ap_enable_reg_pp0_iter67">1, 0, 1, 0</column>
<column name="ap_enable_reg_pp0_iter68">1, 0, 1, 0</column>
<column name="ap_enable_reg_pp0_iter69">1, 0, 1, 0</column>
<column name="ap_enable_reg_pp0_iter7">1, 0, 1, 0</column>
<column name="ap_enable_reg_pp0_iter70">1, 0, 1, 0</column>
<column name="ap_enable_reg_pp0_iter8">1, 0, 1, 0</column>
<column name="ap_enable_reg_pp0_iter9">1, 0, 1, 0</column>
<column name="byte_count_1_reg_157">14, 0, 14, 0</column>
<column name="byte_count_reg_145">14, 0, 14, 0</column>
<column name="icmp_ln184_reg_327">1, 0, 1, 0</column>
<column name="icmp_ln186_reg_331">1, 0, 1, 0</column>
<column name="output_read_reg_316">64, 0, 64, 0</column>
<column name="p1_addr_reg_346">64, 0, 64, 0</column>
<column name="shl_ln189_2_reg_362">32, 0, 32, 0</column>
<column name="shl_ln189_reg_357">4, 0, 4, 0</column>
<column name="trunc_ln189_1_reg_335">8, 0, 8, 0</column>
<column name="trunc_ln189_reg_322">2, 0, 2, 0</column>
<column name="icmp_ln184_reg_327">64, 32, 1, 0</column>
<column name="icmp_ln186_reg_331">64, 32, 1, 0</column>
</table>
</item>
</section>
</item>
</section>

<section name = "Interface" level="0">
<item name = "Summary"><table name="" hasTotal="0">
<keys size="6">RTL Ports, Dir, Bits, Protocol, Source Object, C Type</keys>
<column name="ap_clk">in, 1, ap_ctrl_hs, lzw_hw_store, return value</column>
<column name="ap_rst">in, 1, ap_ctrl_hs, lzw_hw_store, return value</column>
<column name="ap_start">in, 1, ap_ctrl_hs, lzw_hw_store, return value</column>
<column name="ap_done">out, 1, ap_ctrl_hs, lzw_hw_store, return value</column>
<column name="ap_continue">in, 1, ap_ctrl_hs, lzw_hw_store, return value</column>
<column name="ap_idle">out, 1, ap_ctrl_hs, lzw_hw_store, return value</column>
<column name="ap_ready">out, 1, ap_ctrl_hs, lzw_hw_store, return value</column>
<column name="outstream_dout">in, 16, ap_fifo, outstream, pointer</column>
<column name="outstream_empty_n">in, 1, ap_fifo, outstream, pointer</column>
<column name="outstream_read">out, 1, ap_fifo, outstream, pointer</column>
<column name="m_axi_p1_AWVALID">out, 1, m_axi, p1, pointer</column>
<column name="m_axi_p1_AWREADY">in, 1, m_axi, p1, pointer</column>
<column name="m_axi_p1_AWADDR">out, 64, m_axi, p1, pointer</column>
<column name="m_axi_p1_AWID">out, 1, m_axi, p1, pointer</column>
<column name="m_axi_p1_AWLEN">out, 32, m_axi, p1, pointer</column>
<column name="m_axi_p1_AWSIZE">out, 3, m_axi, p1, pointer</column>
<column name="m_axi_p1_AWBURST">out, 2, m_axi, p1, pointer</column>
<column name="m_axi_p1_AWLOCK">out, 2, m_axi, p1, pointer</column>
<column name="m_axi_p1_AWCACHE">out, 4, m_axi, p1, pointer</column>
<column name="m_axi_p1_AWPROT">out, 3, m_axi, p1, pointer</column>
<column name="m_axi_p1_AWQOS">out, 4, m_axi, p1, pointer</column>
<column name="m_axi_p1_AWREGION">out, 4, m_axi, p1, pointer</column>
<column name="m_axi_p1_AWUSER">out, 1, m_axi, p1, pointer</column>
<column name="m_axi_p1_WVALID">out, 1, m_axi, p1, pointer</column>
<column name="m_axi_p1_WREADY">in, 1, m_axi, p1, pointer</column>
<column name="m_axi_p1_WDATA">out, 32, m_axi, p1, pointer</column>
<column name="m_axi_p1_WSTRB">out, 4, m_axi, p1, pointer</column>
<column name="m_axi_p1_WLAST">out, 1, m_axi, p1, pointer</column>
<column name="m_axi_p1_WID">out, 1, m_axi, p1, pointer</column>
<column name="m_axi_p1_WUSER">out, 1, m_axi, p1, pointer</column>
<column name="m_axi_p1_ARVALID">out, 1, m_axi, p1, pointer</column>
<column name="m_axi_p1_ARREADY">in, 1, m_axi, p1, pointer</column>
<column name="m_axi_p1_ARADDR">out, 64, m_axi, p1, pointer</column>
<column name="m_axi_p1_ARID">out, 1, m_axi, p1, pointer</column>
<column name="m_axi_p1_ARLEN">out, 32, m_axi, p1, pointer</column>
<column name="m_axi_p1_ARSIZE">out, 3, m_axi, p1, pointer</column>
<column name="m_axi_p1_ARBURST">out, 2, m_axi, p1, pointer</column>
<column name="m_axi_p1_ARLOCK">out, 2, m_axi, p1, pointer</column>
<column name="m_axi_p1_ARCACHE">out, 4, m_axi, p1, pointer</column>
<column name="m_axi_p1_ARPROT">out, 3, m_axi, p1, pointer</column>
<column name="m_axi_p1_ARQOS">out, 4, m_axi, p1, pointer</column>
<column name="m_axi_p1_ARREGION">out, 4, m_axi, p1, pointer</column>
<column name="m_axi_p1_ARUSER">out, 1, m_axi, p1, pointer</column>
<column name="m_axi_p1_RVALID">in, 1, m_axi, p1, pointer</column>
<column name="m_axi_p1_RREADY">out, 1, m_axi, p1, pointer</column>
<column name="m_axi_p1_RDATA">in, 32, m_axi, p1, pointer</column>
<column name="m_axi_p1_RLAST">in, 1, m_axi, p1, pointer</column>
<column name="m_axi_p1_RID">in, 1, m_axi, p1, pointer</column>
<column name="m_axi_p1_RUSER">in, 1, m_axi, p1, pointer</column>
<column name="m_axi_p1_RRESP">in, 2, m_axi, p1, pointer</column>
<column name="m_axi_p1_BVALID">in, 1, m_axi, p1, pointer</column>
<column name="m_axi_p1_BREADY">out, 1, m_axi, p1, pointer</column>
<column name="m_axi_p1_BRESP">in, 2, m_axi, p1, pointer</column>
<column name="m_axi_p1_BID">in, 1, m_axi, p1, pointer</column>
<column name="m_axi_p1_BUSER">in, 1, m_axi, p1, pointer</column>
<column name="output_r_dout">in, 64, ap_fifo, output_r, pointer</column>
<column name="output_r_empty_n">in, 1, ap_fifo, output_r, pointer</column>
<column name="output_r_read">out, 1, ap_fifo, output_r, pointer</column>
</table>
</item>
</section>
</profile>
