<profile>

<section name = "Vitis HLS Report for 'lzw_hw_bitpack'" level="0">
<item name = "Date">Thu Dec  1 13:13:05 2022
</item>
<item name = "Version">2020.2 (Build 3064766 on Wed Nov 18 09:12:47 MST 2020)</item>
<item name = "Project">LZW_HW_New</item>
<item name = "Solution">solution1 (Vitis Kernel Flow Target)</item>
<item name = "Product family">zynquplus</item>
<item name = "Target device">xczu3eg-sbva484-1-i</item>
</section>

<section name = "Performance Estimates" level="0">
<item name = "Timing">
<section name = "" level="1">
<item name = "Summary"><table name="" hasTotal="0">
<keys size="4">Clock, Target, Estimated, Uncertainty</keys>
<column name="ap_clk">6.67 ns, 3.301 ns, 1.80 ns</column>
</table>
</item>
</section>
</item>
<item name = "Latency">
<section name = "" level="1">
<item name = "Summary"><table name="" hasTotal="0">
<keys size="8">, min, max, min, max, min, max, Type</keys>
<column name="">7, 16390, 46.669 ns, 0.109 ms, 7, 16390, none</column>
</table>
</item>
<item name = "Detail">
<section name = "" level="1">
<item name = "Instance"><table name="" hasTotal="0">
<keys size="9">Instance, Module, min, max, min, max, min, max, Type</keys>
</table>
</item>
<item name = "Loop"><table name="" hasTotal="0">
<keys size="8">Loop Name, min, max, Latency, achieved, target, Count, Pipelined</keys>
<column name="- VITIS_LOOP_104_1">4, 16386, 3, 2, 1, 1 ~ 8192, yes</column>
</table>
</item>
</section>
</item>
</section>
</item>
</section>

<section name = "Utilization Estimates" level="0">
<item name = "Summary"><table name="" hasTotal="1">
<keys size="6">Name, BRAM_18K, DSP, FF, LUT, URAM</keys>
<column name="DSP">-, -, -, -, -</column>
<column name="Expression">-, -, 0, 116, -</column>
<column name="FIFO">-, -, -, -, -</column>
<column name="Instance">-, -, -, -, -</column>
<column name="Memory">-, -, -, -, -</column>
<column name="Multiplexer">-, -, -, 260, -</column>
<column name="Register">-, -, 101, -, -</column>
<specialColumn name="Available">432, 360, 141120, 70560, 0</specialColumn>
<specialColumn name="Utilization (%)">0, 0, ~0, ~0, 0</specialColumn>
</table>
</item>
<item name = "Detail">
<section name = "" level="1">
<item name = "Instance"><table name="" hasTotal="1">
<keys size="7">Instance, Module, BRAM_18K, DSP, FF, LUT, URAM</keys>
</table>
</item>
<item name = "DSP"><table name="" hasTotal="0">
<keys size="3">Instance, Module, Expression</keys>
</table>
</item>
<item name = "Memory"><table name="" hasTotal="1">
<keys size="10">Memory, Module, BRAM_18K, FF, LUT, URAM, Words, Bits, Banks, W*Bits*Banks</keys>
</table>
</item>
<item name = "FIFO"><table name="" hasTotal="1">
<keys size="8">Name, BRAM_18K, FF, LUT, URAM, Depth, Bits, Size:D*B</keys>
</table>
</item>
<item name = "Expression"><table name="" hasTotal="1">
<keys size="7">Variable Name, Operation, DSP, FF, LUT, Bitwidth P0, Bitwidth P1</keys>
<column name="i_3_fu_222_p2">+, 0, 0, 21, 14, 1</column>
<column name="ap_block_pp0_stage0_01001">and, 0, 0, 2, 1, 1</column>
<column name="ap_block_pp0_stage1_01001">and, 0, 0, 2, 1, 1</column>
<column name="ap_predicate_op105_write_state3">and, 0, 0, 2, 1, 1</column>
<column name="ap_predicate_op112_write_state3">and, 0, 0, 2, 1, 1</column>
<column name="ap_predicate_op115_write_state3">and, 0, 0, 2, 1, 1</column>
<column name="ap_predicate_op124_write_state4">and, 0, 0, 2, 1, 1</column>
<column name="ap_predicate_op127_write_state4">and, 0, 0, 2, 1, 1</column>
<column name="ap_predicate_op130_write_state4">and, 0, 0, 2, 1, 1</column>
<column name="ap_predicate_op133_write_state4">and, 0, 0, 2, 1, 1</column>
<column name="ap_predicate_op84_write_state3">and, 0, 0, 2, 1, 1</column>
<column name="icmp_ln104_fu_216_p2">icmp, 0, 0, 12, 14, 15</column>
<column name="icmp_ln169_fu_680_p2">icmp, 0, 0, 13, 16, 2</column>
<column name="icmp_ln174_fu_755_p2">icmp, 0, 0, 11, 8, 1</column>
<column name="ap_block_state1">or, 0, 0, 2, 1, 1</column>
<column name="ap_block_state3_pp0_stage1_iter0">or, 0, 0, 2, 1, 1</column>
<column name="ap_block_state4_pp0_stage0_iter1">or, 0, 0, 2, 1, 1</column>
<column name="ap_predicate_tran4to5_state3">or, 0, 0, 2, 1, 1</column>
<column name="or_ln118_fu_637_p2">or, 0, 0, 3, 3, 3</column>
<column name="or_ln126_fu_596_p2">or, 0, 0, 6, 6, 6</column>
<column name="or_ln133_fu_555_p2">or, 0, 0, 2, 1, 1</column>
<column name="or_ln141_fu_516_p2">or, 0, 0, 4, 4, 4</column>
<column name="or_ln149_fu_477_p2">or, 0, 0, 7, 7, 7</column>
<column name="or_ln156_fu_436_p2">or, 0, 0, 2, 2, 2</column>
<column name="or_ln163_fu_395_p2">or, 0, 0, 5, 5, 5</column>
<column name="ap_enable_pp0">xor, 0, 0, 2, 1, 2</column>
</table>
</item>
<item name = "Multiplexer"><table name="" hasTotal="1">
<keys size="5">Name, LUT, Input Size, Bits, Total Bits</keys>
<column name="ap_NS_fsm">37, 7, 1, 7</column>
<column name="ap_done">9, 2, 1, 2</column>
<column name="ap_enable_reg_pp0_iter1">9, 2, 1, 2</column>
<column name="ap_phi_mux_i_phi_fu_164_p4">9, 2, 14, 28</column>
<column name="ap_phi_mux_phi_ln155_phi_fu_174_p4">9, 2, 16, 32</column>
<column name="i_reg_160">9, 2, 14, 28</column>
<column name="midstream_blk_n">9, 2, 1, 2</column>
<column name="outstream_blk_n">9, 2, 1, 2</column>
<column name="outstream_din">65, 16, 16, 256</column>
<column name="phi_ln155_reg_171">9, 2, 16, 32</column>
<column name="state_fu_142">43, 8, 3, 24</column>
<column name="temp_fu_138">43, 8, 7, 56</column>
</table>
</item>
<item name = "Register"><table name="" hasTotal="1">
<keys size="5">Name, FF, LUT, Bits, Const Bits</keys>
<column name="ap_CS_fsm">6, 0, 6, 0</column>
<column name="ap_done_reg">1, 0, 1, 0</column>
<column name="ap_enable_reg_pp0_iter0">1, 0, 1, 0</column>
<column name="ap_enable_reg_pp0_iter1">1, 0, 1, 0</column>
<column name="i_3_reg_825">14, 0, 14, 0</column>
<column name="i_reg_160">14, 0, 14, 0</column>
<column name="icmp_ln104_reg_821">1, 0, 1, 0</column>
<column name="icmp_ln169_reg_845">1, 0, 1, 0</column>
<column name="phi_ln155_reg_171">16, 0, 16, 0</column>
<column name="state_1_lcssa_reg_181">3, 0, 8, 5</column>
<column name="state_1_reg_816">3, 0, 8, 5</column>
<column name="state_fu_142">3, 0, 8, 5</column>
<column name="temp_1_lcssa_reg_190">7, 0, 8, 1</column>
<column name="temp_1_reg_797">7, 0, 8, 1</column>
<column name="temp_fu_138">7, 0, 8, 1</column>
<column name="tmp_35_reg_840">16, 0, 16, 0</column>
</table>
</item>
</section>
</item>
</section>

<section name = "Interface" level="0">
<item name = "Summary"><table name="" hasTotal="0">
<keys size="6">RTL Ports, Dir, Bits, Protocol, Source Object, C Type</keys>
<column name="ap_clk">in, 1, ap_ctrl_hs, lzw_hw_bitpack, return value</column>
<column name="ap_rst">in, 1, ap_ctrl_hs, lzw_hw_bitpack, return value</column>
<column name="ap_start">in, 1, ap_ctrl_hs, lzw_hw_bitpack, return value</column>
<column name="ap_done">out, 1, ap_ctrl_hs, lzw_hw_bitpack, return value</column>
<column name="ap_continue">in, 1, ap_ctrl_hs, lzw_hw_bitpack, return value</column>
<column name="ap_idle">out, 1, ap_ctrl_hs, lzw_hw_bitpack, return value</column>
<column name="ap_ready">out, 1, ap_ctrl_hs, lzw_hw_bitpack, return value</column>
<column name="midstream_dout">in, 16, ap_fifo, midstream, pointer</column>
<column name="midstream_empty_n">in, 1, ap_fifo, midstream, pointer</column>
<column name="midstream_read">out, 1, ap_fifo, midstream, pointer</column>
<column name="outstream_din">out, 16, ap_fifo, outstream, pointer</column>
<column name="outstream_full_n">in, 1, ap_fifo, outstream, pointer</column>
<column name="outstream_write">out, 1, ap_fifo, outstream, pointer</column>
</table>
</item>
</section>
</profile>
