<profile>

<section name = "Vitis HLS Report for 'lzw_hw_compute'" level="0">
<item name = "Date">Thu Dec  1 13:13:04 2022
</item>
<item name = "Version">2020.2 (Build 3064766 on Wed Nov 18 09:12:47 MST 2020)</item>
<item name = "Project">LZW_HW_New</item>
<item name = "Solution">solution1 (Vitis Kernel Flow Target)</item>
<item name = "Product family">zynquplus</item>
<item name = "Target device">xczu3eg-sbva484-1-i</item>
</section>

<section name = "Performance Estimates" level="0">
<item name = "Timing">
<section name = "" level="1">
<item name = "Summary"><table name="" hasTotal="0">
<keys size="4">Clock, Target, Estimated, Uncertainty</keys>
<column name="ap_clk">6.67 ns, 4.867 ns, 1.80 ns</column>
</table>
</item>
</section>
</item>
<item name = "Latency">
<section name = "" level="1">
<item name = "Summary"><table name="" hasTotal="0">
<keys size="8">, min, max, min, max, min, max, Type</keys>
<column name="">?, ?, ?, ?, ?, ?, none</column>
</table>
</item>
<item name = "Detail">
<section name = "" level="1">
<item name = "Instance"><table name="" hasTotal="0">
<keys size="9">Instance, Module, min, max, min, max, min, max, Type</keys>
<column name="grp_put_fu_1955">put, 5, 5, 33.335 ns, 33.335 ns, 6, 6, yes</column>
</table>
</item>
<item name = "Loop"><table name="" hasTotal="0">
<keys size="8">Loop Name, min, max, Latency, achieved, target, Count, Pipelined</keys>
<column name="- VITIS_LOOP_42_1">4096, 4096, 2, 2, 1, 2048, yes</column>
<column name="- VITIS_LOOP_26_1">3, 9, 2, 2, 1, 1 ~ 4, yes</column>
<column name="- VITIS_LOOP_65_4">?, ?, 11, 10, 1, ?, yes</column>
<column name="- VITIS_LOOP_26_1">3, 9, 2, 2, 1, 1 ~ 4, yes</column>
</table>
</item>
</section>
</item>
</section>
</item>
</section>

<section name = "Utilization Estimates" level="0">
<item name = "Summary"><table name="" hasTotal="1">
<keys size="6">Name, BRAM_18K, DSP, FF, LUT, URAM</keys>
<column name="DSP">-, -, -, -, -</column>
<column name="Expression">-, -, 0, 546, -</column>
<column name="FIFO">-, -, -, -, -</column>
<column name="Instance">-, -, 284, 896, -</column>
<column name="Memory">128, -, 0, 0, -</column>
<column name="Multiplexer">-, -, -, 6527, -</column>
<column name="Register">-, -, 2625, -, -</column>
<specialColumn name="Available">432, 360, 141120, 70560, 0</specialColumn>
<specialColumn name="Utilization (%)">29, 0, 2, 11, 0</specialColumn>
</table>
</item>
<item name = "Detail">
<section name = "" level="1">
<item name = "Instance"><table name="" hasTotal="1">
<keys size="7">Instance, Module, BRAM_18K, DSP, FF, LUT, URAM</keys>
<column name="mux_832_64_1_1_U24">mux_832_64_1_1, 0, 0, 0, 43, 0</column>
<column name="mux_832_64_1_1_U25">mux_832_64_1_1, 0, 0, 0, 43, 0</column>
<column name="mux_832_64_1_1_U26">mux_832_64_1_1, 0, 0, 0, 43, 0</column>
<column name="mux_832_64_1_1_U27">mux_832_64_1_1, 0, 0, 0, 43, 0</column>
<column name="mux_832_64_1_1_U28">mux_832_64_1_1, 0, 0, 0, 43, 0</column>
<column name="mux_832_64_1_1_U29">mux_832_64_1_1, 0, 0, 0, 43, 0</column>
<column name="grp_put_fu_1955">put, 0, 0, 284, 638, 0</column>
</table>
</item>
<item name = "DSP"><table name="" hasTotal="0">
<keys size="3">Instance, Module, Expression</keys>
</table>
</item>
<item name = "Memory"><table name="" hasTotal="1">
<keys size="10">Memory, Module, BRAM_18K, FF, LUT, URAM, Words, Bits, Banks, W*Bits*Banks</keys>
<column name="hash_table_0_U">lzw_hw_compute_hash_table_0, 16, 0, 0, 0, 8192, 34, 1, 278528</column>
<column name="hash_table_1_U">lzw_hw_compute_hash_table_0, 16, 0, 0, 0, 8192, 34, 1, 278528</column>
<column name="hash_table_2_U">lzw_hw_compute_hash_table_0, 16, 0, 0, 0, 8192, 34, 1, 278528</column>
<column name="hash_table_3_U">lzw_hw_compute_hash_table_0, 16, 0, 0, 0, 8192, 34, 1, 278528</column>
<column name="hash_table_4_U">lzw_hw_compute_hash_table_0, 16, 0, 0, 0, 8192, 34, 1, 278528</column>
<column name="hash_table_5_U">lzw_hw_compute_hash_table_0, 16, 0, 0, 0, 8192, 34, 1, 278528</column>
<column name="hash_table_6_U">lzw_hw_compute_hash_table_0, 16, 0, 0, 0, 8192, 34, 1, 278528</column>
<column name="hash_table_7_U">lzw_hw_compute_hash_table_0, 16, 0, 0, 0, 8192, 34, 1, 278528</column>
</table>
</item>
<item name = "FIFO"><table name="" hasTotal="1">
<keys size="8">Name, BRAM_18K, FF, LUT, URAM, Depth, Bits, Size:D*B</keys>
</table>
</item>
<item name = "Expression"><table name="" hasTotal="1">
<keys size="7">Variable Name, Operation, DSP, FF, LUT, Bitwidth P0, Bitwidth P1</keys>
<column name="add_ln26_1_fu_3346_p2">+, 0, 0, 10, 3, 1</column>
<column name="add_ln26_fu_2647_p2">+, 0, 0, 10, 3, 1</column>
<column name="add_ln27_1_fu_3356_p2">+, 0, 0, 20, 13, 13</column>
<column name="add_ln27_fu_2657_p2">+, 0, 0, 16, 9, 9</column>
<column name="add_ln42_fu_2553_p2">+, 0, 0, 22, 15, 4</column>
<column name="add_ln65_fu_2750_p2">+, 0, 0, 39, 32, 2</column>
<column name="index_1_fu_2774_p2">+, 0, 0, 38, 31, 1</column>
<column name="num_1_fu_3272_p2">+, 0, 0, 39, 32, 1</column>
<column name="and_ln27_1_fu_3178_p2">and, 0, 0, 2, 1, 1</column>
<column name="and_ln27_fu_3160_p2">and, 0, 0, 2, 1, 1</column>
<column name="ap_block_pp2_stage1_11001">and, 0, 0, 2, 1, 1</column>
<column name="ap_block_pp2_stage5_01001">and, 0, 0, 2, 1, 1</column>
<column name="ap_block_state1545_pp2_stage1_iter0">and, 0, 0, 2, 1, 1</column>
<column name="ap_block_state1549_pp2_stage5_iter0">and, 0, 0, 2, 1, 1</column>
<column name="ap_condition_14444">and, 0, 0, 2, 1, 1</column>
<column name="ap_predicate_op3452_write_state1549">and, 0, 0, 2, 1, 1</column>
<column name="ap_predicate_op3455_call_state1549_state1548">and, 0, 0, 2, 1, 1</column>
<column name="icmp_ln27_1_fu_2946_p2">icmp, 0, 0, 24, 51, 51</column>
<column name="icmp_ln27_2_fu_3008_p2">icmp, 0, 0, 24, 51, 51</column>
<column name="icmp_ln27_3_fu_3078_p2">icmp, 0, 0, 24, 51, 51</column>
<column name="icmp_ln27_4_fu_3148_p2">icmp, 0, 0, 24, 51, 51</column>
<column name="icmp_ln27_5_fu_3436_p2">icmp, 0, 0, 24, 51, 51</column>
<column name="icmp_ln27_fu_2741_p2">icmp, 0, 0, 24, 51, 51</column>
<column name="icmp_ln65_fu_2769_p2">icmp, 0, 0, 20, 32, 32</column>
<column name="icmp_ln68_fu_3246_p2">icmp, 0, 0, 12, 13, 2</column>
<column name="icmp_ln83_fu_3288_p2">icmp, 0, 0, 12, 13, 2</column>
<column name="ap_block_state1">or, 0, 0, 2, 1, 1</column>
<column name="or_ln27_1_fu_3184_p2">or, 0, 0, 2, 1, 1</column>
<column name="or_ln27_2_fu_3230_p2">or, 0, 0, 2, 1, 1</column>
<column name="or_ln27_3_fu_3234_p2">or, 0, 0, 2, 1, 1</column>
<column name="or_ln27_4_fu_2813_p2">or, 0, 0, 13, 13, 1</column>
<column name="or_ln27_5_fu_2835_p2">or, 0, 0, 13, 13, 2</column>
<column name="or_ln27_6_fu_2856_p2">or, 0, 0, 13, 13, 2</column>
<column name="or_ln27_fu_3166_p2">or, 0, 0, 2, 1, 1</column>
<column name="or_ln45_1_fu_2559_p2">or, 0, 0, 13, 13, 2</column>
<column name="or_ln45_2_fu_2580_p2">or, 0, 0, 13, 13, 2</column>
<column name="or_ln45_fu_2531_p2">or, 0, 0, 13, 13, 1</column>
<column name="select_ln27_1_fu_3214_p3">select, 0, 0, 13, 1, 13</column>
<column name="select_ln27_2_fu_3222_p3">select, 0, 0, 13, 1, 13</column>
<column name="select_ln27_fu_3198_p3">select, 0, 0, 13, 1, 13</column>
<column name="temp_str_fu_3239_p3">select, 0, 0, 13, 1, 13</column>
<column name="ap_enable_pp2">xor, 0, 0, 2, 1, 2</column>
<column name="xor_ln27_1_fu_3172_p2">xor, 0, 0, 2, 1, 2</column>
<column name="xor_ln27_fu_3154_p2">xor, 0, 0, 2, 1, 2</column>
</table>
</item>
<item name = "Multiplexer"><table name="" hasTotal="1">
<keys size="5">Name, LUT, Input Size, Bits, Total Bits</keys>
<column name="ap_NS_fsm">2693, 1561, 1, 1561</column>
<column name="ap_done">9, 2, 1, 2</column>
<column name="ap_enable_reg_pp2_iter1">9, 2, 1, 2</column>
<column name="ap_phi_mux_curr_str_phi_fu_1877_p4">9, 2, 13, 26</column>
<column name="ap_phi_mux_index_phi_fu_1888_p4">9, 2, 31, 62</column>
<column name="ap_phi_reg_pp2_iter0_prev_str_reg_1920">9, 2, 13, 26</column>
<column name="chunkSize_blk_n">9, 2, 1, 2</column>
<column name="code_reg_1944">9, 2, 13, 26</column>
<column name="curr_assign_1_reg_1896">9, 2, 13, 26</column>
<column name="curr_str_1_fu_1174">14, 3, 13, 39</column>
<column name="curr_str_reg_1873">9, 2, 13, 26</column>
<column name="grp_put_fu_1955_curr">14, 3, 13, 39</column>
<column name="grp_put_fu_1955_input_r">1372, 258, 8, 2064</column>
<column name="grp_put_fu_1955_next_r">1372, 258, 13, 3354</column>
<column name="hash_table_0_address0">37, 7, 13, 91</column>
<column name="hash_table_0_address1">31, 6, 13, 78</column>
<column name="hash_table_0_ce0">14, 3, 1, 3</column>
<column name="hash_table_0_d0">14, 3, 34, 102</column>
<column name="hash_table_0_we0">14, 3, 1, 3</column>
<column name="hash_table_1_address0">37, 7, 13, 91</column>
<column name="hash_table_1_address1">31, 6, 13, 78</column>
<column name="hash_table_1_ce0">14, 3, 1, 3</column>
<column name="hash_table_1_d0">14, 3, 34, 102</column>
<column name="hash_table_1_we0">14, 3, 1, 3</column>
<column name="hash_table_2_address0">37, 7, 13, 91</column>
<column name="hash_table_2_address1">31, 6, 13, 78</column>
<column name="hash_table_2_ce0">14, 3, 1, 3</column>
<column name="hash_table_2_d0">14, 3, 34, 102</column>
<column name="hash_table_2_we0">14, 3, 1, 3</column>
<column name="hash_table_3_address0">37, 7, 13, 91</column>
<column name="hash_table_3_address1">31, 6, 13, 78</column>
<column name="hash_table_3_ce0">14, 3, 1, 3</column>
<column name="hash_table_3_d0">14, 3, 34, 102</column>
<column name="hash_table_3_we0">14, 3, 1, 3</column>
<column name="hash_table_4_address0">37, 7, 13, 91</column>
<column name="hash_table_4_address1">31, 6, 13, 78</column>
<column name="hash_table_4_ce0">14, 3, 1, 3</column>
<column name="hash_table_4_d0">14, 3, 34, 102</column>
<column name="hash_table_4_we0">14, 3, 1, 3</column>
<column name="hash_table_5_address0">37, 7, 13, 91</column>
<column name="hash_table_5_address1">31, 6, 13, 78</column>
<column name="hash_table_5_ce0">14, 3, 1, 3</column>
<column name="hash_table_5_d0">14, 3, 34, 102</column>
<column name="hash_table_5_we0">14, 3, 1, 3</column>
<column name="hash_table_6_address0">37, 7, 13, 91</column>
<column name="hash_table_6_address1">31, 6, 13, 78</column>
<column name="hash_table_6_ce0">14, 3, 1, 3</column>
<column name="hash_table_6_d0">14, 3, 34, 102</column>
<column name="hash_table_6_we0">14, 3, 1, 3</column>
<column name="hash_table_7_address0">37, 7, 13, 91</column>
<column name="hash_table_7_address1">31, 6, 13, 78</column>
<column name="hash_table_7_ce0">14, 3, 1, 3</column>
<column name="hash_table_7_d0">14, 3, 34, 102</column>
<column name="hash_table_7_we0">14, 3, 1, 3</column>
<column name="i_1_reg_1862">9, 2, 3, 6</column>
<column name="i_2_reg_1933">9, 2, 3, 6</column>
<column name="i_reg_1850">9, 2, 15, 30</column>
<column name="index_reg_1884">9, 2, 31, 62</column>
<column name="input_assign_2_reg_1908">9, 2, 8, 16</column>
<column name="instream_blk_n">9, 2, 1, 2</column>
<column name="num_fu_1178">9, 2, 32, 64</column>
<column name="outstream_blk_n">9, 2, 1, 2</column>
<column name="outstream_din">20, 4, 16, 64</column>
<column name="real_start">9, 2, 1, 2</column>
</table>
</item>
<item name = "Register"><table name="" hasTotal="1">
<keys size="5">Name, FF, LUT, Bits, Const Bits</keys>
<column name="add_ln26_1_reg_3888">3, 0, 3, 0</column>
<column name="add_ln26_reg_3487">3, 0, 3, 0</column>
<column name="add_ln65_reg_3555">32, 0, 32, 0</column>
<column name="ap_CS_fsm">1560, 0, 1560, 0</column>
<column name="ap_done_reg">1, 0, 1, 0</column>
<column name="ap_enable_reg_pp2_iter0">1, 0, 1, 0</column>
<column name="ap_enable_reg_pp2_iter1">1, 0, 1, 0</column>
<column name="ap_phi_reg_pp2_iter0_prev_str_reg_1920">13, 0, 13, 0</column>
<column name="chunkSize_read_reg_3449">32, 0, 32, 0</column>
<column name="code_reg_1944">13, 0, 13, 0</column>
<column name="curr_assign_1_reg_1896">13, 0, 13, 0</column>
<column name="curr_str_1_fu_1174">13, 0, 13, 0</column>
<column name="curr_str_2_reg_3569">13, 0, 13, 0</column>
<column name="curr_str_reg_1873">13, 0, 13, 0</column>
<column name="grp_put_fu_1955_ap_start_reg">1, 0, 1, 0</column>
<column name="hash_table_0_load_4_reg_3756">34, 0, 34, 0</column>
<column name="hash_table_0_load_5_reg_3796">34, 0, 34, 0</column>
<column name="hash_table_1_load_4_reg_3761">34, 0, 34, 0</column>
<column name="hash_table_1_load_5_reg_3801">34, 0, 34, 0</column>
<column name="hash_table_2_load_4_reg_3766">34, 0, 34, 0</column>
<column name="hash_table_2_load_5_reg_3806">34, 0, 34, 0</column>
<column name="hash_table_3_load_4_reg_3771">34, 0, 34, 0</column>
<column name="hash_table_3_load_5_reg_3811">34, 0, 34, 0</column>
<column name="hash_table_4_load_4_reg_3776">34, 0, 34, 0</column>
<column name="hash_table_4_load_5_reg_3816">34, 0, 34, 0</column>
<column name="hash_table_5_load_4_reg_3781">34, 0, 34, 0</column>
<column name="hash_table_5_load_5_reg_3821">34, 0, 34, 0</column>
<column name="hash_table_6_load_4_reg_3786">34, 0, 34, 0</column>
<column name="hash_table_6_load_5_reg_3826">34, 0, 34, 0</column>
<column name="hash_table_7_load_4_reg_3791">34, 0, 34, 0</column>
<column name="hash_table_7_load_5_reg_3831">34, 0, 34, 0</column>
<column name="i_1_reg_1862">3, 0, 3, 0</column>
<column name="i_2_reg_1933">3, 0, 3, 0</column>
<column name="i_reg_1850">15, 0, 15, 0</column>
<column name="icmp_ln27_3_reg_3836">1, 0, 1, 0</column>
<column name="icmp_ln27_4_reg_3841">1, 0, 1, 0</column>
<column name="icmp_ln65_reg_3560">1, 0, 1, 0</column>
<column name="icmp_ln68_reg_3856">1, 0, 1, 0</column>
<column name="index_1_reg_3564">31, 0, 31, 0</column>
<column name="index_reg_1884">31, 0, 31, 0</column>
<column name="input_assign_2_reg_1908">8, 0, 8, 0</column>
<column name="num_fu_1178">32, 0, 32, 0</column>
<column name="or_ln27_reg_3846">1, 0, 1, 0</column>
<column name="prev_str_reg_1920">13, 0, 13, 0</column>
<column name="select_ln27_2_reg_3851">13, 0, 13, 0</column>
<column name="sext_ln26_reg_3478">5, 0, 9, 4</column>
<column name="start_once_reg">1, 0, 1, 0</column>
<column name="tmp_10_reg_3457">11, 0, 13, 2</column>
<column name="tmp_14_reg_3483">1, 0, 1, 0</column>
<column name="tmp_17_reg_3590">11, 0, 13, 2</column>
<column name="tmp_1_reg_3933">64, 0, 64, 0</column>
<column name="tmp_22_reg_3879">11, 0, 13, 2</column>
<column name="tmp_23_reg_3884">1, 0, 1, 0</column>
<column name="tmp_25_reg_3577">8, 0, 8, 0</column>
<column name="tmp_reg_3532">64, 0, 64, 0</column>
<column name="trunc_ln27_1_reg_3585">3, 0, 3, 0</column>
<column name="zext_ln24_2_reg_3869">21, 0, 51, 30</column>
<column name="zext_ln24_reg_3468">8, 0, 51, 43</column>
<column name="zext_ln27_4_reg_3874">3, 0, 32, 29</column>
<column name="zext_ln27_reg_3473">3, 0, 32, 29</column>
</table>
</item>
</section>
</item>
</section>

<section name = "Interface" level="0">
<item name = "Summary"><table name="" hasTotal="0">
<keys size="6">RTL Ports, Dir, Bits, Protocol, Source Object, C Type</keys>
<column name="ap_clk">in, 1, ap_ctrl_hs, lzw_hw_compute, return value</column>
<column name="ap_rst">in, 1, ap_ctrl_hs, lzw_hw_compute, return value</column>
<column name="ap_start">in, 1, ap_ctrl_hs, lzw_hw_compute, return value</column>
<column name="start_full_n">in, 1, ap_ctrl_hs, lzw_hw_compute, return value</column>
<column name="ap_done">out, 1, ap_ctrl_hs, lzw_hw_compute, return value</column>
<column name="ap_continue">in, 1, ap_ctrl_hs, lzw_hw_compute, return value</column>
<column name="ap_idle">out, 1, ap_ctrl_hs, lzw_hw_compute, return value</column>
<column name="ap_ready">out, 1, ap_ctrl_hs, lzw_hw_compute, return value</column>
<column name="start_out">out, 1, ap_ctrl_hs, lzw_hw_compute, return value</column>
<column name="start_write">out, 1, ap_ctrl_hs, lzw_hw_compute, return value</column>
<column name="instream_dout">in, 8, ap_fifo, instream, pointer</column>
<column name="instream_empty_n">in, 1, ap_fifo, instream, pointer</column>
<column name="instream_read">out, 1, ap_fifo, instream, pointer</column>
<column name="outstream_din">out, 16, ap_fifo, outstream, pointer</column>
<column name="outstream_full_n">in, 1, ap_fifo, outstream, pointer</column>
<column name="outstream_write">out, 1, ap_fifo, outstream, pointer</column>
<column name="chunkSize_dout">in, 32, ap_fifo, chunkSize, pointer</column>
<column name="chunkSize_empty_n">in, 1, ap_fifo, chunkSize, pointer</column>
<column name="chunkSize_read">out, 1, ap_fifo, chunkSize, pointer</column>
</table>
</item>
</section>
</profile>
