<profile>

<section name = "Vitis HLS Report for 'lzw_hw_load5'" level="0">
<item name = "Date">Thu Dec  1 13:12:44 2022
</item>
<item name = "Version">2020.2 (Build 3064766 on Wed Nov 18 09:12:47 MST 2020)</item>
<item name = "Project">LZW_HW_New</item>
<item name = "Solution">solution1 (Vitis Kernel Flow Target)</item>
<item name = "Product family">zynquplus</item>
<item name = "Target device">xczu3eg-sbva484-1-i</item>
</section>

<section name = "Performance Estimates" level="0">
<item name = "Timing">
<section name = "" level="1">
<item name = "Summary"><table name="" hasTotal="0">
<keys size="4">Clock, Target, Estimated, Uncertainty</keys>
<column name="ap_clk">6.67 ns, 4.867 ns, 1.80 ns</column>
</table>
</item>
</section>
</item>
<item name = "Latency">
<section name = "" level="1">
<item name = "Summary"><table name="" hasTotal="0">
<keys size="8">, min, max, min, max, min, max, Type</keys>
<column name="">2, ?, 13.334 ns, ?, 2, ?, none</column>
</table>
</item>
<item name = "Detail">
<section name = "" level="1">
<item name = "Instance"><table name="" hasTotal="0">
<keys size="9">Instance, Module, min, max, min, max, min, max, Type</keys>
</table>
</item>
<item name = "Loop"><table name="" hasTotal="0">
<keys size="8">Loop Name, min, max, Latency, achieved, target, Count, Pipelined</keys>
<column name="- VITIS_LOOP_93_1">2, ?, 3, 1, 1, 1 ~ ?, yes</column>
</table>
</item>
</section>
</item>
</section>
</item>
</section>

<section name = "Utilization Estimates" level="0">
<item name = "Summary"><table name="" hasTotal="1">
<keys size="6">Name, BRAM_18K, DSP, FF, LUT, URAM</keys>
<column name="DSP">-, -, -, -, -</column>
<column name="Expression">-, -, 0, 91, -</column>
<column name="FIFO">-, -, -, -, -</column>
<column name="Instance">-, -, -, -, -</column>
<column name="Memory">-, -, -, -, -</column>
<column name="Multiplexer">-, -, -, 479, -</column>
<column name="Register">-, -, 151, -, -</column>
<specialColumn name="Available">432, 360, 141120, 70560, 0</specialColumn>
<specialColumn name="Utilization (%)">0, 0, ~0, ~0, 0</specialColumn>
</table>
</item>
<item name = "Detail">
<section name = "" level="1">
<item name = "Instance"><table name="" hasTotal="1">
<keys size="7">Instance, Module, BRAM_18K, DSP, FF, LUT, URAM</keys>
</table>
</item>
<item name = "DSP"><table name="" hasTotal="0">
<keys size="3">Instance, Module, Expression</keys>
</table>
</item>
<item name = "Memory"><table name="" hasTotal="1">
<keys size="10">Memory, Module, BRAM_18K, FF, LUT, URAM, Words, Bits, Banks, W*Bits*Banks</keys>
</table>
</item>
<item name = "FIFO"><table name="" hasTotal="1">
<keys size="8">Name, BRAM_18K, FF, LUT, URAM, Depth, Bits, Size:D*B</keys>
</table>
</item>
<item name = "Expression"><table name="" hasTotal="1">
<keys size="7">Variable Name, Operation, DSP, FF, LUT, Bitwidth P0, Bitwidth P1</keys>
<column name="add_ln93_fu_157_p2">+, 0, 0, 38, 31, 1</column>
<column name="ap_block_state2_io">and, 0, 0, 2, 1, 1</column>
<column name="ap_block_state73_pp0_stage0_iter1">and, 0, 0, 2, 1, 1</column>
<column name="ap_block_state74_pp0_stage0_iter2">and, 0, 0, 2, 1, 1</column>
<column name="icmp_ln93_1_fu_163_p2">icmp, 0, 0, 19, 31, 31</column>
<column name="icmp_ln93_fu_141_p2">icmp, 0, 0, 20, 32, 1</column>
<column name="ap_block_pp0_stage0_01001">or, 0, 0, 2, 1, 1</column>
<column name="ap_block_state1">or, 0, 0, 2, 1, 1</column>
<column name="ap_enable_pp0">xor, 0, 0, 2, 1, 2</column>
<column name="ap_enable_reg_pp0_iter1">xor, 0, 0, 2, 2, 1</column>
</table>
</item>
<item name = "Multiplexer"><table name="" hasTotal="1">
<keys size="5">Name, LUT, Input Size, Bits, Total Bits</keys>
<column name="ap_NS_fsm">389, 74, 1, 74</column>
<column name="ap_done">9, 2, 1, 2</column>
<column name="ap_enable_reg_pp0_iter1">9, 2, 1, 2</column>
<column name="ap_enable_reg_pp0_iter2">9, 2, 1, 2</column>
<column name="chunkSize_out_blk_n">9, 2, 1, 2</column>
<column name="i_reg_130">9, 2, 31, 62</column>
<column name="instream_blk_n">9, 2, 1, 2</column>
<column name="output_out_blk_n">9, 2, 1, 2</column>
<column name="p0_blk_n_AR">9, 2, 1, 2</column>
<column name="p0_blk_n_R">9, 2, 1, 2</column>
<column name="real_start">9, 2, 1, 2</column>
</table>
</item>
<item name = "Register"><table name="" hasTotal="1">
<keys size="5">Name, FF, LUT, Bits, Const Bits</keys>
<column name="ap_CS_fsm">73, 0, 73, 0</column>
<column name="ap_done_reg">1, 0, 1, 0</column>
<column name="ap_enable_reg_pp0_iter0">1, 0, 1, 0</column>
<column name="ap_enable_reg_pp0_iter1">1, 0, 1, 0</column>
<column name="ap_enable_reg_pp0_iter2">1, 0, 1, 0</column>
<column name="i_reg_130">31, 0, 31, 0</column>
<column name="icmp_ln93_1_reg_194">1, 0, 1, 0</column>
<column name="icmp_ln93_1_reg_194_pp0_iter1_reg">1, 0, 1, 0</column>
<column name="icmp_ln93_reg_174">1, 0, 1, 0</column>
<column name="p0_addr_read_reg_198">8, 0, 8, 0</column>
<column name="start_once_reg">1, 0, 1, 0</column>
<column name="trunc_ln93_reg_178">31, 0, 31, 0</column>
</table>
</item>
</section>
</item>
</section>

<section name = "Interface" level="0">
<item name = "Summary"><table name="" hasTotal="0">
<keys size="6">RTL Ports, Dir, Bits, Protocol, Source Object, C Type</keys>
<column name="ap_clk">in, 1, ap_ctrl_hs, lzw_hw_load5, return value</column>
<column name="ap_rst">in, 1, ap_ctrl_hs, lzw_hw_load5, return value</column>
<column name="ap_start">in, 1, ap_ctrl_hs, lzw_hw_load5, return value</column>
<column name="start_full_n">in, 1, ap_ctrl_hs, lzw_hw_load5, return value</column>
<column name="ap_done">out, 1, ap_ctrl_hs, lzw_hw_load5, return value</column>
<column name="ap_continue">in, 1, ap_ctrl_hs, lzw_hw_load5, return value</column>
<column name="ap_idle">out, 1, ap_ctrl_hs, lzw_hw_load5, return value</column>
<column name="ap_ready">out, 1, ap_ctrl_hs, lzw_hw_load5, return value</column>
<column name="start_out">out, 1, ap_ctrl_hs, lzw_hw_load5, return value</column>
<column name="start_write">out, 1, ap_ctrl_hs, lzw_hw_load5, return value</column>
<column name="m_axi_p0_AWVALID">out, 1, m_axi, p0, pointer</column>
<column name="m_axi_p0_AWREADY">in, 1, m_axi, p0, pointer</column>
<column name="m_axi_p0_AWADDR">out, 64, m_axi, p0, pointer</column>
<column name="m_axi_p0_AWID">out, 1, m_axi, p0, pointer</column>
<column name="m_axi_p0_AWLEN">out, 32, m_axi, p0, pointer</column>
<column name="m_axi_p0_AWSIZE">out, 3, m_axi, p0, pointer</column>
<column name="m_axi_p0_AWBURST">out, 2, m_axi, p0, pointer</column>
<column name="m_axi_p0_AWLOCK">out, 2, m_axi, p0, pointer</column>
<column name="m_axi_p0_AWCACHE">out, 4, m_axi, p0, pointer</column>
<column name="m_axi_p0_AWPROT">out, 3, m_axi, p0, pointer</column>
<column name="m_axi_p0_AWQOS">out, 4, m_axi, p0, pointer</column>
<column name="m_axi_p0_AWREGION">out, 4, m_axi, p0, pointer</column>
<column name="m_axi_p0_AWUSER">out, 1, m_axi, p0, pointer</column>
<column name="m_axi_p0_WVALID">out, 1, m_axi, p0, pointer</column>
<column name="m_axi_p0_WREADY">in, 1, m_axi, p0, pointer</column>
<column name="m_axi_p0_WDATA">out, 8, m_axi, p0, pointer</column>
<column name="m_axi_p0_WSTRB">out, 1, m_axi, p0, pointer</column>
<column name="m_axi_p0_WLAST">out, 1, m_axi, p0, pointer</column>
<column name="m_axi_p0_WID">out, 1, m_axi, p0, pointer</column>
<column name="m_axi_p0_WUSER">out, 1, m_axi, p0, pointer</column>
<column name="m_axi_p0_ARVALID">out, 1, m_axi, p0, pointer</column>
<column name="m_axi_p0_ARREADY">in, 1, m_axi, p0, pointer</column>
<column name="m_axi_p0_ARADDR">out, 64, m_axi, p0, pointer</column>
<column name="m_axi_p0_ARID">out, 1, m_axi, p0, pointer</column>
<column name="m_axi_p0_ARLEN">out, 32, m_axi, p0, pointer</column>
<column name="m_axi_p0_ARSIZE">out, 3, m_axi, p0, pointer</column>
<column name="m_axi_p0_ARBURST">out, 2, m_axi, p0, pointer</column>
<column name="m_axi_p0_ARLOCK">out, 2, m_axi, p0, pointer</column>
<column name="m_axi_p0_ARCACHE">out, 4, m_axi, p0, pointer</column>
<column name="m_axi_p0_ARPROT">out, 3, m_axi, p0, pointer</column>
<column name="m_axi_p0_ARQOS">out, 4, m_axi, p0, pointer</column>
<column name="m_axi_p0_ARREGION">out, 4, m_axi, p0, pointer</column>
<column name="m_axi_p0_ARUSER">out, 1, m_axi, p0, pointer</column>
<column name="m_axi_p0_RVALID">in, 1, m_axi, p0, pointer</column>
<column name="m_axi_p0_RREADY">out, 1, m_axi, p0, pointer</column>
<column name="m_axi_p0_RDATA">in, 8, m_axi, p0, pointer</column>
<column name="m_axi_p0_RLAST">in, 1, m_axi, p0, pointer</column>
<column name="m_axi_p0_RID">in, 1, m_axi, p0, pointer</column>
<column name="m_axi_p0_RUSER">in, 1, m_axi, p0, pointer</column>
<column name="m_axi_p0_RRESP">in, 2, m_axi, p0, pointer</column>
<column name="m_axi_p0_BVALID">in, 1, m_axi, p0, pointer</column>
<column name="m_axi_p0_BREADY">out, 1, m_axi, p0, pointer</column>
<column name="m_axi_p0_BRESP">in, 2, m_axi, p0, pointer</column>
<column name="m_axi_p0_BID">in, 1, m_axi, p0, pointer</column>
<column name="m_axi_p0_BUSER">in, 1, m_axi, p0, pointer</column>
<column name="instream_din">out, 8, ap_fifo, instream, pointer</column>
<column name="instream_full_n">in, 1, ap_fifo, instream, pointer</column>
<column name="instream_write">out, 1, ap_fifo, instream, pointer</column>
<column name="input_chunk">in, 64, ap_none, input_chunk, scalar</column>
<column name="chunkSize">in, 32, ap_none, chunkSize, scalar</column>
<column name="output_r">in, 64, ap_none, output_r, scalar</column>
<column name="chunkSize_out_din">out, 32, ap_fifo, chunkSize_out, pointer</column>
<column name="chunkSize_out_full_n">in, 1, ap_fifo, chunkSize_out, pointer</column>
<column name="chunkSize_out_write">out, 1, ap_fifo, chunkSize_out, pointer</column>
<column name="output_out_din">out, 64, ap_fifo, output_out, pointer</column>
<column name="output_out_full_n">in, 1, ap_fifo, output_out, pointer</column>
<column name="output_out_write">out, 1, ap_fifo, output_out, pointer</column>
</table>
</item>
</section>
</profile>
