<profile>

<section name = "Vitis HLS Report for 'put'" level="0">
<item name = "Date">Thu Dec  1 13:12:45 2022
</item>
<item name = "Version">2020.2 (Build 3064766 on Wed Nov 18 09:12:47 MST 2020)</item>
<item name = "Project">LZW_HW_New</item>
<item name = "Solution">solution1 (Vitis Kernel Flow Target)</item>
<item name = "Product family">zynquplus</item>
<item name = "Target device">xczu3eg-sbva484-1-i</item>
</section>

<section name = "Performance Estimates" level="0">
<item name = "Timing">
<section name = "" level="1">
<item name = "Summary"><table name="" hasTotal="0">
<keys size="4">Clock, Target, Estimated, Uncertainty</keys>
<column name="ap_clk">6.67 ns, 4.275 ns, 1.80 ns</column>
</table>
</item>
</section>
</item>
<item name = "Latency">
<section name = "" level="1">
<item name = "Summary"><table name="" hasTotal="0">
<keys size="8">, min, max, min, max, min, max, Type</keys>
<column name="">5, 5, 33.335 ns, 33.335 ns, 6, 6, yes</column>
</table>
</item>
<item name = "Detail">
<section name = "" level="1">
<item name = "Instance"><table name="" hasTotal="0">
<keys size="9">Instance, Module, min, max, min, max, min, max, Type</keys>
</table>
</item>
<item name = "Loop"><table name="" hasTotal="0">
<keys size="8">Loop Name, min, max, Latency, achieved, target, Count, Pipelined</keys>
</table>
</item>
</section>
</item>
</section>
</item>
</section>

<section name = "Utilization Estimates" level="0">
<item name = "Summary"><table name="" hasTotal="1">
<keys size="6">Name, BRAM_18K, DSP, FF, LUT, URAM</keys>
<column name="DSP">-, -, -, -, -</column>
<column name="Expression">-, -, 0, 161, -</column>
<column name="FIFO">-, -, -, -, -</column>
<column name="Instance">-, -, 0, 172, -</column>
<column name="Memory">-, -, -, -, -</column>
<column name="Multiplexer">-, -, -, 305, -</column>
<column name="Register">-, -, 284, -, -</column>
<specialColumn name="Available">432, 360, 141120, 70560, 0</specialColumn>
<specialColumn name="Utilization (%)">0, 0, ~0, ~0, 0</specialColumn>
</table>
</item>
<item name = "Detail">
<section name = "" level="1">
<item name = "Instance"><table name="" hasTotal="1">
<keys size="7">Instance, Module, BRAM_18K, DSP, FF, LUT, URAM</keys>
<column name="mux_832_64_1_1_U8">mux_832_64_1_1, 0, 0, 0, 43, 0</column>
<column name="mux_832_64_1_1_U9">mux_832_64_1_1, 0, 0, 0, 43, 0</column>
<column name="mux_832_64_1_1_U10">mux_832_64_1_1, 0, 0, 0, 43, 0</column>
<column name="mux_832_64_1_1_U11">mux_832_64_1_1, 0, 0, 0, 43, 0</column>
</table>
</item>
<item name = "DSP"><table name="" hasTotal="0">
<keys size="3">Instance, Module, Expression</keys>
</table>
</item>
<item name = "Memory"><table name="" hasTotal="1">
<keys size="10">Memory, Module, BRAM_18K, FF, LUT, URAM, Words, Bits, Banks, W*Bits*Banks</keys>
</table>
</item>
<item name = "FIFO"><table name="" hasTotal="1">
<keys size="8">Name, BRAM_18K, FF, LUT, URAM, Depth, Bits, Size:D*B</keys>
</table>
</item>
<item name = "Expression"><table name="" hasTotal="1">
<keys size="7">Variable Name, Operation, DSP, FF, LUT, Bitwidth P0, Bitwidth P1</keys>
<column name="ap_condition_578">and, 0, 0, 2, 1, 1</column>
<column name="ap_condition_584">and, 0, 0, 2, 1, 1</column>
<column name="ap_condition_590">and, 0, 0, 2, 1, 1</column>
<column name="icmp_ln16_1_fu_682_p2">icmp, 0, 0, 29, 64, 1</column>
<column name="icmp_ln16_2_fu_741_p2">icmp, 0, 0, 29, 64, 1</column>
<column name="icmp_ln16_3_fu_800_p2">icmp, 0, 0, 29, 64, 1</column>
<column name="icmp_ln16_fu_623_p2">icmp, 0, 0, 29, 64, 1</column>
<column name="or_ln16_1_fu_527_p2">or, 0, 0, 13, 13, 2</column>
<column name="or_ln16_2_fu_548_p2">or, 0, 0, 13, 13, 2</column>
<column name="or_ln16_fu_506_p2">or, 0, 0, 13, 13, 1</column>
</table>
</item>
<item name = "Multiplexer"><table name="" hasTotal="1">
<keys size="5">Name, LUT, Input Size, Bits, Total Bits</keys>
<column name="ap_NS_fsm">37, 7, 1, 7</column>
<column name="hash_table_0_address0">31, 6, 13, 78</column>
<column name="hash_table_1_address0">31, 6, 13, 78</column>
<column name="hash_table_2_address0">31, 6, 13, 78</column>
<column name="hash_table_3_address0">31, 6, 13, 78</column>
<column name="hash_table_4_address0">31, 6, 13, 78</column>
<column name="hash_table_5_address0">31, 6, 13, 78</column>
<column name="hash_table_6_address0">31, 6, 13, 78</column>
<column name="hash_table_7_address0">31, 6, 13, 78</column>
<column name="hash_table_addr1_lcssa4_reg_434">20, 4, 2, 8</column>
</table>
</item>
<item name = "Register"><table name="" hasTotal="1">
<keys size="5">Name, FF, LUT, Bits, Const Bits</keys>
<column name="ap_CS_fsm">6, 0, 6, 0</column>
<column name="ap_port_reg_next_r">13, 0, 13, 0</column>
<column name="curr_read_reg_831">13, 0, 13, 0</column>
<column name="hash_table_0_addr_3_reg_922">11, 0, 13, 2</column>
<column name="hash_table_0_addr_4_reg_927">11, 0, 13, 2</column>
<column name="hash_table_1_addr_3_reg_937">11, 0, 13, 2</column>
<column name="hash_table_1_addr_4_reg_942">11, 0, 13, 2</column>
<column name="hash_table_2_addr_3_reg_952">11, 0, 13, 2</column>
<column name="hash_table_2_addr_4_reg_957">11, 0, 13, 2</column>
<column name="hash_table_3_addr_3_reg_967">11, 0, 13, 2</column>
<column name="hash_table_3_addr_4_reg_972">11, 0, 13, 2</column>
<column name="hash_table_4_addr_3_reg_982">11, 0, 13, 2</column>
<column name="hash_table_4_addr_4_reg_987">11, 0, 13, 2</column>
<column name="hash_table_5_addr_3_reg_997">11, 0, 13, 2</column>
<column name="hash_table_5_addr_4_reg_1002">11, 0, 13, 2</column>
<column name="hash_table_6_addr_3_reg_1012">11, 0, 13, 2</column>
<column name="hash_table_6_addr_4_reg_1017">11, 0, 13, 2</column>
<column name="hash_table_7_addr_3_reg_1027">11, 0, 13, 2</column>
<column name="hash_table_7_addr_4_reg_1032">11, 0, 13, 2</column>
<column name="hash_table_addr1_lcssa4_reg_434">2, 0, 2, 0</column>
<column name="icmp_ln16_1_reg_1041">1, 0, 1, 0</column>
<column name="icmp_ln16_2_reg_1045">1, 0, 1, 0</column>
<column name="icmp_ln16_3_reg_1049">1, 0, 1, 0</column>
<column name="icmp_ln16_reg_1037">1, 0, 1, 0</column>
<column name="input_read_reg_826">8, 0, 8, 0</column>
<column name="tmp_5_reg_846">5, 0, 5, 0</column>
<column name="tmp_6_reg_851">11, 0, 13, 2</column>
<column name="tmp_reg_898">34, 0, 34, 0</column>
<column name="trunc_ln12_reg_841">6, 0, 6, 0</column>
<column name="trunc_ln16_reg_836">3, 0, 3, 0</column>
<column name="zext_ln16_reg_910">3, 0, 32, 29</column>
</table>
</item>
</section>
</item>
</section>

<section name = "Interface" level="0">
<item name = "Summary"><table name="" hasTotal="0">
<keys size="6">RTL Ports, Dir, Bits, Protocol, Source Object, C Type</keys>
<column name="ap_clk">in, 1, ap_ctrl_hs, put, return value</column>
<column name="ap_rst">in, 1, ap_ctrl_hs, put, return value</column>
<column name="ap_start">in, 1, ap_ctrl_hs, put, return value</column>
<column name="ap_done">out, 1, ap_ctrl_hs, put, return value</column>
<column name="ap_idle">out, 1, ap_ctrl_hs, put, return value</column>
<column name="ap_ready">out, 1, ap_ctrl_hs, put, return value</column>
<column name="ap_ce">in, 1, ap_ctrl_hs, put, return value</column>
<column name="hash_table_0_address0">out, 13, ap_memory, hash_table_0, array</column>
<column name="hash_table_0_ce0">out, 1, ap_memory, hash_table_0, array</column>
<column name="hash_table_0_we0">out, 1, ap_memory, hash_table_0, array</column>
<column name="hash_table_0_d0">out, 34, ap_memory, hash_table_0, array</column>
<column name="hash_table_0_q0">in, 34, ap_memory, hash_table_0, array</column>
<column name="hash_table_1_address0">out, 13, ap_memory, hash_table_1, array</column>
<column name="hash_table_1_ce0">out, 1, ap_memory, hash_table_1, array</column>
<column name="hash_table_1_we0">out, 1, ap_memory, hash_table_1, array</column>
<column name="hash_table_1_d0">out, 34, ap_memory, hash_table_1, array</column>
<column name="hash_table_1_q0">in, 34, ap_memory, hash_table_1, array</column>
<column name="hash_table_2_address0">out, 13, ap_memory, hash_table_2, array</column>
<column name="hash_table_2_ce0">out, 1, ap_memory, hash_table_2, array</column>
<column name="hash_table_2_we0">out, 1, ap_memory, hash_table_2, array</column>
<column name="hash_table_2_d0">out, 34, ap_memory, hash_table_2, array</column>
<column name="hash_table_2_q0">in, 34, ap_memory, hash_table_2, array</column>
<column name="hash_table_3_address0">out, 13, ap_memory, hash_table_3, array</column>
<column name="hash_table_3_ce0">out, 1, ap_memory, hash_table_3, array</column>
<column name="hash_table_3_we0">out, 1, ap_memory, hash_table_3, array</column>
<column name="hash_table_3_d0">out, 34, ap_memory, hash_table_3, array</column>
<column name="hash_table_3_q0">in, 34, ap_memory, hash_table_3, array</column>
<column name="hash_table_4_address0">out, 13, ap_memory, hash_table_4, array</column>
<column name="hash_table_4_ce0">out, 1, ap_memory, hash_table_4, array</column>
<column name="hash_table_4_we0">out, 1, ap_memory, hash_table_4, array</column>
<column name="hash_table_4_d0">out, 34, ap_memory, hash_table_4, array</column>
<column name="hash_table_4_q0">in, 34, ap_memory, hash_table_4, array</column>
<column name="hash_table_5_address0">out, 13, ap_memory, hash_table_5, array</column>
<column name="hash_table_5_ce0">out, 1, ap_memory, hash_table_5, array</column>
<column name="hash_table_5_we0">out, 1, ap_memory, hash_table_5, array</column>
<column name="hash_table_5_d0">out, 34, ap_memory, hash_table_5, array</column>
<column name="hash_table_5_q0">in, 34, ap_memory, hash_table_5, array</column>
<column name="hash_table_6_address0">out, 13, ap_memory, hash_table_6, array</column>
<column name="hash_table_6_ce0">out, 1, ap_memory, hash_table_6, array</column>
<column name="hash_table_6_we0">out, 1, ap_memory, hash_table_6, array</column>
<column name="hash_table_6_d0">out, 34, ap_memory, hash_table_6, array</column>
<column name="hash_table_6_q0">in, 34, ap_memory, hash_table_6, array</column>
<column name="hash_table_7_address0">out, 13, ap_memory, hash_table_7, array</column>
<column name="hash_table_7_ce0">out, 1, ap_memory, hash_table_7, array</column>
<column name="hash_table_7_we0">out, 1, ap_memory, hash_table_7, array</column>
<column name="hash_table_7_d0">out, 34, ap_memory, hash_table_7, array</column>
<column name="hash_table_7_q0">in, 34, ap_memory, hash_table_7, array</column>
<column name="curr">in, 13, ap_none, curr, scalar</column>
<column name="input_r">in, 8, ap_none, input_r, scalar</column>
<column name="next_r">in, 13, ap_none, next_r, scalar</column>
</table>
</item>
</section>
</profile>
